GENE	eGFR
A1BG	0.56652
A2M	1.8988
NAT1	-0.95398
NAT2	1.6182
SERPINA3	1.5043
AADAC	0.20005
AAMP	5.0523
AANAT	0.29613
AARS1	0.98403
ABAT	-0.16138
ABCA1	2.9828
ABCA2	1.2586
ABCA3	2.219
ABCF1	4.0715
ABCA4	4.7895
ABL1	-1.3654
AOC1	4.0916
ABL2	-0.40223
ABO	6.9467
ABR	0.087968
ACAA1	2.4464
ACACA	-0.21569
ACACB	1.4715
ACADL	4.9887
ACADM	-0.48213
ACADS	3.1918
ACADSB	0.039234
ACADVL	2.38
ACAT1	0.80241
ACAT2	3.0681
ASIC2	-0.34738
ASIC1	3.4228
ACHE	3.4502
ACLY	1.264
ACO1	3.7918
ACR	-0.14844
ACO2	4.5193
ACOX1	3.8617
ACP1	7.4207
ACP2	6.1094
ACP5	-0.46181
ACP3	4.441
ACRV1	1.5677
ACTA1	-0.80663
ACTA2	0.24147
ACTB	0.054284
ACTC1	2.2373
ACTG1	2.8276
ACTG2	4.4975
ACTN4	6.8163
ACTL6A	-0.45389
ACTN1	3.6857
ACTN2	0.83504
ACTN3	5.495
ACVR1	4.2169
ACVR1B	4.821
ACVR2A	6.1094
ACVR2B	7.0603
ACVRL1	6.4426
ACY1	2.9594
ACYP1	4.775
ACYP2	6.275
ADA	-0.30236
ADAM8	0.59814
ADAM10	2.6442
ADAR	2.3397
ADARB1	2.0438
ADARB2	4.3541
ADCY1	1.0506
ADCY2	0.58464
ADCY3	2.1029
ADCY5	4.0661
ADCY6	2.4796
ADCY7	0.54171
ADCY8	-0.027869
ADCY9	2.1551
ADCYAP1	-1.5982
ADCYAP1R1	1.1353
ADD1	2.5628
ADD2	0.8519
ADD3	2.1042
PLIN2	0.1095
ADH1A	1.312
ADH1B	2.5003
ADH1C	2.7641
ADH4	0.29181
ADH5	1.3874
ADH6	2.1007
ADH7	1.9773
ADK	8.1563
ADM	5.1892
ADORA1	3.4911
ADORA2A	4.2749
ADORA2B	1.2474
ADORA3	3.3603
ADPRH	-0.23404
PARP1	-0.56472
PARP4	-0.37641
ADRA1D	1.3253
ADRA1B	0.32697
ADRA1A	-0.62623
ADRA2A	1.076
ADRA2B	5.1407
ADRA2C	1.5542
ADRB1	1.6278
ADRB2	2.559
ADRB3	-1.7539
GRK2	3.5889
GRK3	0.69451
ADSL	6.1094
ADSS2	-0.048725
AP2A1	3.7681
AP2A2	6.0563
AP1B1	2.1991
AP2B1	-0.5683
AP1G1	7.6638
AEBP1	0.021507
TLE5	1.4116
CRISP1	0.51361
AFM	1.0874
AFP	1.8117
AGA	-0.1522
ACAN	-0.38457
AGER	6.1094
AGL	3.3926
AGRP	2.1683
JAG1	5.562
AGT	0.81281
AGTR1	0.56672
APLNR	1.5341
AGXT	2.6992
AHCY	3.6894
AHR	7.0992
AHSG	1.8382
AIF1	7.6008
CRYBG1	-0.81349
AK1	4.936
AK2	0.41042
AK4	1.6257
AKT1	4.5343
AKT2	6.3368
ALAD	2.147
ALAS1	1.8301
ALB	0.83658
ALCAM	1.5243
ALDH1A1	1.547
ALDH2	6.0716
ALDH3A1	1.8733
ALDH1B1	-1.3079
ALDH1A3	-0.40157
ALDH3B1	1.9543
ALDH3B2	1.1251
ALDH9A1	-1.6194
ALDH3A2	4.1829
ABCD2	2.7455
ALDOA	3.4004
ALDOB	1.6123
ALDOC	3.3899
AKR1B1	1.3002
ALK	1.4082
ALOX12	1.4708
ALOX5	5.2488
ALOX5AP	-2.0393
ALOX12B	1.5686
ALOX15	2.1845
ALOX15B	-0.60546
ALPI	-0.13249
ALPL	2.1199
ALPP	1.1478
ALPG	0.16648
ALX3	0.78149
AMBN	-0.9336
AMBP	5.3989
AMD1	3.1775
AMFR	2.1283
AMH	4.4198
AMHR2	5.2052
AMPD1	6.0687
AMPD2	4.1376
AMPD3	4.1699
AMPH	0.2828
BIN1	3.2113
AMT	7.8622
AMY1A	0.80851
AMY1B	-0.8623
AMY1C	-1.4126
AMY2A	-0.52157
AMY2B	-1.0005
ANG	-1.4763
ANGPT1	0.12932
ANGPT2	4.9512
ANK1	0.45201
ANK2	1.4516
ANK3	2.7841
ANPEP	0.97108
SLC25A4	-0.54852
ANXA1	2.0724
ANXA2	1.4137
ANXA3	4.2048
ANXA4	1.6108
ANXA5	0.5451
ANXA6	-0.37753
ANXA7	6.359
ANXA11	6.2249
ANXA13	1.7136
AOAH	-0.48184
AOC2	0.71141
AOX1	0.16421
APAF1	0.2321
NUDT2	3.5238
APOF	3.3521
APBA1	0.51562
APBA2	-0.39959
APBB1	1.8857
APBB2	1.4699
APC	0.60881
APCS	1.3716
AIRE	-0.40824
APEH	6.1094
APEX1	1.3857
BIRC2	0.71413
BIRC3	1.0112
BIRC5	-0.019192
APLP1	2.2901
APLP2	1.146
APOA1	3.9363
APOA2	1.681
APOA4	2.6318
APOB	1.8667
APOBEC1	-0.19988
APOC1	7.8659
AQP8	0.64571
APOC2	-0.27651
APOC3	3.5019
APOC4	0.11114
APOD	1.9267
APOE	7.2734
APOH	0.75533
APP	0.024775
APRT	1.7909
KLK3	0.27124
FAS	1.1639
FASLG	2.0827
AQP1	1.6025
AQP2	0.27256
AQP3	3.6479
AQP4	6.1094
AQP5	-0.31783
AQP6	-0.35985
AQP7	2.2243
AQP9	0.66163
ABCC6	1.671
ARCN1	1.8508
TRIM23	3.3691
AREG	1.4191
ARF1	5.3008
ARF3	3.6263
ARF4	4.7736
ARL4D	4.1767
ARF5	5.5978
ARF6	0.48346
ARG1	6.1094
ARG2	6.6452
RHOA	6.9988
RHOB	1.1373
RHOC	6.1094
RND3	1.249
RHOG	-0.4647
ARHGAP1	4.5096
ARHGAP5	0.28715
ARHGDIA	2.0984
ARHGDIB	4.7141
ARHGDIG	4.5502
RHOH	-0.46543
ARL1	0.4369
PHOX2A	0.91584
ARL2	2.018
ARL3	5.0215
ARNT	6.9287
BMAL1	2.298
ARRB1	1.3715
ARRB2	3.3809
ARSA	1.9377
ARSB	2.853
ART1	-1.8606
ART3	6.3965
ART4	5.8974
ARVCF	3.8424
ASAH1	1.4666
ASCL1	-1.2586
ASCL2	3.2518
ASGR1	0.30108
ASGR2	-0.046362
ASIP	2.2898
ASL	4.8929
GET3	3.7048
ASNS	0.56209
ASPA	0.38822
ASPH	2.8158
ASS1	1.6777
ASTN1	2.3561
SERPINC1	0.17324
ZFHX3	7.6511
ATF1	5.0478
ATF3	1.5245
ATF4	0.56439
ATIC	1.0852
ATM	1.6648
RERE	6.1604
ATOH1	-0.055043
ATOX1	0.037229
ATP1A1	0.61869
ATP1A2	1.3254
ATP1A3	2.299
ATP12A	6.9933
ATP1A4	0.34259
ATP1B1	4.4129
ATP1B2	5.5515
ATP1B3	6.9811
FXYD2	4.1199
ATP2A1	4.7152
ATP2A2	1.4603
ATP2A3	1.5083
ATP2B1	4.4817
ATP2B2	3.6783
ATP2B4	-0.44895
ATP4A	1.3781
ATP4B	-0.95206
ATP5F1A	0.32426
ALDH7A1	0.034936
ATP5F1B	4.94
ATP5F1C	0.40381
ATP5F1D	6.3589
ATP5F1E	1.7054
ATP5PB	-0.0078625
ATP5MC1	5.6594
ATP5MC2	5.5556
ATP5MC3	-0.067653
ATP5ME	-0.088968
ATP5PF	1.0603
ATP6V1A	0.014243
ATP6V1B1	4.9117
ATP6V1B2	0.090446
ATP6V0C	2.3835
ATP6V1C1	-0.79095
ATP6V1E1	1.8023
ATP6V0B	2.2382
ATP6V1G2	7.049
ATP6V0A1	3.3045
ATP5PO	6.4123
ATP7B	-1.4032
ATR	5.9355
KIF1A	1.3902
AUH	-1.3455
AUP1	3.8099
AVP	1.99
AVPR1A	1.7289
AVPR1B	0.15615
AXL	-0.41152
AZGP1	2.1926
AZU1	3.8501
B2M	1.9829
BAAT	1.4994
BACH1	5.622
BAD	2.0721
BAG1	0.57074
ADGRB1	0.33009
ADGRB2	0.85143
ADGRB3	1.9619
BAK1	4.7227
NKX3-2	1.8738
BARD1	0.1648
BAX	1.3147
BBS1	5.3774
BBS2	1.7632
BBS4	1.1073
BCAT1	0.32279
BCAT2	2.7646
BCHE	-0.4992
BCKDHA	-0.89133
BCKDHB	0.37517
CCND1	3.207
BCL2	3.2052
BCL2A1	1.6025
BCL2L1	3.1712
BCL2L2	-0.43117
BCL3	2.6143
BCL6	4.0507
BCL7A	3.3599
BCL9	0.55755999999999994
TNFRSF17	1.427
HCN2	0.79585
OPN1SW	2.267
BCR	1.878
BCS1L	4.9954
BDH1	0.72884
BDKRB1	0.40759
BDKRB2	3.4846
BDNF	-0.33329
CFB	6.57
BFSP1	-0.40282
BGLAP	7.6255
CEACAM1	1.0079
BHMT	5.9308
BICD1	1.1664
BID	1.2062
BIK	2.6926
PRDM1	-0.75482
BLK	8.4862
BLM	0.29073
BLMH	3.5074
CXCR5	2.4072
BLVRA	4.2755
BLVRB	3.7443
BNC1	2.4266
BMI1	-1.0515
BMP1	0.8576
BMP2	-0.46515
BMP3	1.0692
BMP4	7.7092
BMP5	6.5362
BMP6	6.1382
BMP7	4.0914
BMP8B	0.68487
BMPR1A	-0.20266
BMPR1B	4.8821
BMPR2	3.8453
POLR3D	-0.53595
BNIP1	2.561
BNIP2	1.0059
BNIP3	3.212
BNIP3L	-0.14429
BOK	2.158
DST	1.1301
FOXL2	-0.017034
BPGM	2.8823
BPHL	-0.06409
BPI	0.40703
BRCA1	5.2591
BRAF	4.1122
BRCA2	-1.0801
BRDT	1.332
ZFP36L1	6.1943
ZFP36L2	6.1094
BSG	1.6915
BST1	1.9507
BST2	-0.27944
BTC	-0.14811
BTD	2.3998
KLF9	0.20518
KLF5	6.8064
BTF3	1.8981
BTG1	1.6336
BTN1A1	6.9206
BUB1	1.696
BUB1B	3.5912
BYSL	0.79735
TSPO	0.62368
C1QBP	0.15238
SERPING1	4.6171
C1QA	0.94308
C1QB	1.0642
C1QC	1.0731
C1S	3.5094
C2	7.4426
C3	1.4997
C3AR1	-0.10611
C4A	6.4101
C4B	5.2969
C4BPA	1.9423
C4BPB	3.0914
CAPN5	0.41743
C5	2.8106
C5AR1	-1.9468
C6	0.1472
C7	0.55246
C8A	2.4294
C8B	2.0772
C8G	1.8722
OSGIN2	3.0395
C9	8.119
VPS51	2.5988
MRPL49	3.0358
ZNHIT2	3.0042
MPPED2	5.9406
MYRF	1.6717
TMEM258	2.5003
DAGLA	0.41336
FMNL1	2.8608
LDLRAD4	4.7017
PTTG1IP	2.3531
CFAP410	-2.0083
TMEM50B	2.5532
MPPED1	0.091403
CA1	5.4401
CA2	6.213
CA3	6.3498
CA4	2.5244
CA5A	0.5279
CA6	1.2955
CA7	2.6961
CA8	1.42
CA9	1.433
CA11	2.9269
CA12	7.3005
CACNA1A	1.8739
CACNA1B	1.1237
CACNA1C	4.624
CACNA1D	1.6528
CACNA1E	1.0231
CACNA1S	5.3878
DDR1	6.4758
CACNA2D1	1.0688
CACNB1	7.021
CACNB2	3.2169
CACNB3	5.9727
CACNB4	1.8836
CACNG1	0.86035
SLC25A20	4.8912
CAD	6.1094
CALB1	2.6659
CALB2	3.5566
CALCA	0.87771
CALCB	0.49903
CALCR	3.0516
CALD1	3.2878
CALM1	2.5389
CALM2	0.40905
CALM3	0.85808
CALML3	0.53254
CALR	7.7115
CALU	1.9596
CAMK4	0.53709
CAMK2A	3.9323
CAMK2B	2.1153
CAMK2D	-0.16608
CAMK2G	6.1812
CAMLG	0.74161
CAMP	4.6371
CANX	1.087
CAPG	3.6264
CAPN1	2.6447
CAPN2	3.8943
CAPN3	1.7027
CAPNS1	2.0346
CAPS	-1.2926
CAPZA1	3.7263
CAPZA2	-1.4248
CAST	1.0301
CAPZB	2.8242
CARS1	4.165
CASP1	0.63023
CASP2	1.2068
CASP3	-0.20309
CASP4	-1.1161
CASP5	0.28132
CASP6	1.585
CASP7	2.3204
CASP8	1.6486
CASP9	7.2874
CASP10	2.0402
CASQ1	2.7361
CASQ2	2.7198
CASR	6.3016
CAT	0.47241
CAV1	0.31867
CAV2	-0.46693
CAV3	0.95625
RUNX2	6.7947
RUNX1	1.1832
RUNX1T1	3.4572
CBFA2T3	6.2624
RUNX3	3.667
CBFB	2.021
SERPINA6	2.3722
CBL	5.6731
CBLB	6.5786
CBLN1	0.12536
SERPINH1	2.9935
CBR1	5.342
CBR3	2.5333
CBS	4.1357
CCIN	2.1206
KYAT1	2.7983
CCK	-1.3665
CCKAR	2.0744
CCKBR	0.47957
KRIT1	3.1713
CCNA2	1.6084
CCNB1	6.7964
CCNC	3.7615
CCND2	3.9656
CCND3	4.3373
CCNE1	3.7943
CCNF	1.9381
CCNG1	0.42124
CCNG2	1.0446
CCNH	0.9785
CCNT1	2.7263
CCNT2	4.6487
CCT6A	7.3804
CD1A	0.20316
CD1B	-1.3151
CD1C	-1.0014
CD1D	-0.26443
CD1E	0.56743
CD2	-0.32224
CD3D	2.9663
CD3E	0.99128
CD3G	2.7913
CD247	0.27455
CD4	0.66203
CD5	0.13973
CD5L	3.6622
CD6	-0.0024816
CD7	-0.93496
CD8A	0.90506
CD8B	1.4328
CD9	-1.0733
CD14	1.2892
CD19	3.8581
MS4A1	-0.7922
MS4A3	0.63117
CD22	0.63405
CD27	-0.39894
CD28	0.93883
CD80	2.8207
CD86	5.7351
TNFRSF8	-1.2673
TNFSF8	-0.69249
CD33	-0.20743
SIGLEC6	0.65329
CD34	4.3817
CD36	0.6089
SCARB1	1.7298
SCARB2	6.4193
CD37	0.4919
CD38	-2.0035
ENTPD1	1.2322
ENTPD2	1.0685
ENTPD6	4.5852
ENTPD3	2.186
ENTPD5	1.3977
CD40	2.2657
CD44	1.3716
CD47	1.2042
CD48	0.63311
CD53	0.10572
CD58	0.50651
CD59	0.60806
CD63	1.7974
CD68	5.851
CD69	1.158
CD70	0.079549
CD72	0.76722
CD74	0.36339
CD79A	-0.33892
CD79B	0.37393
CD81	-0.29301
ADGRE5	1.1948
CD151	1.34
CDA	1.0401
CDK1	0.23051
CDK11B	1.5259
LRBA	1.6277
CDC5L	0.17223
SEPTIN7	-0.44531
CDC6	5.9978
CDC20	1.5
CDC25A	4.476
CDC25B	0.83941
CDC25C	4.7509
CDC27	3.0097
CDC34	-0.25861
CDC42	0.11408
CDH1	4.2615
CDH2	0.66484
CDH3	4.6073
CDH4	0.58399
CDH5	0.13182
CDH6	-0.081293
CDH7	-0.64512
CDH8	2.7127
CDH9	-0.18245
CDH10	-1.3428
CDH11	2.4036
CDH12	-1.9152
CDH13	0.86634
CDH15	6.2222
CDH16	1.8043
CDH17	0.64055
CDH18	-1.5816
CDK2	1.7704
CDK3	0.9879
CDK4	1.5886
CDK5	5.2584
CDK6	1.4013
CDK7	7.132
CDK8	1.7915
CDK9	0.8647
CDKN1A	4.4713
CDKN1B	2.6371000000000002
CDKN1C	3.5406
CDKN2A	2.6066
CDKN2B	3.532
CDKN2C	4.4485
CDKN2D	0.11869
CDKN3	1.1158
CDO1	2.3011
CDR2	1.1815
CDS1	2.3294
CDSN	5.9259
CD52	3.0022
CDX1	1.5778
CDX2	2.0215
CLGN	-0.69924
CEACAM5	0.44677
CEBPA	2.1457
CEBPB	-0.090153
CEBPD	-1.1058
CEBPE	2.2111
CEBPG	1.6976
CEL	1.2834
CENPA	1.1233
CENPB	1.8265
CENPC	0.99074
CENPE	7.0345
CENPF	4.2121
CES1	0.64103
CETN1	0.11627
CETN2	-0.90777
CETN3	1.0188
CETP	1.0498
CFL1	5.987
CFL2	5.2523
CTSC	0.15042
CFTR	0.82931
CGA	2.2828
CGB3	1.3024
CEACAM3	-1.3937
CEACAM7	-0.77028
CEACAM8	1.463
CEACAM4	0.47999000000000003
CHAD	4.6018
RCBTB2	3.637
CHAT	6.6931
RCC1	0.81205
CHD1	0.89434
CHD2	5.578
CHD3	5.7843
CHD4	3.2758
AKR1C4	1.2706
CHEK1	1.1057
FOXN3	2.4868
CHGA	6.1094
CHGB	1.1568
CHI3L1	0.40645
CHI3L2	-1.355
CHIT1	-0.76188
CHKA	0.13488
CHKB	2.1535
CHML	-0.79742
CHN1	0.04067
CHN2	-0.090672
CHRM1	4.2399
CHRM2	2.5263
LYST	0.21389
CHRM3	-0.81987
CHRM4	4.0206
CHRM5	0.55578
CHRNA1	1.3217
CHRNA2	1.1777
CHRNA3	1.2235
CHRNA4	2.4513
CHRNA5	0.96363
CHRNA7	-1.3623
CHRNB1	2.8659
CHRNB2	1.6609
CHRNB3	-0.18462
CHRNB4	3.6217
CHRND	-1.0875
CHRNE	3.6811
CHRNG	-1.5928
CHUK	1.6257
CIDEA	0.26154
CKB	4.2817
CIRBP	2.3766
CISH	2.3295
TBCB	2.0927
CKM	1.8778
CKMT1B	3.1322
CKMT2	-1.1146
ERCC8	2.9794
CKS1B	2.6289
CKS2	0.30221
AP2M1	3.0173
AP1S1	2.7082
AP2S1	0.34876
AP3S1	1.6536
CLC	1.324
CLCA1	0.54588
CLCN1	1.8522
CLCN2	3.2108
CLCN3	0.43268
CLCN6	0.60988
CLCN7	1.6362
CLCNKA	6.0191
CLCNKB	4.6279
CLU	1.17
CLIC1	6.1094
CLK1	1.4317
CLK2	3.2613
CLK3	5.2502
TPP1	0.80129
CLN3	3.8469
CLN5	0.008934
CLNS1A	4.0492
CLPS	0.50203
CLPTM1	-0.66859
CLTA	2.5449
CLTB	2.12
CLTC	4.3069
CMA1	-0.8086
CCR1	2.6064
CCR3	2.3602
CCR4	-0.76158
CCR5	4.4331
CCR6	0.091947
CCR7	0.37842
CCR8	1.6624
ACKR2	0.0019258
CMKLR1	2.0049
LTB4R	2.7922
ABCC2	5.9947
CNGB1	-0.79584
CNGA1	-0.85851
CNGA3	1.3058
CNGA4	-0.11683
PLK3	-0.57081
CNN1	-0.58875
CNN2	1.6636
CNN3	0.51552
CNP	1.1966
CNR1	0.27648
CNR2	2.4804
CNTF	2.1246
CNTFR	3.1779
CNTN1	-0.39539
COL1A1	1.3158
COL1A2	2.1215
COL2A1	3.3747
COL3A1	2.1325
COL4A1	4.0442
COL4A2	8.0047
COL4A3	0.027772
COL4A4	0.10898
COL5A1	2.6037
COL5A2	2.3824
COL6A1	-0.012056
COL6A2	2.0552
COL6A3	0.82096
COL7A1	3.8585
COL8A1	6.3023
COL8A2	0.96936
COL9A1	0.32961
COL9A2	1.3254
COL9A3	0.79658
COL10A1	4.4624
COL11A1	0.13423
COL11A2	2.3203
COL12A1	-0.31531
COL13A1	0.19514
COL15A1	1.6275
COL16A1	3.6978
COL17A1	0.63175
COL19A1	1.0061
COMP	6.1094
COMT	3.2004
COPA	2.7046
COPB1	2.3152
KLF6	2.45
SLC31A1	0.43233
SLC31A2	1.2075
CORT	2.2617
MAP3K8	1.7184
COX4I1	1.5621
COX5B	-0.60296
COX6A1	3.7022
COX6A2	0.12438
COX6B1	3.1183
COX6C	0.5143
COX7A1	2.1735
COX7A2	-1.6644
COX7C	-1.0562
COX8A	2.7677
COX10	-0.88561
COX11	0.84737
COX15	3.3301
CP	0.39292
CPA1	0.37045
CPA2	0.90085
CPA3	-0.18011
CPB1	0.97946
CPB2	2.0554
CPD	1.7389
CPE	1.3313
CLDN4	2.1394
CLDN3	2.8415
CLDN7	1.3428
CPM	-1.971
CPN1	4.9901
CPN2	-0.0029693
CPOX	0.24597
CPS1	8.7884
CPT1A	2.183
CPT1B	2.3596
CPT2	-0.56072
CR1	4.0897
CR1L	5.8236
CR2	2.9447
CRABP1	2.5908
CRABP2	1.4459
CRAT	1.2645
CREB1	6.9212
ATF2	1.002
CREBBP	3.1565
ATF6B	7.4146
CREBL2	1.7428
CREM	1.061
CRH	0.74203
CRHBP	1.5817
CRHR1	0.47999000000000003
CRHR2	1.3686
CRIP1	0.19047
CRIP2	0.12548
CRK	0.87335
CRKL	1.6542
CRMP1	0.90829
CRP	-2.2929
HAPLN1	-0.40921
CRX	0.62058
CRY1	2.0262
CRY2	1.0913
CRYAA	-0.49027
CRYAB	4.4689
CRYBA1	2.6079
CRYBA2	0.43266
CRYBA4	1.6021
CRYBB1	1.5171
CRYBB2	0.34095
CRYBB3	1.4294
CRYGA	1.0397
CRYGB	0.037504
CRYGC	-0.09397
CRYGD	-0.031764
CRYGS	2.9129
CRYM	4.657
CRYZ	1.324
CS	4.3426
MAPK14	1.6621
CSE1L	0.65276
CSF1	2.8507
CSF1R	-0.44519
CSF2	4.0536
CSF2RB	-0.42017
CSF3	6.2623
CSF3R	0.15104
CSH1	-0.88779
CSH2	-1.0852
CSHL1	-0.26204
CSK	7.7259
CSN1S1	-0.29437
CSN2	-0.44667
CSN3	0.92453
CSNK1A1	0.75978
CSNK1D	2.386
CSNK1E	0.16852
CSNK1G2	-0.67505
CSNK1G3	4.4568
CSNK2A1	-0.89431
CSNK2A2	2.4608
CSNK2B	6.1094
VCAN	2.1899
NCAN	2.3465
CSPG4	6.1094
CSRP1	1.3137
CSRP2	2.9616
SLC25A10	6.1094
CST1	-0.62295
CST2	-0.91274
CST3	1.6524
CST4	0.8029
CST5	1.0195
CST6	7.3012
CSTA	4.8007
CSTB	-0.28389
CSTF1	1.522
CSTF3	3.0444
NKX2-5	2.8679
CTBS	0.052713
CTBP1	6.0876
CTBP2	5.799
CTF1	1.7877
CCN2	0.6358
CTH	0.37145
CTLA4	-0.2612
CTNNA1	1.9618
CTNNA2	-0.78799
CTNS	0.78683
CTNNB1	0.32557
CTNND1	6.3783
CTNND2	0.93713
CTPS1	2.1454
CTRB1	1.7242
CTRL	1.1423
CTSB	6.6719
CTSD	4.381
CTSE	-0.81158
CTSG	0.6407
CTSH	4.7892
CTSK	6.6544
CTSL	-0.75955
CTSV	0.083842
CTSO	0.34996
CTSS	5.4791
CTSW	5.9925
CTSZ	2.747
CUX1	9.1718
CX3CR1	1.6206
CXADR	1.921
CYB5A	5.6281
CYB561	0.74333
CYBA	4.1668
CYC1	2.2374
CYLC2	-0.59922
CYLD	-0.53917
CYP1A1	6.8786
CYP1A2	6.6145
CYP1B1	-0.32736
CYP2A6	6.6846
CYP2A7	2.8868
CYP3A7	3.5287
CYP2A13	0.20208
CYP2B6	2.7905
CYP2C19	1.5155
CYP2C8	1.6603
CYP2C9	2.4722
CYP2C18	1.1653
CYP2D6	7.6954
CYP2E1	1.6761
CYP2F1	1.1473
CYP2J2	-0.57094
CYP3A4	2.245
CYP3A5	2.4501
CYP4A11	0.15593
CYP4B1	-0.14405
CYP7A1	2.2744
CYP8B1	-1.1742
CYP11A1	5.1527
CYP11B1	1.5216
CYP11B2	2.3736
CYP17A1	4.5317
CYP19A1	3.5676
CYP21A2	7.0121
CYP24A1	7.5386
CYP26A1	6.1094
CYP27A1	4.6349
CYP27B1	1.1071
CYP51A1	2.8195
DAB1	0.93095
DAB2	8.1823
DACH1	5.1387
DAD1	-0.8712
CD55	1.843
DAG1	6.9247
DGKA	1.3221
DGKB	2.8431
DGKG	1.8538
DGKQ	4.7826
DAO	0.13158
DAP	-1.1987
DAPK1	2.8025
DAPK3	6.8708
DARS1	0.69604
DAXX	3.6944
DAZL	1.0957
BRINP1	-0.46201
DBH	0.23778
DBI	1.2746
DBN1	6.0564
DBP	2.2022
DBT	2.0795
DCC	0.76372
ECI1	0.61240000000000006
DCK	-0.57928
DCN	0.63916
DCTD	0.23962
ACE	2.9483
DCT	1.7016
DCTN1	3.6946
DDB1	1.8847
DDB2	6.1094
DDC	2.9145
AKR1C1	1.2058
AKR1C2	1.4195
GADD45A	1.6352
DDIT3	3.1371000000000002
DDOST	0.60614
DDT	1.0426
DDX1	6.3498
DDX5	1.1381
DDX6	4.074
DMXL1	3.9504
DHX8	2.6488
DHX9	2.9639
DDX10	1.6227
DDX11	1.3007
DHX15	0.67925
DECR1	2.4117
DEFA1	-0.33412
DEFA3	0.034795
DEFA4	1.5104
DEFA5	-0.37529
DEFA6	1.6487
DEFB1	0.57423
DES	4.2395
CFD	0.11081
DFFA	3.3651
DFFB	3.8807
GSDME	-0.23347
COCH	5.8052
DGUOK	1.9751
DHCR7	1.7072
DHCR24	-0.3545
DHFR	5.8168
DHODH	2.2001
DHPS	2.5026
CYB5R3	6.2607
NQO1	6.8356
DIAPH1	3.3821
SEPTIN1	4.4194
DIO1	1.153
DIO2	6.3643
DIO3	0.53692
DLAT	4.0632
DLD	0.34949
DLG1	7.3176
DLG2	2.4329
DLG4	1.9666
DLST	1.045
DLX1	-0.19156
DLX2	-0.50169
DLX3	0.51628
DLX4	0.14284
DLX5	1.362
DLX6	1.4064
DMBT1	2.171
SARDH	1.3368
DMP1	3.9081
DNM1	1.3771
DMPK	3.2726
DMRT1	1.5104
DMWD	3.499
DNA2	6.5538
DNAH5	0.076699
DNAH6	-0.74243
DNAH8	0.45613
DNAH9	-2.7245
DNASE1	4.5003
DNASE1L2	1.1691
DNASE1L3	3.7116
DNASE2	4.41
DYNC1H1	2.9844
DYNC1I1	1.2613
DYNC1I2	2.865
DYNC1LI2	2.6088
DNM2	0.71504
DNMT1	1.4855
TRDMT1	2.86
DNMT3A	4.296
DNMT3B	4.7826
DNTT	1.001
DOCK1	3.0529
DOCK2	-0.14456
DOCK3	2.7093
DOK1	1.6905
DXO	7.0428
DPAGT1	6.4422
DPEP1	7.1345
DPH1	3.0486
DPH2	2.1387
DPP4	1.1627
DPT	2.6991
DPYD	2.7873
DPYS	-0.18151
DPYSL2	0.56795
DPYSL3	-1.176
DR1	4.0572
SLC26A3	-0.37067
DRD1	0.17263
DRD2	2.0502
DRD3	0.64543
DRD4	0.42832
DRD5	0.80768
DRG2	4.8263
ARID3A	1.0702
ATN1	3.9406
DSC1	0.050577
DSC2	0.10059
DSC3	0.50225
DSCAM	1.1631
RCAN1	0.16582
DSG1	0.83915
DSG2	0.73933
DSG3	0.13445
DSP	1.338
EPYC	1.4214
DSPP	1.191
SLC26A2	0.31947
DTNA	2.8297
DTNB	3.2022
HBEGF	0.76633
DTX1	-1.3171
DTYMK	0.099812
ECM2	4.5136
DUSP1	0.62126
DUSP2	5.9978
DUSP3	0.36803
DUSP4	-0.16017
DUSP5	0.79802
DUSP6	5.2773
DUSP7	2.4301
DUSP8	0.66071
DUT	0.17675
DVL1	0.97276
DVL2	2.0174
DVL3	2.6415
DYRK1A	3.6734
TOR1A	3.338
E2F1	4.5128
E2F2	4.7255
E2F3	8.1629
E2F4	1.4911
E2F5	4.6016
E2F6	1.342
E4F1	1.6808
EBF1	4.5458
GPR183	2.6664
ECE1	3.172
TYMP	3.6534
ECH1	5.1859
ECHS1	-0.65063
ECM1	6.1094
ECT2	1.2653
S1PR1	0.1731
LPAR1	1.0777
S1PR3	3.0183
EDN1	3.3499
EDN2	1.9078
EDN3	-0.58347
EDNRA	2.1155
EDNRB	0.60473
PHC1	3.6315
PHC2	2.1053
EEF1A1	0.3471
EEF1A2	2.9493
EEF1B2	2.0924
EEF1D	0.92198
EEF1G	-0.28346
EEF2	6.1408
EIF2D	0.97579
EFNA1	6.7185
EFNA2	0.93381
EFNA3	6.3791
EFNA4	6.6966
EFNA5	0.80893
EFNB2	-1.7619
EFNB3	0.22954
EGF	0.61603
CELSR3	6.2209
CELSR2	7.1748
MEGF6	-0.40013
MEGF8	3.7049
MEGF9	4.0455
EGFR	2.0269
EGR1	1.7077
EGR2	4.3819
EGR3	6.1094
EGR4	5.2004
EHHADH	3.1589
EIF2S1	0.2581
EIF2B1	3.1556
EPHA2	1.8341
EIF4A1	5.9894
EIF4A2	2.1321
EIF4B	1.7133
EIF4E	0.75734
EIF4EBP1	-0.88751
EIF4EBP2	0.40227
EIF4G1	2.4574
EIF4G2	2.0409
EIF5	0.85578
EIF5A	1.6864
CELA1	2.2018
ELANE	0.69962
SERPINB1	-0.05868
ELAVL2	1.8855
ELAVL1	0.67441
ELAVL3	0.5065
ELAVL4	2.6018
ELF1	3.4669
ELF2	4.1706
ELF3	4.7983
ELF5	0.88031
ELK3	1.2763
ELK4	1.3234
ELN	1.6788
EML1	2.6511
MARK2	2.2859
EMP1	-0.44171
EMP2	0.67026
EMP3	-1.4726
ADGRE1	0.41758
EMX1	2.1854
CTTN	0.15484
EMX2	0.97359
EN1	0.49061
EN2	0.52844
ENDOG	3.3468
ENG	4.2339
ENO1	4.5813
ENO2	3.6669
ENO3	4.1109
ENPEP	2.3795
ENSA	5.0006
SLC29A1	4.0427
EP300	4.1584
EPAS1	4.551
EPB41	1.3402
EPB41L1	4.0436
EPB41L2	6.6292
EPB42	2.8167
DMTN	3.406
STOM	2.7557
EPHA1	1.6419
EPHA3	-0.71762
EPHA4	2.6261
EPHA5	0.057076
EPHA7	-0.77173
EPHA8	-1.0545
EPHB1	0.71164
EPHB2	-0.89648
EPHB3	3.1025
EPHB4	3.4182
EPHB6	2.8957
EPHX1	-1.0461
EPHX2	2.4067
STX2	2.1675
CLN8	1.6381
EPO	3.7179
EPOR	1.8756
EPRS1	5.0461
EPS8	0.93459
EPS15	5.7453
NR2F6	-0.28095
ERBB2	7.8017
ERBB3	2.5853
ERBB4	8.8102
ERCC1	0.81645
ERCC2	0.75604
EREG	0.58039
EYA4	9.0803
ERCC3	-0.32366
ERCC4	1.0633
ERCC5	-0.56792
ERCC6	1.3406
ERF	3.219
ERG	0.58445
ERH	0.69403
ERN1	0.97812
ERV3-1	3.1361
FBL	3.101
ESD	-1.7718
ESR1	0.87921
ESR2	1.4388
ESRRA	1.6971
ESRRB	-0.71138
ESRRG	4.8131
ETF1	1.1498
ETFA	4.5834
ETFB	-0.0074887
ETFDH	0.85671
ETS1	6.2144
ETS2	1.97
ETV1	-0.16316
ETV2	2.6593
ETV3	0.62052
ETV4	2.8505
ETV5	7.2582
ETV6	2.1043
EVC	5.9711
MECOM	9.1894
EVI2A	6.0019
EVI2B	6.0376
EVPL	1.4824
EVX1	1.7328
EWSR1	0.51031
EXT1	2.118
EXT2	-1.9335
EXTL1	2.0943
EXTL2	0.89735
EXTL3	0.041896
EYA1	2.3771
EYA2	0.19966
EYA3	2.5402
EZH1	1.977
EZH2	-0.73816
F2	4.0866
F2R	2.709
F2RL1	2.2731
F2RL2	-0.33967
F3	6.3402
F5	-0.54403
F7	-0.64083
F10	0.028255
F11	-0.99085
F12	6.1094
F13A1	-0.2357
F13B	1.1942
FAAH	2.9767
FABP4	-0.66724000000000006
FABP1	-0.93486
FABP2	1.5354
FABP3	4.2484
FABP5	-0.97001
FABP6	0.3614
FABP7	-0.54718
FANCA	7.6914
FANCC	1.9683
FANCD2	1.8322
FANCE	2.9116
ACSL1	-0.21148
ACSL3	-0.41412
FAH	1.4262
PTK2B	2.4185
BPTF	4.1282
FANCF	1.6462
FANCG	0.071772
FAP	4.5969
FBLN1	1.1565
FARSA	7.5878
FASN	3.6447
FAT1	1.1557
FAT2	1.9016
FAU	3.0864
FBLN2	2.8179
FBN1	0.97374
FBN2	1.1557
EFEMP1	2.3368
FBP1	4.1275
FCAR	0.90401
FCER1A	-0.80343
MS4A2	0.92901
FCER1G	2.0998
FCER2	1.0472
FCGR1A	2.6805
FCGR1BP	1.9653
FCGR2A	2.0638
FCGR2B	0.97473
FCGR3A	0.92503
FCGR3B	-0.0068348
FCGRT	4.4646
FKTN	-0.97474
FCN1	1.122
FCN2	1.1283
FDFT1	6.2516
FDPS	3.8105
FDX1	2.476
FDXR	1.0638
FECH	0.048759
FEN1	2.8734
FER	-0.45144
FES	3.9821
FGA	-0.166
FGB	-1.6665
FGF1	0.85471
FGF2	3.4347
FGF3	0.42959
FGF4	-0.13423
FGF5	6.1094
FGF6	3.2957
FGF7	5.4892
FGF8	2.436
FGF9	0.24652
FGF10	2.7051
FGF11	3.087
FGF12	-0.78761
FGF14	-0.86079
FGFR1	1.7976
FGFR3	2.0844
GPC5	2.4569
FGFR2	2.9573
FGFR4	6.1094
FGG	0.29353
FGL1	1.6839
FGR	1.6183
FH	-0.27148
FHIT	-0.17597
FHL2	1.9571
FHL3	-0.87976
FKBP1A	7.0347
FKBP1B	1.8691
FKBP2	1.9429
FKBP3	1.7994
FKBP4	1.9677
FKBP5	2.7254
FOXG1	-1.289
FOXF1	2.8023
FOXF2	2.6324
FOXC1	2.53
FOXD1	1.8295
FOXD4	0.80466
FOXI1	2.5052
FOXL1	4.2139
FOXE3	3.2295
FOXJ1	1.1441
FOXC2	3.9532
FOXE1	2.4095
FOXM1	1.3401
FOXD2	3.0652
FOXS1	3.3016
FOXO1	1.2954
FOXO3	8.1878
FLG	1.4659
FLI1	6.8485
FLII	2.1295
MLANA	1.8505
FLNB	3.8121
FLNC	2.1927
FLOT2	2.7756
FLT1	1.1693
FLT3	4.6378
FLT3LG	3.4465
FLT4	4.0844
FMO1	2.6992
FMO2	2.9985
FMO3	3.7214
FMO4	4.2649
FMO5	2.3525
FMOD	-1.1309
FN1	-0.10802
FNTA	0.36838
FNTB	1.9434
FOLH1	4.4195
FOLR1	0.7376
FOLR2	1.4397
FOLR3	0.25024
FOS	-0.34124
FOSB	0.5196
FOSL2	2.0478
FPGS	1.0293
FPR1	0.46498
FPR2	0.30005
FPR3	-0.59801
FXN	1.828
FRK	6.3674
MTOR	0.72075
FRG1	0.6666
FRZB	-0.15267
FSHB	3.4504
FSHR	2.6421
NR5A2	1.9035
FTH1	1.5953
FTL	0.91741
ADAM2	1.1897
NR5A1	1.2105
FUCA1	3.2987
FUCA2	0.20331
GAST	1.2112
FUS	0.41691
FUT1	6.1094
FUT2	6.6831
FUT3	1.226
FUT4	-1.4208
FUT5	-1.1657
FUT6	2.1528
FUT7	1.1838
FUT8	-0.92418
KDSR	-0.17456
ACKR1	-0.82578
FYB1	5.2765
FYN	0.8736
FZD2	0.41573
IFI6	1.0436
G6PC1	0.78629
SLC37A4	4.3648
XRCC6	4.0693
GAA	-0.76144
GAB1	7.7384
GABBR1	3.5608
GABPA	1.4205
GABPB1	-0.23669
GABRA1	-0.7462
GABRA2	0.63626
GABRA4	0.27208
GABRA5	-2.0218
GABRA6	-1.225
GABRB1	0.16975
GABRB2	0.40165
GABRB3	0.806
GABRD	1.1641
GABRG1	0.075735
GABRG2	0.2286
GABRG3	-0.93761
GABRP	-1.8499
GABRR1	-0.20195
GABRR2	4.1039
GAD1	1.6618
GAD2	-1.1669
GAK	3.0755
GALC	1.2206
GALE	2.9873
B4GALNT1	1.0538
GALK1	3.4711
GALK2	4.8832
GALR1	1.4996
GALNS	1.5511
GALNT1	1.1504
GALNT2	0.91101
GALNT3	0.79425
GALT	3.9344
GAMT	2.793
GANC	1.6133
GAP43	0.65279
GAPDH	2.0821
LRRC32	-1.7248000000000001
GARS1	1.0454
GART	4.2665
GAS1	1.4213
GAS2	1.3665
GAS6	-0.020683
GAS8	4.5569
GATA2	3.3966
GATA3	-0.71592
GATA4	8.1299
GATA6	1.2953
GATM	6.1094
GBA1	3.9325
NIPSNAP2	7.295
GBE1	-1.1021
GBP1	2.0009
GBP2	2.1897
GBP3	2.7701
GBX1	1.9442
GBX2	2.065
GC	2.417
GCDH	7.5712
GCG	2.3312
GCGR	2.6927
GCH1	1.1049
GCHFR	5.676
GCK	3.3938
GCKR	6.802
BLOC1S1	1.7834
KAT2A	2.6878
NR6A1	1.1682
GCNT1	1.7789
GCNT2	2.5276
GCSH	5.4914
GDF1	2.3671
GDF2	1.1372
MSTN	1.9358
GDF9	6.9074
GDF10	0.33381
GDI2	2.1067
GDNF	2.6478
GEM	3.1592
GFAP	0.94714
GFER	5.8832
GFI1	1.3535
GFPT1	4.0968
GFRA1	-0.61275
GFRA2	-0.622
GFRA3	5.5406
GGCX	3.5041
GGT1	0.61311
B4GALT1	5.8976
GGT7	6.1094
GGT5	2.3632
GH1	-0.21774
GH2	-1.2543
GHR	2.5837
GHRH	2.9545
GHRHR	2.3629
GHSR	2.4762
CBLIF	1.9686
GIP	6.1641
GIPR	2.6813
GJA1	3.6533
GJA3	0.49065
GJA4	3.4291
GJA5	2.6541
GJA8	1.5172
GJB2	0.61805
GJB3	3.5782
GJB5	0.52472
GK2	-0.75447
GLB1	-1.0113
GCLC	0.87204
GCLM	3.9913
GLDC	3.6924
GLE1	-0.56555
GLG1	2.8251
GLI1	5.9978
GLI2	3.2697
GLI3	3.9611
GLI4	0.13339
GLO1	1.1376
GLP1R	0.46817
GLRA1	-1.3469
GLRB	0.3
GLS	2.8687
GLRX	0.88378
GLUD1	3.2767
GLUL	2.4116
GM2A	4.4628
GMDS	7.3585
GMFB	1.8407
GML	1.4693
GMPR	4.0191
GNA11	1.8675
GNA12	-0.20399
GNA15	-0.14682
GNAI1	-1.6472
GNAI2	4.0923
GNAI3	3.5092
GNAL	0.34397
GNAO1	1.3082
GNAQ	3.3919
GNAS	6.6861
GNAT1	2.699
GNAT2	2.9628
GNAZ	1.0892
GNB1	5.1035
GNB2	2.9324
GNB3	1.4583
GNG3	1.8033
GNG4	1.5651
GNG5	0.10205
GNG7	1.123
GNG10	-0.92997
GNG11	2.4492
GNGT1	1.5548
GNGT2	5.7909
GNL1	5.4114
GNRH1	1.4777
GNRH2	5.8197
GNRHR	1.6616
GNS	1.9698
GOLGA1	2.5541
GOLGA2	0.050291
GOLGA3	-0.85435
GOLGA4	1.6142
GOLGB1	5.9344
GOT1	0.31867
GOT2	0.30971
SFN	5.9769
GP1BA	3.1946
GP1BB	-0.70446
GP2	6.1094
GP5	0.66878
GP9	1.5886
GPC1	-0.97612
GPD1	4.9509
GPD2	2.2383
GPI	2.6265
GPLD1	0.83253
GPM6A	-0.72263
CMKLR2	1.4563
CCR10	2.313
GPR3	6.1094
GPR4	2.3174
XCR1	2.9163
GPR6	3.1371000000000002
NPBWR1	-0.46279
NPBWR2	3.8578
PRLHR	1.8928
GPR12	0.60672
UTS2R	0.44741
GPR15	0.31032
GPR17	1.9387
GPR18	1.5291
GPR19	2.9541
GPR20	2.0947
GPR21	4.9018
GPR22	2.4485
MCHR1	3.7762
GPR25	5.0224
GPR26	-0.0091627
GPR27	2.129
GPER1	4.7876
GPR31	0.068676
GPR32	2.6543
GPR33	5.7291
GPR35	0.091043
GPR37	1.1843
MLNR	2.1347
GPR39	-1.1792
FFAR1	-0.023263
FFAR3	-0.24279
FFAR2	0.35951
GRK4	3.8305
GRK5	0.4116
GRK6	5.9382
MKNK2	2.1323
GPS1	3.8878
GPS2	2.0139
GPT	4.0957
GPX1	7.0967
GPX2	-0.33388
GPX3	0.31817
GPX4	2.0641
GPX5	4.0147
GPX7	3.5049
GRB2	4.5435
GRB7	6.1094
GRB10	6.9673
GRB14	2.8014
RAPGEF1	2.3307
GRIA1	1.2783
GRIA2	0.49867
GRIA4	-1.2201
GRID1	0.30539
GRID2	-0.58267
GRN	0.90893
GRIK1	1.0311
GRIK2	-0.059536
GRIK3	1.2055
GRIK4	-0.82766
GRIK5	3.0224
GRIN1	4.156
GRIN2A	2.167
GRIN2B	0.94
GRIN2C	1.4677
GRIN2D	0.82989
GRINA	2.1906
NR3C1	4.2522
ARHGAP35	0.21491
GRM1	2.3058
GRM2	4.3596
GRM3	0.082398
GRM4	2.6854
GRM5	1.1192
GRM6	0.43689
GRM7	0.53149
GRM8	1.2794
CXCL1	2.1213
CXCL2	1.273
CXCL3	-1.0975
GRP	-1.0634
PDIA3	3.9847
GRSF1	0.47018
GSC2	1.684
GSK3A	3.3122
GSK3B	1.1299
GSN	2.1605
GSPT1	2.4717
GSR	2.9422
GSS	6.1094
GSTA1	7.6975
GSTA2	6.1094
GSTA3	0.43384
GSTA4	2.573
GSTM1	0.72219
GSTM2	2.2149
GSTM3	2.9623
GSTM4	4.8179
GSTM5	2.108
GSTP1	2.7648
GSTT1	-0.15145
GSTT2	1.7503
GSTZ1	2.8087
MSH6	0.2217
GTF2A1	4.3442
GTF2A2	1.1039
GTF2B	3.3467
GTF2E1	2.412
GTF2E2	5.3364
GTF2F1	0.59338
GTF2F2	0.17589
GTF2H1	3.8556
GTF2H2	3.1651
GTF2H3	2.6223
GTF2H4	7.0625
GTF2I	3.1642
GTF3A	0.46347
BRF1	2.5435
GTF3C1	4.7086
GTF3C2	6.1094
GUCY1A2	-0.63597
GUCA1A	2.2861
GUCA1B	2.7552
GUCA2A	2.0905
GUCA2B	1.0929
GUCY1A1	3.3297
GUCY1B1	2.9975
GUCY2C	1.4151
GUK1	4.5553
GUSB	6.0674
GYG1	-0.25289
GYPA	0.31271
GYPB	1.545
GYPC	-1.1053
GYPE	0.68325
GYS1	1.21
GYS2	3.6842
GZMH	0.16741
GUCY2D	3.6916
GZMA	-0.89132
GZMB	-0.66772
GZMK	1.1331
GZMM	-0.35814
H1-0	-1.0551
H1-2	6.4822
H1-3	1.2953
H1-4	6.1094
H1-5	7.3749
H1-6	6.1094
H2AC8	1.7191
H2AC7	2.119
H2AX	6.2885
H2AZ1	2.422
H2BC5	6.8964
H2BC3	8.027
H3-3A	2.9766
H3-3B	3.88
H1-1	7.7866
HABP2	0.071259
HAGH	2.0827
HADHA	2.6767
HADHB	2.5832
HADH	2.9436
HAL	1.8079
HARS1	0.89911
HAS1	0.72399
HAS2	4.9663
HAS3	0.98094
HBA1	2.4546
HBA2	2.4105
HBM	1.6816
HBB	0.83797
HBD	1.723
HBE1	0.16699
HBG1	1.2287
HBG2	0.72271
HBQ1	2.4757
HBZ	1.9501
SERPIND1	1.9702
HCK	0.55602
HCLS1	4.7826
HCRT	1.9994
HCRTR1	2.5285
HCRTR2	2.397
HTT	3.1202
HDAC1	-0.0668
HDAC2	0.044326
HDC	-0.1835
HDGF	3.5571
HDLBP	3.0058
HELLS	2.326
NCKAP1L	0.42932
HEXA	0.22819
HEXB	-1.0316
CFH	3.0584
HFE	6.1094
CFHR1	0.40686
CFHR2	1.895
HGD	1.0217
HGF	0.15454
HGFAC	7.8017
NRG1	9.9121
HHEX	1.6655
HIC1	6.2964
HIF1A	3.7172
HIP1	1.8846
UBE2K	4.371
HINT1	4.8662
HIVEP1	2.9682
HIVEP2	4.2342
HK1	1.0415
HK2	1.1951
HK3	4.3872
ZBTB48	-0.15356
HLA-A	5.5943
HLA-B	8.561
HLA-C	7.3345
HLA-DMA	3.5328
HLA-DMB	3.2376
MNX1	1.6984
HLA-DOA	4.379
HLA-DOB	4.9906
HLA-DPA1	2.5189
HLA-DPB1	2.7295
HLA-DQA1	8.0409
HLA-DQA2	5.4435
HLA-DQB1	6.4917
HLA-DQB2	5.1452
HLA-DRA	7.7872
HLA-DRB1	6.526
HLA-DRB5	6.28
HLF	4.432
HLA-E	3.6474
HLA-F	5.6965
HLA-G	4.9171
MR1	2.1946
HLCS	2.2703
HLX	6.2856
HMBS	4.8059
HMGB1	1.9941
HMGB2	-0.95523
HMGN1	-0.76853
HMGN2	3.7241
HMGCL	3.0897
HMGCR	3.5721
HMGCS1	2.4079
HMGCS2	-0.15887
HMGA1	6.1094
HMMR	0.77874
HMOX1	-0.44329
HMOX2	3.254
NR4A1	3.1749
HMX1	0.95906
HMX2	0.37058
FOXA1	7.1065
FOXA2	0.52582
FOXA3	2.6578
HNF4A	3.2866
HNF4G	5.2583
ONECUT1	2.0949
HNMT	0.52144
SLC29A2	3.8207
HNRNPA1	2.1612
HNRNPA2B1	2.7447
HNRNPAB	2.3827
HNRNPC	0.99051
HNRNPD	1.3269
HNRNPF	4.7034
HNRNPH1	0.82125
HNRNPH3	7.0012
HNRNPK	3.4175
HNRNPL	4.9704
HNRNPU	2.0727
TLX1	0.47712
TLX2	4.0183
HOXA1	1.7466
HOXA2	1.7069
HOXA3	2.5457
HOXA4	1.2805
HOXA5	3.2142
HOXA6	3.3775
HOXA7	3.6852
HOXA9	3.6811
HOXA10	5.6505
HOXA11	7.4619
HPCA	0.12259
HOXA13	6.0227
HOXB1	4.0826
HOXB2	4.9463
HOXB3	4.8885
HOXB4	4.561
HOXB5	4.2397
HOXB6	4.2716
HOXB7	4.9506
HOXB8	4.5584
HOXB9	4.5279
HOXC4	1.7682
HOXC5	1.1298
HOXC6	1.1652
HOXC8	0.0035363
HOXC9	0.0052631
HOXC10	0.21193
HOXC11	-0.068743
HOXC12	-0.62502
HOXC13	0.19592
HOXD1	7.5413
HOXD3	7.1463
HOXD4	7.4845
HOXD8	7.7887
HOXD9	6.1094
HOXD10	7.3874
HOXD11	6.1094
HOXD12	7.371
HOXD13	6.1094
HP	2.86
HPCAL1	-1.7482
HPD	4.1567
HPGD	-0.33849
HPN	1.5134
HPR	2.9942
HPS1	-0.56129
HPX	-0.53913
HRAS	1.6508
AGFG1	1.0973
AGFG2	2.289
HRH1	1.1936
HRC	4.4036
HRG	2.4707
HRH2	-0.47731
PRMT2	0.93136
PRMT1	4.9145
HES1	3.8401
HSBP1	0.56276
HSD3B1	-0.26191
HSD3B2	1.6092
HSD11B1	0.50861
HSD11B2	2.5374
HSD17B1	2.2352
HSD17B3	1.94
HSD17B2	0.099245
HSD17B4	2.1923
HSF1	3.2573
HSF2	2.0877
HSF4	3.3971
DNAJB2	2.0541
DNAJA1	2.0659
HSPA1A	6.1094
HSPA1B	6.1094
HSPA1L	6.6835
HSPA2	-0.26135
HSPA4	7.0393
HSPA5	4.9862
HSPA6	1.2551
HSPA8	-0.74006
HSPA9	0.55032
HSPB1	3.9694
HSPB2	4.3723
HSP90AA1	4.158
IGSF3	0.42501
HSP90AB1	4.2985
HSPD1	2.1291
HSPE1	1.8917
DNAJB1	1.4023
DNAJC4	1.9215
HSPG2	2.2698
NDST1	0.0047984
FOXN2	-0.10198
HTN1	-0.11979
HTN3	0.16209
HTR1A	0.48629
HTR1B	-1.092
HTR1D	5.4053
HTR1E	-0.34998
HTR1F	0.13549
HTR2A	0.87084
HTR2B	6.1346
HTR3A	1.1368
HTR4	1.1071
HTR5A	-0.18728
HTR6	0.3792
HTR7	0.99505
HUS1	-1.1593
TNC	-1.2143
HYAL1	2.9815
IAPP	-0.0348
IARS1	4.0564
IBSP	1.4487
ICA1	2.8112
ICAM1	2.2899
ICAM2	1.5956
ICAM3	2.9461
ICAM4	1.6784
IRF8	0.23799
MRPL58	2.1184
ID1	3.8287
ID2	1.4985
ID3	2.8653
ID4	0.26307
IDE	3.1867
IDH1	-0.33911
IDH2	4.0732
IDH3A	2.0751
IDH3B	-0.68119
IDI1	6.1094
IDUA	6.1094
CFI	0.8738
IFI16	2.9015
IFI27	0.5705
IFI35	4.9906
SP110	2.1711
IFIT2	1.6692
IFIT1	3.7041
IFIT3	2.1961
IFNA1	-1.6892
IFNA2	-1.4674
IFNA4	-0.26392
IFNA5	1.5893
IFNA6	0.97598
IFNA7	-0.017035
IFNA8	-0.56066
IFNA10	0.22363
IFNA13	0.56334
IFNA14	-0.36398
IFNA16	0.24651
IFNA17	-0.1984
IFNA21	-0.052716
IFNAR1	0.74765
IFNAR2	1.6546
IFNB1	-1.4683
IFNG	1.0607
IFNGR1	0.83631
IFNGR2	3.1682
IFNW1	-1.1959
IFRD1	1.1148
IGF1	4.2384
IGF1R	7.9679
IGF2	6.1094
IGF2R	9.0907
IGFALS	1.3567
IGFBP1	1.5095
IGFBP2	1.2756
IGFBP3	2.9933
IGFBP4	5.3812
IGFBP5	1.7434
IGFBP6	-0.014539
IGFBP7	3.6936
CCN1	4.2167
IGH	-0.4392
IGHMBP2	1.3107
JCHAIN	-1.4685
RBPJ	3.2846
IGL	-2.857
IGLL1	0.15061
IHH	-0.027601
IK	1.1814
IKBKB	-0.22888
IL1A	3.3492
IL1B	2.1179
IL1R1	1.9722
IL1RAP	-0.34885
IL1RN	4.1401
IL2	0.77849
IL2RA	1.0932
IL2RB	-0.4784
IL3	3.1638
IL4	1.8126
IL4R	2.3875
IL5	3.537
IL5RA	-1.4387
IL6	0.92813
IL6R	1.1988
IL6ST	0.77974
IL7	0.25839
IL7R	-0.31005
CXCL8	1.2937
CXCR1	1.7314
IL9	0.28663
CXCR2	2.3103
IL10	0.55845
IL10RA	0.51798
IL10RB	0.3021
IL11	1.1765
IL11RA	3.2322
IL12A	1.5026
IL12B	-0.77939
IL12RB1	7.2295
IL12RB2	2.3148
IL13	3.5102
IL15	0.88567
IL15RA	1.9993
IL16	0.85733
TNFRSF9	1.5831
IL17A	0.77555
IL18	0.88474
FOXK2	2.5722
ILF2	1.6176
ILF3	-2.3982e-5
ILK	0.90555
IMPA1	3.1949
IMPA2	1.637
IMPDH1	0.17637
IMPDH2	7.5277
IMPG1	1.1198
INCENP	-1.1487
IDO1	-0.92405
ING1	-0.47415
ING2	1.5082
INHA	6.4219
INHBA	3.531
INHBB	0.049565
INHBC	6.1094
CXCL10	4.5973
INPP1	2.2302
INS	7.4279
INPP4A	4.6494
INPP5A	1.7397
INPP5B	2.3613
INPPL1	1.6822
INSIG1	-0.83819
INSL3	2.3029
INSL4	1.9328
INSM1	0.59598
INSR	5.8709
INSRR	1.1589
EIF3E	3.535
PDX1	2.7793
IPP	6.3744
ITGA6	0.54562
IRAK2	1.8319
IREB2	1.9743
IRF1	1.5409
IRF2	4.2405
IRF3	6.1094
IRF4	-0.39205
IRF5	6.1094
IRF6	0.93702
IRF7	1.8419
IRS1	1.0758
ISG20	0.39897
ISL1	0.62336
ISLR	7.5582
ITGA1	1.6089
ITGA2	2.1923
ITGA2B	1.5124
ITGA3	3.7101
ITGA4	0.99894
ITGA5	0.21924
ITGA7	1.1045
ITGA9	2.9892
ITGAD	0.68004
ITGAE	0.32482
ITGAL	0.94082
ITGAM	0.48109
ITGAV	2.6334
ITGAX	1.6609
ITGB1	0.33665
ITGB2	2.8314
ITGB3	0.86288
ITGB4	2.021
EIF6	6.1094
ITGB5	3.6974
ITGB6	4.6568
ITGB7	0.044889
ITGB8	-0.56139
ITIH1	5.4346
ITIH2	0.31217
ITIH3	5.6987
ITIH4	5.8451
ITK	1.1741
STT3A	0.60036
ITPA	2.9746
ITPK1	7.7463
ITPKA	6.1094
ITPKB	5.4588
ITPR1	2.2798
ITPR2	1.4454
ITPR3	6.3809
IVD	5.1726
IVL	-0.38241000000000003
JAG2	3.0977
JAK1	0.091991
JAK2	2.4395
JAK3	1.7075
JARID2	4.3599
JUN	-0.96077
JUNB	3.5552
JUND	6.1094
JUP	1.0717
CD82	1.5733
KARS1	1.6712
KCNA1	-0.54469
KCNA2	0.43359
KCNA3	-0.82138
KCNA4	3.3405
KCNA5	0.056639
KCNA6	0.82908
KCNA7	6.9939
KCNA10	0.10418
KCNB1	1.8436
KCNC1	1.6574
KCNC2	0.33748
KCNC3	0.30636
KCNC4	0.10253
KCND2	0.10422
KCND3	-0.78883
KCNE1	-0.4617
KCNF1	-0.60654
KCNG1	2.4684
KCNH1	1.2964
KCNH2	2.8158
KCNJ1	3.7003
KCNJ2	-1.0271
KCNJ3	-0.77437
KCNJ4	1.2657
KCNJ5	0.046229
KCNJ6	0.37675
KCNJ8	1.674
KCNJ9	1.7705
KCNJ10	0.4737
KCNJ11	1.3229
KCNJ12	-0.7386
KCNJ13	7.4104
KCNJ14	1.3616
KCNJ15	2.3084
KCNJ16	1.0154
KCNK1	-0.44639
KCNK2	1.8382
KCNK3	2.9726
KCNMA1	5.1768
KCNMB1	-1.7568
KCNN1	2.9009
KCNN2	-0.80604
KCNN3	2.3324
KCNN4	-0.1812
KCNQ1	7.6411
KCNQ2	2.0045
KCNQ3	0.53862
KCNS1	0.085952
KCNS2	2.0742
KCNS3	1.0295
KDR	-0.94981
KEL	2.8652
KHK	3.4196
KIF2A	1.3261
KIF3C	1.3946
KIF5A	4.7626
KIF5B	4.0537
KIFC3	-0.48439
KIR2DL1	1.2403
KIR2DL3	0.54653
KIR2DL4	-0.26042
KIR2DS4	0.7486
KIR3DL1	0.22559
KIR3DL2	1.7639
KISS1	0.0051437
KIT	3.8071
KLK1	2.959
KLK2	0.017831
KLKB1	0.22456
KLRB1	0.12562
KLRC1	1.5673
KLRC2	0.97411
KLRC3	1.339
KLRD1	-0.25851
KNG1	8.139
KLC1	4.0861
KIF11	2.4475
KIFC1	4.7142
KIF25	0.41908
KIF22	0.25306
KPNA1	6.626
KPNB1	2.169
KPNA2	4.4179
KPNA3	5.0155
KPNA4	1.8547
KPNA5	1.174
TNPO1	1.5815
IPO5	-1.3393
KRAS	1.8622
KRTAP5-9	-0.066585
KRT1	-0.67927
KRT2	0.74823
KRT3	-0.30602
KRT4	0.15389
KRT5	0.47458
KRT6A	-0.27722
KRT6B	-0.15712
KRT7	-1.7286
KRT8	3.1818
KRT9	1.1388
KRT10	0.45119
KRT12	1.2449
KRT13	-0.43238
KRT14	0.55997
KRT15	1.864
KRT16	0.10057
KRT17	-0.37369
KRT18	4.2722
KRT19	1.9394
KRT31	-1.627
KRT32	-2.1587
KRT33A	-2.3675
KRT33B	-1.953
KRT34	-2.0228
KRT35	-1.55
KRT81	-0.41761
KRT82	-2.0097
KRT83	-0.56443
KRT84	-1.3358
KRT85	-1.2417
KRT86	-0.8602
KTN1	-0.80311
LAD1	1.1133
AFF3	3.1432
LAG3	3.0662
LAIR1	0.19519
LAIR2	-0.52225
LALBA	2.6355
LAMA2	2.6474
LAMA3	1.546
LAMA4	2.9615
LAMA5	7.6003
LAMB1	1.5133
LAMB2	6.1784
LAMB3	0.37828
LAMC1	6.287
LAMP1	0.62178
LAMC2	3.3669
RPSA	2.5486
STMN1	3.817
LASP1	5.8011
LBP	1.2322
LBR	1.4919
LCAT	1.8761
LCK	0.77925
LCN1	-1.0778
LCN2	-0.63412
LCP1	0.88861
LCP2	-0.20783
LCT	0.11332
LDHA	1.2463
LDHB	3.501
LDHC	1.5241
LDLR	-1.9133
LECT2	2.817
LEP	0.278
LEPR	3.3156
LETM1	2.1442
LFNG	3.4015
LGALS1	2.1265
LGALS2	2.0961
LGALS3	0.057797
LGALS3BP	-0.92783
LGALS4	4.9509
LGALS7	6.8501
LGALS8	-0.18867
LGALS9	1.4545
LHB	1.6018
LHCGR	2.4233
LHX1	1.5637
LIF	1.7162
LIFR	1.5786
LIG1	-0.66208
LIG3	-0.26987
LIG4	1.2577
LIM2	-0.77081
ABLIM1	-0.14169
LIMK1	1.244
LIMK2	4.2471
LIMS1	1.9057
LIPA	-0.823
LIPC	0.6505
LIPE	0.96059
FADS1	2.948
LLGL2	2.5724
FADS3	2.0536
LLGL1	1.4749
LMAN1	-0.32191
LMNA	4.6601
LMNB1	1.0289
LMO1	0.20888
LMO2	1.3957
LMO7	3.4184
LMX1A	0.49544
LMX1B	2.1651
LNPEP	1.7096
VWA5A	-2.4447
LORICRIN	-0.39195
LOX	-1.497
LOXL1	5.1265
LOXL2	2.2842
LPA	6.4458
LPL	1.5385
LPO	3.8378
LPP	2.671
IRAG2	0.90233
LRCH4	2.8189
LRP1	6.0624
LRP2	10.431
LRP3	1.3018
LRP4	4.4683
LRP6	0.093777
LRP5	0.51122
LRPAP1	3.4261
LSAMP	-0.79372
LSP1	2.5673
LSS	-0.74896
LTA4H	1.4438
LTA	7.2494
LTB	6.1094
CYP4F3	-1.5699
LTBP1	-0.0054808
LTBP2	0.71018
LTBP3	7.3072
LTBR	2.3459
LTC4S	1.4855
LTF	2.6819
LTK	7.2865
BCAM	3.8448
LUM	3.9299
LY6E	2.3759
LY6H	-0.24347
LY9	0.25643
CD180	0.54205
LY75	4.4528
LYL1	4.255
LYN	2.115
LYZ	4.0712
TACSTD2	1.8299
TM4SF1	-1.8517
EPCAM	-0.47682
M6PR	3.2105
CAPRIN1	0.43916
NBR1	4.8404
MAB21L1	1.8836
MARCKS	-0.44708
MXD1	2.0898
MAD2L1	2.2978
SMAD1	3.5573
SMAD2	1.0654
SMAD3	7.3903
SMAD4	-1.704
SMAD5	-1.3547
SMAD6	4.515
SMAD7	7.2775
SMAD9	4.1448
MAF	2.41
MAFG	1.0182
MAG	2.4537
MAGOH	-0.31911
MAK	1.6185
MAL	0.67762
MAN1A1	1.0303
MAN2A2	3.573
MAN2C1	6.1094
MAN2A1	0.9776
MAN2B1	3.5026
MANBA	9.4391
MAP1A	3.4072
MAP1B	-1.265
MAP2	1.5016
MAP4	2.3889
MAP6	1.1797
MAPT	0.33317
MARK1	2.9288
MARK3	4.3834
MARS1	2.9618
MAS1	5.5423
MAT1A	6.6792
MAT2A	3.0923
MATK	2.8065
MATN1	-0.35167
MATN2	-0.053618
MATN3	3.5044
MAX	3.0904
MAZ	-0.20549
MB	1.4219
MBD1	0.65567
MBL2	-2.9906
MBNL1	4.2277
MBP	2.1564
MC1R	6.2859
MC2R	-0.37585
MC3R	1.178
MC4R	2.2373
MC5R	1.2863
MCAM	4.9636
MCC	4.1099
CHST6	1.4841
MCL1	5.8772
MCM2	3.0941
MCM3	0.10023
MCM4	1.344
MCM5	-2.0261
MCM6	0.29474
MCM7	0.28879
CD46	4.6741
SMCP	-1.3425
ADAM11	1.2974
MDFI	4.7339
DNAJB9	0.60679
MDH1	2.1651
MDH2	6.1094
MDK	4.0371
MDM2	-0.68172
MDM4	0.25055
ME1	0.72473
ME2	1.1323
MEA1	3.1174
MEF2A	0.53275
BORCS8-MEF2B	2.9788
MEF2C	0.38311
MEF2D	3.61
MEFV	0.93588
MEIS1	9.4639
MEIS2	3.6071
MAP3K1	1.9416
MAP3K3	0.48415
MAP3K4	1.7004
MAP3K5	-0.24776
RAB8A	1.4611
MEN1	3.0259
MEOX1	1.4719
MEOX2	2.4732
MEP1A	5.7564
MEP1B	0.079641
MEST	0.84857
MET	-0.75478
METTL1	0.92795
MFAP1	3.7961
MFAP2	0.72341
MFAP3	5.0071
MFAP4	5.7071
MFGE8	0.70503
MELTF	2.2131
MFNG	2.3819
MGAT1	1.8752
SCGB2A1	0.4172
MGAT2	1.4214
MGAT3	1.6736
MGAT5	0.61867
SCGB2A2	0.77477
MIA2	1.8753
KITLG	0.71061
MGMT	6.6457
MGP	5.2584
MGST1	0.66936
MGST2	1.2842
MGST3	0.43466
CIITA	0.23441
MICB	8.2202
MIF	-0.15397
CXCL9	4.3583
MIP	2.2005
MIPEP	0.33545
MITF	7.5209
ATXN3	2.2834
MKI67	-0.57955
MKLN1	0.59391
MLF1	0.54055
MLH1	1.7199
MAP3K9	-0.43115
MAP3K10	4.5531
MLN	4.3069
MAP3K11	6.1094
KMT2A	2.902
MLLT1	0.78145
AFF1	3.0329
MLLT3	3.8512
AFDN	2.2671
MLLT6	4.2789
NR3C2	2.716
TRPM1	0.5362
MME	0.6551
MMP1	-0.4954
MMP2	0.75315
MMP3	-0.33756
MMP7	0.21453
MMP8	0.81195
MMP9	1.9756
MMP10	0.19217
MMP11	5.2545
MMP12	-1.084
MMP13	-0.11305
MMP14	3.0321
MMP15	2.1844
MMP16	2.9002
MMP17	2.2565
MMP19	1.3335
ALDH6A1	0.82132
MN1	3.3072
MNAT1	2.4113
MNDA	-0.54634
MNT	3.6973
MOBP	0.99983
MOCS1	1.3631
MOCS2	1.9138
MOG	6.4592
MOS	1.2203
MOV10	6.4858
CD200	-0.67605
MPG	2.7816
MPI	7.2321
MPL	0.25971
MPO	4.7657
MPP2	0.26283
MPP3	-0.062047
MPST	2.1052
MPV17	7.303
MPZ	1.8512
MRC1	0.3061
MRE11	-1.1974
ABCC1	4.6075
MYO1B	4.0457
MSH2	0.59417
MSH3	5.4062
MSH4	-0.02048
MSH5	6.1094
MSI1	1.6278
MSMB	0.91154
MSR1	-0.46763
MSRA	10.553
MST1	8.014
MST1R	5.2841
MSX1	2.3746
MSX2	-0.53798
MT1A	0.5534
MT1B	-0.25963
MT1E	0.58102
MT1F	-0.3087
MT1G	0.25814
MT1H	0.39794
MT1M	0.83241
MT1X	0.18806
MT2A	-0.52117
MT3	-1.0593
MTAP	2.096
MTF1	3.0871
NUDT1	0.16198
MTHFD1	1.4002
MTHFR	0.95921
MTIF2	2.3524
MYO1F	-0.87539
MTNR1A	-0.34045
MTNR1B	0.72995
MTTP	2.3124
MTR	-1.6605
MTRR	-0.13651
MTX1	7.721
MUC1	6.1094
MUC2	1.551
MUC3A	3.0997
MUC4	3.4445
MUC5AC	1.4044
MUC6	4.2986
MUC7	-0.096248
TRIM37	5.8827
MUSK	2.294
MMUT	-0.064975
MUTYH	7.8357
MVD	3.4626
MVK	2.5764
MX1	1.1662
MX2	0.4107
MXI1	2.3818
MYB	1.4437
MYBL1	0.64745
MYBPC1	1.5596
MYBL2	0.44484
MYBPC2	1.0185
MYBPC3	6.1094
MYBPH	1.9994
MYC	-0.11023
MYCL	0.67727
MYCN	1.585
MYD88	2.8994
GADD45B	-0.89617
MYF5	-0.83073
MYF6	-1.5829
MYH1	1.3014
MYH2	0.37036
MYH3	-0.19284
MYH4	1.5095
MYH6	0.99058
MYH7	3.3277
MYH8	1.4569
MYH9	3.5213
MYH10	0.98332
MYH11	0.86388
MYL1	2.9648
MYL2	-0.15321
MYL3	1.3174
MYL4	3.3305
MYL5	0.22797
MYL6	1.2423
MYLK	2.0751
MYO1A	2.3617
MYO1C	1.5592
MYO1D	3.4875
MYO1E	1.0445
MYO5A	-0.78807
MYO5B	0.24262
MYO6	2.9301
MYO7A	1.8218
MYO7B	1.724
MYO9A	2.8728
MYO9B	-0.45865
MYO10	1.7667
MYOC	5.5514
MYOD1	3.6072
MYOG	2.8723
PPP1R12A	0.088743
PPP1R12B	-0.12251
MYT1	5.1837
NAB1	1.1656
NAB2	1.6135
NACA	3.8041
NAGA	6.1094
NAGLU	2.8723
HNRNPM	-0.23659
NAIP	2.849
NAP1L1	2.2981
NAP1L4	5.0941
NARS1	0.1425
NASP	7.3521
CEACAM6	0.88439
NBL1	1.6134
NUBP1	1.3377
NBN	3.2144
NCAM1	1.616
NCAM2	-1.4338
NCBP1	0.55057
NCF2	-0.036917
NCF4	1.2321
NCK1	3.8239
NCL	2.6651
NDN	-0.3267
NDUFA2	0.89843
NDUFA3	0.90241
NDUFA4	0.4504
NDUFA5	0.007344
NDUFA6	7.019
NDUFA7	0.63234
NDUFA8	-0.39043
NEB	8.1781
NDUFA9	0.4069
NDUFA10	0.554
NDUFAB1	2.3094
NDUFB1	1.1825
NDUFB2	3.0148
NDUFB3	1.3865
NDUFB4	1.0028
NDUFB5	-0.54475
NDUFB6	2.3482
NDUFB7	-0.37387
NDUFB8	3.0539
NDUFB9	1.1449
NDUFB10	5.7054
NDUFC1	1.2907
NDUFC2	1.2864
NDUFS1	2.2432
NDUFS2	2.2378
NDUFS3	5.6514
NDUFV1	3.2781
NDUFS4	6.9617000000000004
NDUFS5	1.063
NDUFS6	1.2456
NDUFS8	1.1919
NDUFV2	4.4633
NDUFV3	2.2942
DRG1	2.7957
NEDD4	2.5491
SEPTIN2	3.073
RPL10A	2.6282
NEDD8	-4.3095e-4
NEDD9	1.1315
NEFM	-1.1165
NEFH	3.3928
NELL1	-0.89582
NEFL	-1.8615
NEK1	0.061027
NEK2	0.39733
NEK3	-0.62679
NELL2	0.79394
NEO1	2.0579
NEU1	7.2584
NEU2	0.54245
NEUROD1	0.92264
NEUROD2	7.4101
NEUROG1	0.32009
NF1	5.7603
NF2	4.946
NFATC1	9.4505
NFATC2	2.4146
NFIA	6.262
NFATC3	2.0341
NFATC4	2.3552
NFE2	0.95031
NFE2L1	5.8589
NFE2L2	6.1094
NFIB	2.471
NFIC	5.5423
NFIL3	0.40738
NFIX	4.1855
NFKB1	7.275
NFKB2	6.2013
NFKBIA	0.9574
NFKBIB	2.6743
NFKBIE	3.23
NFKBIL1	7.5126
TONSL	1.6303
NFRKB	3.0315
NFX1	1.4796
NFYA	0.45189
NFYB	0.52823
NFYC	0.40533
NGF	0.21928
NGFR	0.10937
NHLH1	2.1168
NHLH2	0.75965
SNU13	4.9532
NID1	3.9109
NINJ1	6.3991
NINJ2	3.9307
NIT1	-0.088462
NKG7	-1.0704
NKTR	1.1273
NKX2-2	2.2646
NKX3-1	0.94849000000000006
NKX6-1	0.55694
NNAT	0.18608
NMB	7.7161
NMBR	2.0752
NME1	0.39588
NME2	1.2079
NME3	1.593
NME4	-0.10176
NQO2	0.6373
NMT1	1.8912
NNMT	-1.0514
NODAL	0.063562
NOP2	3.6353
NOS1	1.5254
NOS2	0.73225
NOS3	5.9957
CNOT2	0.54657
CNOT3	0.47665
CNOT4	2.3484
NOTCH1	2.1072
NPY	0.052933
NOTCH2	1.3988
NOTCH3	1.0703
NOTCH4	8.0405
CCN3	1.255
NOVA1	-0.51487
NOVA2	3.0166
PNP	2.9548
NPAS1	3.2122
NPAS2	4.4286
NPAT	1.4338
NPC1	-0.80567
NPHP1	-0.93742
NPHS1	3.0348
NPM1	1.8136
NPPA	0.71598
NPPB	0.66412
NPPC	0.84759
NPR1	1.0833
NPR2	-0.33638
NPR3	1.38
NPTX1	-0.55119
NPTX2	-0.23404
NPY1R	-1.8046
NPY2R	0.11801
NPY5R	-1.6952
SLC11A2	2.943
NRAP	1.3304
NRAS	4.6994
NRCAM	2.1485
NRDC	-0.10092
NRF1	5.3977
NRGN	2.5638
NRL	1.3465
NRTN	1.8595
YBX1	0.85818
NSF	0.27469
NT5E	2.449
NTF3	0.18059
NTF4	6.6732
NTHL1	6.6619
NTRK1	1.2209
NTRK2	0.058511
NTRK3	-0.66337
NTN3	1.9596
ROR1	0.99729
ROR2	1.3117
DDR2	4.4902
NTS	0.14139
NTSR1	0.82559
NUCB1	3.1438
NUCB2	4.4413
NUMA1	1.0978
NUP88	2.6934
NUP98	-0.4069
NR4A2	2.1611
NVL	0.37047
OAS1	-1.0677
OAS2	-1.9295
OAS3	-1.5948
OAT	0.47728
OAZ1	2.5275
OAZ2	2.0444
OCA2	-0.90289
OCM2	-0.20106
ODC1	-0.7195
ODF1	-0.58738
ODF2	-0.12744
OMD	4.415
OGDH	3.554
OGG1	0.50996
OGN	4.2803
OLR1	-1.0488
OMG	5.5036
OMP	-0.16094
OPA1	-0.11407
OPCML	-0.33035
TNFRSF11B	1.2871
OPRD1	2.4438
OPRK1	-1.0339
OPRL1	6.2844
OPRM1	0.78804
SIX6	4.1201
OR1D2	0.25777
OR1F1	1.2919
OR2C1	1.9255
OR3A1	-0.89221
OR3A2	-0.31433
ORC1	1.5163
ORC2	2.332
ORC4	6.2221
ORC5	2.1175
SLC22A18	7.1953
SLC22A18AS	6.8375
ORM1	2.6228
ORM2	2.5842
OSBP	2.7112
OSM	2.7907
CLDN11	4.727
OTX1	2.1479
OTX2	0.93814
OVGP1	-0.5594
OVOL1	7.2957
OXA1L	-0.10936
OXCT1	1.1625
OXT	2.4545
OXTR	0.047258
P2RX1	0.89658
P2RX3	2.862
P2RX4	2.6333
P2RX5	0.61603
P2RX7	2.7564
P2RY1	0.12802
P2RY2	1.4045
P2RY6	-0.004936
P2RY11	3.4754
P4HA1	6.3552
P4HB	1.9676
PA2G4	2.8473
PEBP1	-0.93457
PABPC3	-0.35325
FURIN	3.8592
PCSK6	3.8406
PAEP	-0.58377
PAFAH1B1	0.11126
PAFAH1B2	2.962
PAFAH1B3	3.9062
PAFAH2	0.19395
PRDX1	5.5906
PAH	0.48352
SERPINE1	1.1968
SERPINB2	1.3202
PAK1	2.2849
PAK2	1.3928
PALM	0.70342
PAM	1.2354
CNTN3	-0.42334
REG3A	1.4502
PAPPA	4.7937
PRKN	2.8935
PARN	1.9278
PAWR	2.8234
PAX1	0.47924
PAX2	1.5664
PAX3	1.2869
PAX4	6.1227
PAX5	-1.1918
PAX6	6.1094
PAX7	1.2458
PDCL	1.8351
PAX9	2.2457
PBX1	3.4463
PBX2	6.1094
PBX3	0.05945
PC	2.8741
PCBD1	0.7534
PCBP1	2.3803
PCBP2	4.8698
PCCA	-0.11755
PCCB	7.1815
PCDH1	-1.6008
PCDHGC3	4.896
PCDH7	2.2253
PCDH8	-0.05917
PCDH9	3.6718
SERPINA5	3.8593
PCK1	7.0863
PCK2	1.8414
PCM1	1.3989
PCMT1	3.4253
PCNA	-0.21283
PCNT	2.3851
PCOLCE	1.7886
CHMP1A	6.1094
PCP4	0.86085
PCSK1	4.619
PCSK5	-0.26421
PCSK2	0.726
CDK17	1.5338
CDK18	5.0508
PCYT1A	1.7276
PDC	6.1094
PDCD1	-0.28965
PDCD2	0.4874
PDE1A	10.404
PDE1C	0.40743
PDE2A	2.5707
PDE3A	4.6417
PDE3B	4.3242
PDE4A	0.39807
PDE4B	0.59992
PDE4C	5.9566
PDE4D	2.5162
PDE6A	-1.1979
PDE6C	0.17207
PDE6D	0.30117
PDE6G	4.2425
PDE6H	0.91288
PDE7A	3.8159
PDE8A	2.9021
PDE9A	5.3903
PDE1B	-0.47339
PDGFA	1.8908
PDGFB	1.5872
PDGFRA	1.3213
PDGFRL	3.6608
PDE6B	-0.061863
PDGFRB	-0.61684
PDHA2	2.9606
PDHB	4.3952
PDK1	1.5876
PDK2	3.7626
PDK4	-0.51647
ENPP1	1.0035
ENPP2	2.484
ENPP3	3.6771
PDPK1	2.6903
SLC26A4	1.034
PDYN	-0.51816
PDZK1	4.5805
PECAM1	0.36564
SERPINF1	1.3068
PEG3	0.94573
PENK	1.8803
PEPD	4.5761
PER1	5.0366
GATB	1.2363
PEX1	-0.58317
PEX6	3.4389
PEX7	0.45331
PEX10	5.8691
PEX12	-1.029
PEX13	2.0671
PEX14	5.0747
PF4	0.18487
PF4V1	0.73959
PFAS	4.6341
PFDN1	1.3344
PFDN2	0.39677
PFDN4	1.6715
PFDN5	2.5518
ATP8B1	1.8781
PFKFB2	5.859
PFKFB3	-0.38735
PFKFB4	3.5046
PFKL	-0.68433
VIT	1.4642
PFKM	5.3072
PFKP	0.28282
PFN1	3.6048
PFN2	2.2414
CDK14	0.41076
PGA5	0.89335
PGAM1	-0.25362
PGAM2	0.82418
PGC	8.0766
PGD	2.1938
PGF	2.5705
PGGT1B	-1.0304
PGK2	1.748
PGM1	-0.41158
PGM3	2.0726
PGM5	7.0958
PGR	1.2354
ABCB1	2.2032
ABCB4	-0.63307
PHB1	1.2711
SLC25A3	1.671
PHF1	4.0451
PHF2	2.3059
PHKB	0.26893
PHKG1	6.4836
PHKG2	2.9665
PHYH	1.2131
SERPINA1	2.2305
PI3	-0.28864
SERPINA4	3.2456
SERPINB5	0.70434
SERPINB6	0.12576
SERPINE2	2.9429
SERPINB8	0.2995
SERPINB9	0.44735
SERPINB10	0.40211
SERPINI1	0.99539
SERPINB13	-0.80881
SERPINI2	-0.3035
PIGC	3.8848
PIGF	2.116
PIGH	4.1269
PIGR	0.8509
PIK3C2A	3.2904
PIK3C2B	2.4592
PIK3C2G	-0.047225
PIK3C3	-1.0365
PIK3CA	3.705
PIK3CB	-0.0054315
PIM1	3.3658
PIK3CD	-0.50939
PIK3CG	-0.87684
PIK3R1	3.9995
PIK3R2	4.3953
PI4KA	1.4264
PI4KB	6.2969
PIN1	1.5224
PIP	1.0965
PIP4K2A	2.1601
PITPNA	0.79403
PITX1	3.0095
PITX2	2.3823
PITX3	6.1094
PKD1	6.8357
PKD2	5.6224
PKLR	3.4502
PKHD1	6.0899
PKM	1.9424
PKNOX1	2.6841
PKP1	1.4555
PKP2	-2.0155
PLA2G1B	1.871
PLA2G2A	-0.357
PLA2G4A	6.194
PLA2G5	-0.90151
PLAG1	2.8058
PLAGL1	1.1104
PLAGL2	1.15
PLAT	0.69433
PLAU	3.7853
PLAUR	-0.74703
PLCB2	2.8549
PLCB3	2.3833
PLCB4	2.2218
PLCD1	3.7099
PLCL1	3.7829
PLCG1	5.5063
PLCG2	0.016669
PLD1	4.5427
PLD2	2.4962
PLEC	3.2064
PLG	5.9204
PLEK	0.81244
PLGLB2	0.27039
PLGLB1	-1.594e-4
SERPINF2	5.6523
PLIN1	2.8929
PLK1	1.431
FXYD1	-0.56723
FXYD3	-0.035913
PLN	3.4456
PLOD1	2.6012
PLOD2	1.7577
PLRG1	-1.5983
PLS1	5.1084
PLSCR1	1.8399
PLTP	0.52354
PLXNA1	2.9071
PLXNA2	1.1618
PLXNB1	7.4803
PMAIP1	-1.257
PMCH	3.0887
PNOC	-0.40544
PML	4.4581
PMM1	4.3321
PMM2	0.2558
PMP2	0.21895
PMP22	1.1334
PMS1	4.1577
EXOSC9	1.6204
EXOSC10	0.54142
PMS2	1.1853
PRRX1	6.3168
PNLIP	-0.67849
PNLIPRP1	-0.7956
PNLIPRP2	0.41872
PNMT	7.5053
PNN	1.3907
UBL3	0.13481
SEPTIN5	-0.29817
SEPTIN4	5.3682
PODXL	1.3981
POLB	-0.36663
POLD1	1.3782
POLD2	0.69144
POLE	1.3779
POLE2	2.1297
POLG	-0.92647
POLH	3.0507
POLR2A	1.6492
POLR2B	1.0748
POLR2C	0.053364
POLR2D	2.0953
POLR2E	1.9441
POLR2F	1.7589
POLR2G	1.3943
POLR2H	3.8442
POLR2I	2.1811
POLR2J	5.3061
POLR2K	0.93743
POLR2L	1.1798
POLRMT	-0.33094
POMC	1.7388
PON1	1.655
PON2	1.8335
PON3	1.6925
POR	5.8183
POU1F1	1.414
POU2AF1	5.1542
POU2F1	0.62056
POU2F2	2.5737
POU3F1	-1.1837
POU3F2	0.64499
POU3F3	1.7041
POU4F1	-1.234
POU4F2	2.3795
POU4F3	0.48978
POU5F1	8.5215
POU5F1B	0.20675
POU6F1	3.3711
PPA1	3.498
PPARA	1.0345
PPARD	2.555
PPARG	6.2176
MED1	6.1094
PPEF2	4.3526
PPAT	0.50219
PPBP	0.17218
CTSA	0.781
PPIA	2.5734
PPIB	2.9289
PPIC	-0.54952
PPID	1.5679
PPL	0.32005
PPM1A	4.2534
PPM1B	5.8113
PPM1G	6.1094
PPOX	1.6486
PPP1CA	1.1525
PPP1CB	1.6402
PPP1CC	2.3577
PPP1R1A	-0.21502
PPP1R2	1.7093
PPP1R3A	6.1094
PPP1R3C	5.3988
PPP1R3D	-0.53335
PPP1R7	2.2071
PPP1R8	1.0725
PPP1R10	2.8069
PPP2CA	1.2591
PPP2CB	1.8563
PPP2R1A	-0.98737
PPP2R1B	2.4356
PPP2R2A	0.31446
PPP2R2B	2.7803
PPP2R2C	0.30798
PPP2R3A	6.8934
PTPA	0.71911
PPP2R5A	5.352
PPP2R5B	0.47824
PPP2R5C	1.8026
PPP2R5D	3.0753
PPP2R5E	4.1472
PPP3CA	1.9812
PPP4C	3.897
PPP3CB	3.1037
PPP3CC	1.3502
PPP3R1	2.9036
PPP3R2	0.26489
PPP5C	2.0235
PPP6C	4.5599
PPT1	1.1672
PPY	0.75252
NPY4R	-0.17333
PRB1	1.0947
PRB3	2.57
PRB4	-0.80173
PRCC	2.579
PRCP	1.5284
PRELP	-0.73396
PREP	1.2291
PRF1	2.4885
SRGN	0.96236
PRG2	1.3198
PRH1	0.19659
PRH2	-1.4635
PRIM1	4.0482
PRKAA1	4.7852
PRKAA2	1.5904
PRKAB1	-1.1173
PRKAB2	2.8815
PRKACA	3.4755
PRKACB	3.121
PRKACG	4.2728
PKIA	-0.031333
PKIB	1.3452
PRKAG1	5.8842
PRKAR1A	3.2773
PRKAR1B	7.0693
PRKAR2A	6.1094
PRKAR2B	1.164
PRKCA	0.85321
PRKCB	2.4718
PRKCD	0.44898
PRKCE	6.0076
PRKCG	-0.47076
PRKCH	1.6967
PRKCI	2.7245
PKN1	5.1821
PKN2	3.4559
PRKD1	0.03244
PRKCQ	0.11086
PRKCSH	0.80825
PRKCZ	8.0917
PRKDC	0.88917
PRKG1	4.2888
PRKG2	0.11724
MAPK1	4.9286
MAPK3	3.9641
MAPK4	1.1074
MAPK6	0.8386
MAPK7	5.646
MAPK8	0.94711
MAPK11	3.0811
MAPK9	1.1693
MAPK10	1.67
MAPK13	1.6072
MAP2K1	1.3061
MAP2K2	3.5729
MAP2K3	0.37394
MAP2K5	2.2543
MAP2K6	2.3075
MAP2K7	-0.12132
EIF2AK2	0.57332
DNAJC3	3.3787
THAP12	0.28204
PRL	-0.26225
PRLR	3.873
PRM1	0.77878
PRM2	0.51998
PRNP	-0.30892
PSPN	0.11718
PROC	-1.5937
PRODH	2.7134
PROP1	-0.32648
PROS1	-0.014088
PROX1	3.4859
PRPH	1.8831
PRPSAP1	-0.21911
PRPSAP2	0.81967
PRRG2	5.5095
LGMN	1.5906
PRSS1	0.83572
PRSS3	8.0476
MASP1	3.0833
RELN	0.61649
KLK7	-0.77491
TMPRSS15	-0.29108
PRSS8	2.6675
KLK6	-0.92423
HTRA1	3.4656
KLK10	-1.2639
PRTN3	2.1631
PSAP	0.96647
PSD	6.1094
PSEN1	5.8295
PSEN2	5.8949
PSG1	1.0204
PSG2	0.94237
PSG3	0.12507
PSG4	2.3359
PSG5	1.9001
PSG6	0.80778
PSG7	0.94712
PSG9	-0.75895
PSG11	0.84353
PSKH1	1.7297
PSMA1	3.5859
PSMA2	-0.22574
PSMA3	1.8328
PSMA4	1.769
PSMA5	7.738
PSMA6	4.8476
PSMA7	1.1256
PSMB1	0.78719
PSMB2	-1.0955
PSMB3	0.88053
PSMB4	1.0899
PSMB5	3.2118
PSMB6	0.93267
PSMB7	0.61573
PSMB8	4.0106
PYY	3.2775
PSMB9	2.6048
PSMB10	1.4684
PSMC1	3.7799
PSMC2	1.6379
PSMC3	6.1094
PSMC4	0.35763
PSMC5	-0.51412
PSMC6	0.38279
PSMD1	6.2832
PSMD2	1.8686
PSMD3	6.3981
PSMD4	5.3688
PSMD5	2.7571
PSMD7	0.95828
PSMD8	1.3992
PSMD9	4.5245
PSMD11	0.34016
PSMD12	5.5427
PSMD13	0.76623
PSME1	-1.5878
PSME2	-1.759
PSPH	6.1094
PTAFR	6.1094
PTBP1	4.711
TAS2R38	2.0805
PTCH1	3.1879
PTEN	1.6478
PTGDR	0.18252
PTGDS	1.2878
PTGER1	5.6964
PTGER2	1.9541
PTGER3	0.9463
PTGER4	4.4506
PTGFR	-0.16778
PTGFRN	-1.3233
PTGIR	1.5767
PTGIS	1.4488
PTH	1.2832
PTGS1	-0.71157
PTGS2	7.5582
PTHLH	1.6033
PTH1R	3.4145
PTH2R	0.060676
PTK2	-0.61496
PTK6	3.6923
PTK7	4.317
TWF1	1.1926
PTMA	0.18989
PTMS	3.3418
PTN	-0.88379
QSOX1	2.4166
PTPN1	0.0013637
PTPN2	0.46311
PTPN3	8.0139
PTPN4	4.38
PTPN6	3.72
PTPN7	2.4815
PTPN9	7.0674
PTPN11	5.1142
PTPN12	6.313
PTPN13	2.7877
PTPN14	5.8921
PTPRA	5.7167
PTPRB	2.5926
PTPRC	0.75544
PTPRD	-1.4233
PTPRCAP	0.5228
PTPRE	0.7696
PTPRF	3.0942
PTPRG	0.7064
PTPRH	2.5124
PTPRJ	6.7781
PTPRK	0.82593
PTPRM	0.685
PTPRN	2.6846
PTPRN2	-0.72941
PTPRO	6.8327
PTPRR	3.6861
PTPRS	0.60857000000000006
PTPRZ1	0.31691
PTS	-0.96826
PTX3	1.5838
RAD1	0.11276
PURA	2.6884
PURB	1.9331
PVALB	1.4099
PVR	1.4005
NECTIN1	0.59406
NECTIN2	6.7571
PWP2	0.3505
PEX19	2.6208
ABCD3	6.3605
ABCD4	-0.35643
PXMP2	1.1639
PEX2	0.20018
PXN	3.832
PEX5	-0.16512
PYCR1	2.1417
ALDH18A1	0.43224
PCYT2	0.50743
PYGB	4.4334
PYGL	-0.19296
PYGM	3.9933
PZP	1.7296
QARS1	6.3621
QDPR	0.38316
RAB1A	1.8458
RAB2A	5.2751
RGL2	3.7323
RAB3A	5.0397
RAB3B	0.82335
RAB3IL1	2.0611
RAB4A	-1.0953
RAB5A	2.3833
RAB5B	2.0728
RAB6A	-0.32019
MAP4K2	3.4858
RAB13	2.527
RAB27A	1.2631
RAB27B	-0.73235
RABGGTA	1.8917
RABGGTB	-0.13338
RABIF	0.75844
RAB5C	2.4596
RAC1	1.8908
RAC2	0.27254
RAC3	1.8464
RAD9A	1.2664
RAD17	7.2129
RAD21	0.7655
RAD23A	6.1094
RAD23B	1.1914
RAD51	3.1191
RAD51C	7.2065
RAD51B	7.4997
MOK	4.1202
RAD51D	-0.51634
RAD52	1.0082
RAF1	3.4936
RAG1	1.439
RAG2	-0.067079
RALA	-2.5566
RALB	4.8943
RALGDS	1.3244
RAN	1.3325
RANBP1	1.3274
RANBP2	0.51132
RANGAP1	4.3206
RAP1A	2.1497
RAP1B	-0.23284
RAP1GAP	3.9979
RAP1GDS1	0.47225
RAP2A	1.1723
RAP2B	-0.3048
RAPSN	7.6651
RARA	6.1094
RARB	7.657
RARG	2.4832
RARS1	-0.47974
RARRES1	0.093321
RARRES2	-0.65127
PLAAT4	0.51076
RASA1	1.1541
RASA2	4.816
RASGRF1	3.3591
RASGRF2	-0.67234
RB1	3.6645
ARID4A	1.7312
KDM5A	6.9074
RBBP4	1.8022
RBBP5	-0.73703
RBBP6	2.6743
RBBP8	2.2478
RBL1	3.0994
RBL2	6.0899
RBM4	4.3946
RBMS1	4.8394
RBMS2	5.2256
RBP1	1.4877
RBP2	1.4078
RBP3	2.0342
RBP4	4.6748
RCN1	2.7145
RCN2	7.2307
RCVRN	2.3871000000000002
RDH5	1.901
PRPH2	1.2953
RDX	1.9348
RECQL	1.4118
REL	-0.46967
REG1A	0.25643
REG1B	1.0552
RELA	6.1094
RELB	-0.3845
REN	0.91296
UPF1	2.5995
DPF2	1.9632
REST	0.93668
RET	2.8058
REV3L	3.1006
RFC1	3.5711
RFC2	0.68927
RFC3	-0.99556
RFC4	2.2296
RFC5	1.2616
RFNG	3.7687
TRIM27	6.1094
RFPL1	2.7841
RFX1	1.4453
RFX2	-0.29149
RFX3	0.069747
RFX4	0.12792
RFX5	5.366
RFXAP	2.5508
RGR	-0.066173
RGS1	1.3213
RGS2	0.84749
RGS3	4.9108
RGS4	1.9507
RGS7	0.012464
RGS10	1.1759
RGS12	5.4596
RGS13	2.0302
RGS16	-0.27288
RHAG	0.52946
RHCE	1.5675
RHD	1.8514
RHEB	3.0699
RHO	1.6314
RLN1	-1.8771
RIT2	3.4994
RING1	3.1505
RIT1	5.1174
RLBP1	-0.17653
RLF	1.6757
RLN2	-1.8244
RNASE1	-1.6928
RNASE2	1.8785
RNASE3	1.3488
RNASE4	-1.9427
RNASE6	0.35912
RNASEL	0.704
RNF2	4.506
BRD2	4.6974
RNF4	1.1835
RNF5	6.1094
RNF6	2.7208
RNH1	1.0184
RNPEP	2.7266
ABCE1	1.9714
ROBO1	2.7009
ROBO2	0.22585
ROCK1	4.1044
ROM1	0.76147
RORA	2.014
RORB	2.312
RORC	1.541
ROS1	0.86402
RP9	3.7024
RP1	0.095895
RPA1	0.90783
RPA2	1.4642
RPA3	2.0107
RPE	5.1924
RPE65	0.021389
RPL3	1.6669
RPL3L	6.7373
RPL4	1.347
RPL5	2.7957
RPL6	5.407
RPL7	1.7288
RPL7A	2.7815
RPL8	0.1039
RPL9	3.8945
RPL11	1.9991
RPL12	-0.47791
RPL13	7.3656
RPL15	0.39273
RPL17	2.2555
RPL18	3.1108
RPL18A	1.3395
RPL19	6.1094
RPL21	6.3779
RPL22	2.1997
RPL23A	1.8159
MRPL23	1.7058
RPL24	2.0641
RPL26	2.4982
RPL27	4.3726
RPL30	-0.32806
RPL27A	1.9393
RPL28	-0.34515
RPL29	1.5301
RPL31	5.175
RPL32	0.071066
RPL34	1.0839
RPL35A	-0.86045
RPL36AL	1.4923
RPL37	5.4628
RPL37A	-0.51518
RPL38	-0.070717
RPL41	2.9018
RPLP0	2.7041
RPLP1	-0.42021
RPLP2	2.3893
MRPL12	7.4348
MRPS12	2.0214
RPN1	0.56766
RPN2	2.1461
RPS2	5.5889
RPS3	0.60362
RPS3A	-0.36828
RPS5	1.2196
RPS6	1.888
RPS6KA1	3.5956
RPS6KA2	0.88973
RPS6KB1	4.8043
RPS6KB2	0.85022
RPS7	0.90385
RPS8	0.014493
RPS9	0.87835
RPS10	6.9529
RPS11	3.9102
RPS12	0.049037
RPS13	3.6049
RPS14	-0.6283
RPS15	1.2533
RPS15A	0.6167
RPS16	3.5335
RPS18	3.364
RPS19	-0.038089
RPS20	1.1177
RPS21	5.3389
RPS23	0.93567
RPS24	-0.41229
RPS25	3.6127
RPS26	1.7994
RPS27	2.766
RPS27A	1.9534
RPS28	1.3312
RPS29	0.73197
RRAD	1.8746
RRAS	5.2634
RRBP1	2.0502
RREB1	7.9362
RRM1	-0.074483
RRM2	0.6935
RTKN	4.1543
RSC1A1	6.4677
CLIP1	1.0106
RSU1	1.4644
RTN1	2.4067
RTN2	0.48355
RXRA	3.932
RXRB	2.6795
RXRG	2.4038
RYK	0.60407
RYR1	3.9365
RYR2	-1.1255
RYR3	-1.2356
S100A1	1.7297
SORT1	6.9325
S100A2	1.0725
S100A3	0.39376
S100A4	0.072782
S100A5	0.016202
S100A6	0.056823
S100A7	0.25578
S100A8	-0.18073
S100A9	-1.419
S100A10	3.7709
S100A11	1.4504
S100A12	-0.27137
S100A13	1.8154
S100B	1.601
S100P	-0.68929
SAA1	2.7173
SAA2	0.43885
SAA4	0.82234
VPS52	3.0029
SAFB	3.1293
SAG	5.9351
ACSM3	6.6545
SALL2	-0.082003
SALL1	6.1094
MAPK12	2.7806
SARS1	4.2435
TSPAN31	1.4455
SATB1	0.30627
SBF1	5.788
MSMO1	1.7318
SC5D	-0.98436
ATXN1	4.8658
ATXN2	4.9935
ATXN7	8.1285
SERPINB3	-0.35832
SERPINB4	-0.0099997
SCD	2.9393
CLEC11A	0.47515
SCN1A	0.8937
SCN1B	0.95061
SCN2A	0.097465
SCN2B	-0.5144
SCN3A	-2.1649
SCN4A	0.87411
SCN4B	-1.5644
SCN5A	6.3555
SCN7A	0.30498
SCN8A	0.31763
SCN9A	0.20952
SCN10A	1.7165
SCNN1A	2.821
SCNN1B	0.70796
SCNN1D	0.83979
SCNN1G	2.3435
SCO1	-0.5404
SCP2	1.7997
SCT	1.5285
SCTR	4.1273
SRL	3.6814
CCL1	0.26603
CCL2	-0.42325
CCL3	-0.4833
CCL3L1	1.7268
CCL4	-0.26922
CCL5	0.37802
CCL7	-0.53725
CCL8	-0.8271
CCL11	0.037822
CCL13	-0.19163
CCL14	0.1184
CCL15	0.37509
CCL16	0.03241
CCL17	1.3805
CCL18	-1.5199
CCL19	3.6308
CCL20	-0.16431
CCL21	-0.41302
CCL22	-1.0044
CCL23	-0.056141
CCL24	2.0923
CCL25	-1.1234
CXCL6	1.1571
CXCL11	4.4159
CXCL5	0.12907
XCL1	-2.6365
CX3CL1	1.1451
SDC1	1.3953
SDC2	1.8095
SDC4	5.2303
SDCBP	2.6065
CXCL12	2.5158
SDF2	2.4963
SDHA	0.046419
SDHB	-0.44633
SDHC	1.4575
SDHD	3.8863
SEC13	1.7103
SEC14L1	-0.4397
SECTM1	-0.84087
SEL1L	-0.072444
SELE	1.0477
SELL	0.80307
SELP	-1.4091
SELPLG	1.513
SEMA3F	3.7804
SEMG1	0.21368
SEMG2	0.83513
SELENOP	-1.2943
SELENOW	1.0553
MAP2K4	1.2277
SET	1.8507
SETMAR	0.48554
SFPQ	-1.5877
SFRP1	-0.19249
SFRP2	-0.836
SFRP4	2.7828
SFRP5	0.93356
SRSF1	0.62882
SRSF2	-0.65507
SRSF3	2.4184
SRSF4	2.1641
SRSF5	-0.51338
SRSF6	-0.52234
SRSF7	0.098579
SFSWAP	1.7272
TRA2B	5.6361
SFTPB	2.9427
SFTPC	0.56967
SFTPD	4.1691
SGCA	1.6393
SGCB	5.8842
SGCD	2.8731
SGCG	-0.53527
SGK1	1.2
SCG5	-0.68634
SGSH	-0.72145
SGTA	3.7662
SH3BGR	0.14943
SH3BP2	0.69061
ITSN1	5.6608
SH3GL1	3.8138
SH3GL2	1.9385
SH3GL3	2.4647
SHB	3.3117
SHBG	5.9071
SHC1	2.8049
FBXW4	1.7806
SHH	7.9347
SHMT1	1.7593
SHMT2	7.3636
SHOX2	1.0727
SI	-1.0823
SIAH1	1.3085
SIAH2	-1.391
ST6GAL1	1.7074
ST3GAL1	4.0843
ST3GAL2	2.3442
ST3GAL4	4.4073
ST3GAL3	3.0903
ST8SIA1	1.2555
PMEL	1.7939
STIL	2.0184
SIM1	5.9395
SIM2	3.8606
SIPA1	6.1094
SIX1	3.7102
SIX3	2.5226
SKI	6.6608
SKIL	5.6084
SKIC2	7.4539
SKP1	1.5607
SKP2	0.015374
SLA	-1.217
SLAMF1	-0.42248
SLC1A1	-0.22413
SLC1A2	1.8004
SLC1A3	2.5413
SLC4A3	0.74907
SLC1A4	2.3832
SLC1A5	2.9308
SLC1A6	-0.45129
SLC1A7	4.6321
SLC2A1	3.4967
SLC2A2	3.5118
SLC2A3	-0.62995
SLC2A4	1.198
SLC2A5	-0.14688
SLC3A1	6.3644
SLC3A2	2.4656
SLC4A1	0.40717
SLC4A2	5.5617
SLC5A1	0.085843
SLC5A2	1.1002
SMTN	3.2184
SLC5A3	1.4834
SLC5A4	-0.22145
SLC5A5	1.2511
SLC6A1	-1.01
SLC6A2	1.3813
SLC6A3	2.4197
SLC6A4	2.8476
SLC6A6	1.4507
SLC6A7	2.7822
SLC6A9	2.3831
SLC6A11	0.48058
SLC6A12	6.863
SLC6A13	7.8493
SLC7A1	4.2024
SLC7A2	4.0823
SLC8A2	0.59467
SLC7A4	-0.72143
SLC8A1	5.3492
SLC8A3	0.5662
SLC9A1	2.2549
SLC9A2	3.0905
SLC9A3	8.3708
SLC9A5	2.5266
SLC10A1	-0.62504
SLC10A2	3.0193
SLC11A1	1.9022
SLC12A1	0.3256
SLC12A2	1.6952
SLC12A3	1.4362
SLC12A4	2.8564
SLC13A1	0.92671
SLC14A1	3.3994
SLC15A1	0.51172
SLC15A2	6.8702
SLC16A1	3.5131
SLC17A1	6.9704
SLC34A1	6.1094
SLC18A1	0.73256
SLC18A2	-0.42509
SLC18A3	1.7451
SLC19A1	1.9799
SLC20A1	1.7423
SLC20A2	2.817
SLC25A1	2.3022
SLCO2A1	-1.6845
SLCO1A2	0.60216
SLC22A1	6.1094
SLC22A3	5.8683
SLC22A2	7.0263
SLC22A4	5.7779
SLC22A5	7.0372
SLIT1	0.28129
SLIT3	0.091537
SLN	-1.0131
SLPI	0.43414
SNAI2	3.0599
SMARCA2	0.83392
HLTF	-0.28321
SMARCA4	-0.38888
SMARCB1	4.833
SMARCC1	2.9397
SMARCC2	1.6888
SMARCD1	3.6752
SMARCD2	-0.59631
SMARCD3	2.0121000000000002
SMARCE1	0.44888
SMN1	1.819
SMN2	-0.29617
SMO	1.8431
SMPD1	2.3469
SMPD2	2.5269
SUMO3	0.4906
SUMO2	2.4865
SIGLEC1	0.96149
SNAI1	2.328
SNAP25	0.15773
SNAPC1	1.0264
SNAPC2	0.025246
SNAPC3	-0.080687
SNCB	1.1267
SNAPC4	4.1913
SNCA	1.026
SNCG	-0.61159
FSCN1	1.0272
SNRNP70	5.8969
SNRPA	5.2568
SNRPA1	0.12102
SNRPB	0.76476
SNRPB2	0.39677
SNRPC	5.8988
SNRPD1	5.8388
SNRPD2	4.6816
SNRPD3	3.1499
SNRPE	0.52552
SNRPF	1.0778
SNRPG	3.6812
SNRPN	-2.1951
SNTA1	4.4058
SNTB1	4.9081
SNX1	2.7209
SNX2	-0.80091
SNTB2	1.0766
SOAT1	0.63791
SOD1	3.4575
SOD2	2.8214
SOD3	0.71442
CAPN15	1.056
SON	5.5094
SORD	6.0501
SORL1	2.3823
SOS1	0.32436
SOS2	3.6365
SOX1	-0.41915
SOX2	1.8436
SOX4	0.19867
SOX5	3.3876
SOX9	0.9021
SOX10	1.7187
SOX11	2.0051
SOX15	4.8239
SOX12	0.51576
SP1	4.9294
SP2	3.9693
SP3	4.0163
SP4	0.37834
SP100	3.043
SPAG1	2.4019
UAP1	0.99777
SPAG4	6.4494
SPAM1	-0.050945
SPARC	-0.56704
SPAST	1.874
SPG7	5.6826
SPI1	7.8064
SPIB	1.7506
SPINK1	-1.2557
SPINK2	0.82499
SPINT1	3.3852
SPN	-0.28945
SPP2	-0.47421
SPOCK1	2.0666
SPP1	4.907
SPR	0.72326
SPRR1A	2.1177
SPRR1B	1.9063
SPRR2A	1.6878
SPRR2B	1.3054
SPRR2D	1.9298
SPRR2E	0.5989
SPRR2F	-1.0271
SPRR2G	-0.75837
SPRR3	2.0084
SPTA1	0.63546
SPTAN1	1.5263
SPTB	0.070445
SPTBN1	8.2298
SPTBN2	4.6235
SQLE	1.6244
SRC	1.9985
SRD5A1	-0.029078
SRD5A2	2.9396
SRI	0.20693
AKR1D1	1.2016
SREBF1	6.824
SREBF2	6.7075
SRF	4.2086
SRM	0.10207
SRMS	2.8664
SRP9	0.1975
SRP14	3.8309
SRP19	0.54042
SRP54	6.1575
SRP68	0.94529
SRP72	1.6804
SRPK1	0.4969
SRPK2	3.9823
SRPRA	5.8618
TRIM21	0.56923
RO60	2.6231
SSB	0.8772
SSBP1	1.8413
ITPRID2	2.4263
SSR1	3.1947
SSR2	5.1534
SSR3	2.6636
SSRP1	1.9358
SST	0.38323
SSTR1	1.207
SSTR2	-0.49993
SSTR3	0.70109
SSTR4	2.9629
SSTR5	2.2641
SS18	0.16635
DENND2B	1.3274
ST13	3.5979
ST14	2.429
STAC	-0.10302
STAR	-1.0911
STAT1	1.15
STAT2	3.9012
STAT3	7.3024
STAT4	-0.22008
STAT5A	5.5185
STAT5B	4.4144
STAT6	1.7848
STATH	-0.54216
STAU1	0.64056
STC1	6.1094
HSPA13	-0.84448
SULT1E1	1.433
ELOVL4	0.61176
STIM1	0.95902
NEK4	5.625
STK3	1.3937
STK4	-0.044731
AURKA	1.9049
STK10	-0.55472
STK11	6.4659
AURKC	1.6123
SULT1A2	3.6465
STRN	0.2446
STX1A	1.8827
STX3	2.1973
STX4	2.076
STX5	1.4033
STXBP1	2.5209
STXBP2	2.1147
STXBP3	1.264
STYX	0.26083
SULT1A1	3.287
SULT1A3	1.0403
SULT1C2	-0.72438
SULT2B1	1.1054
SUOX	2.6834
SULT2A1	2.3973
SUPT4H1	4.7155
SUPT5H	3.3267
SUPT6H	1.6934
SUPV3L1	2.4112
ABCC8	0.36791
SURF1	2.6966
SURF2	2.7585
SURF4	2.8369
MED22	2.584
SURF6	1.5664
SVIL	7.9449
VAMP1	-0.030651
VAMP2	3.2967
XCL2	0.29005
SYCP1	4.8864
SYK	2.1911
SYN2	6.1094
SYPL1	0.27519
SYT1	-0.16932
SYT4	2.4693
SYT5	2.3549
TBXT	1.0243
TAC1	-1.2473
TACR2	1.246
TAC3	2.3513
TACC1	2.7775
ADAM17	2.8922
TACR1	0.40087
TACR3	0.54639
TADA2A	-0.38278
TAF2	1.637
TAF4	6.9911
TAF4B	2.0761
TAGLN	3.0325
TAF5	7.7104
TAF6	0.46665
TAF7	2.6905
TAF9	6.1094
TAF10	0.95968
TAF11	4.308
TAF12	1.6985
TAF13	0.93998
MAP3K7	2.0744
TAL1	3.5702
TAL2	-1.6708
TALDO1	1.6239
TAP1	3.4858
TAP2	4.4872
TAPBP	3.8436
TARBP1	1.1975
TARBP2	7.2844
TARS1	-0.1414
TAT	6.9585
TBX1	1.1203
CNTN2	-0.51517
TBCA	0.96733
TBCC	0.7614
TBCD	2.3818
TBCE	3.8334
TBP	0.77128
TBX2	6.1094
TBX5	2.2671
TBX6	4.1445
TBX15	2.4732
TBXA2R	0.66527
TBXAS1	1.79
TCEA1	0.40522
TCEA2	7.6303
TCEA3	6.1094
ELOC	0.88176
ELOB	1.7072
ELOA	1.2962
TCF4	3.8255
TBX3	0.81162
HNF1A	5.098
HNF1B	5.1132
TCF3	1.7471
TCF7	2.1265
TCF7L2	4.1054
ZEB1	1.8283
GCFC2	1.5225
TCF12	3.9854
TCF15	-0.31145
ZNF354A	0.5612
TCF19	7.7774
TCF20	6.989
TCF21	6.3348
VPS72	4.3658
MLX	1.9872
TCN1	1.4747
TCN2	4.6566
TCOF1	0.099842
TCP1	3.2728
TCP10L3	0.6682
TCP11	2.0366
TRA	-0.29119
TRB	0.71976
TRD	1.2067
TRG	-0.81483
TECTB	0.90089
TCTA	7.6479
DYNLT2	2.0267
PPP1R11	4.6796
DYNLT1	-0.35389
TDG	-0.78728
CRIPTO	1.6904
TDO2	-0.144
PRDX2	3.2277
TEAD1	1.3404
TEAD4	2.4786
TEAD3	4.2901
TEC	0.80446
TECTA	0.74931
TEF	5.2382
TMBIM6	-0.45844
TEK	0.21141
TEP1	-0.81824
TERF1	0.40814
TERF2	1.4504
TERT	1.9299
TESK1	0.71068
TF	2.2254
TFAM	0.75402
TFAP2A	0.65918
TFAP2B	6.1094
TFAP2C	-0.97929
TFAP4	1.2993
TFCP2	3.3399
NR2F1	-0.66751
NR2F2	4.381
TFDP1	-1.0267
TFDP2	8.3453
TFF1	-0.73232
TFF2	-0.27511
TFF3	0.87085
TFPI	5.7556
TFR2	2.2132
TFRC	1.8352
TG	0.74947
TGFA	3.1923
TGFB1	2.0728
TGFB1I1	0.56352
TGFB2	2.4214
TGFB3	1.691
LEFTY2	-0.14049
TGFBI	0.93762
TGFBR1	2.0048
TGM4	1.3539
TGFBR2	1.7927
TGFBR3	5.3834
TGIF1	-0.94207
TGM1	1.4334
TGM2	-0.96632
TGM3	2.0324
TH	7.4245
THBD	2.7026
THBS1	0.35876
THBS2	-1.5067
THBS3	7.6741
THBS4	-2.3889
TCHH	1.8393
THOP1	3.3201
THPO	3.6317
THRA	4.7976
THRB	3.3205
THRSP	1.1892
THY1	5.9318
KLF10	4.0639
TIA1	3.5871
TIAL1	0.4652
TIAM1	2.1199
TIE1	1.7054
TIMP2	1.6495
TIMP3	0.4442
TIMP4	6.1094
NKX2-1	1.1809
TJP1	-0.77361
TK1	1.9646
TK2	0.62423
TKT	2.1324
ICAM5	1.7481
TLE1	2.1163
TLE2	1.0948
TLE3	2.5849
TLE4	3.0194
TLL1	1.0062
TLL2	3.1122
TLN1	1.3343
SEC62	0.054835
TLR1	0.93645
TLR2	-2.6762
TLR3	2.098
TLR4	0.59486000000000006
TLR5	0.084058
NR2E1	2.8314
TSPAN8	0.76678
TM4SF4	0.82544
TSPAN4	1.2416
GPR137B	2.6009
TM7SF2	3.2645
TRAPPC10	-0.25898
TMF1	6.1094
TMOD1	2.6208
TMPO	1.1457
TMPRSS2	2.5006
CLDN5	-0.21422
CLEC3B	0.14773
TNF	7.7325
TNNC2	3.0175
TNFAIP1	1.7307
TNFAIP2	-0.38639
TNFAIP3	1.4234
TNFAIP6	7.9347
TNFRSF1A	2.5995
TNFRSF1B	-1.0629
TNNC1	5.6743
TNNI1	0.4649
TNNI2	1.4893
TNNI3	1.9757
TNNT1	0.93407
TNNT2	0.99932
TNNT3	1.8683
TNP1	4.3365
TNP2	8.0533e-4
TNR	-0.010207
TNS1	2.3565
TNXB	6.3703
TOP1	5.014
TOP2A	5.2022
TOP2B	0.85849
TOP3A	1.5354
TP53	1.402
TP53BP1	3.594
TP53BP2	3.9117
TP73	0.42894
TPBG	0.32077
TPD52	0.37428
TPD52L1	0.85927
TPD52L2	4.0555
TPH1	3.3794
TPI1	2.9177
TPM1	7.1241
TPM2	1.1965
TPM3	3.7017
TPM4	0.56309
TPMT	0.95862
TPO	1.5436
TPP2	1.8391
TPR	4.6831
TPSAB1	1.7957
TPT1	-0.56639
CRISP2	0.70528
NR2C1	1.128
NR2C2	0.29391
HSP90B1	0.92063
TRAF1	2.6561
TRAF2	2.9599
TRAF3	3.5294
TRAF5	6.0766
TRAF6	1.4435
TRH	4.0557
TRHR	5.4754
CCT3	2.6439
TRIO	0.90715
TRIP6	3.3742
TRPC1	2.9873
TRPC3	2.1632
TRPC4	-0.56174
TRPC6	-0.6651
TRPM2	0.082096
TRPS1	3.178
TSN	1.2094
TSC1	3.1851
TSC2	6.1094
TSG101	1.8153
TSHB	4.3223
TSHR	1.7595
TSNAX	6.4185
TSPYL1	3.3867
EIPR1	-2.0071
PHLDA2	4.7511
TST	2.3662
GFUS	2.1067
TTC1	1.5554
DNAJC7	1.1829
TTC3	3.1288
TTC4	1.8012
TTF1	-1.1392
TTK	-1.3661
TTN	7.6506
TTPA	1.3494
TUB	6.02
TTR	3.5959
TUBA4A	0.83596
TUBA3C	1.0553
TUBB2A	0.040528
TUBG1	2.2503
TUFM	4.1974
TUFT1	2.1928
TULP1	4.2752
TULP2	3.6816
TULP3	1.1674
HIRA	0.4858
TWIST1	1.8999
TNFSF4	0.33738
TNFRSF4	-0.59749
TXK	0.2604
TXN	2.5893
TXNRD1	0.35473
TYK2	0.73936
TYMS	-1.1134
TYR	0.96512
TYRO3	3.9153
TYROBP	2.0894
TYRP1	0.70736
U2AF1	0.38886
UBA52	3.7967
UBB	-0.59542
UBC	0.13552
UBA7	5.4172
UBE2B	1.5739
UBE2D1	1.2215
UBE2D2	3.9672
UBE2D3	6.9602
UBE2E1	0.14129
UBE2E2	-0.24869
UBE2G1	1.3599
UBE2G2	-0.16251
UBE2H	7.164
UBE2I	0.95842
UBE2L3	3.7629
UBE2N	0.99493
UBE2V1	-0.23127
UBE2V2	2.5851
UBE3A	-0.32197
SUMO1	3.9819
UBP1	2.0293
UBTF	1.4133
UCHL1	-1.2115
UCHL3	0.65786
UPK1B	2.0846
UCN	6.1094
UCP1	0.58838
UCP2	0.97526
UCP3	2.375
UFD1	0.72814
SCGB1A1	0.93994
UGCG	2.2542
UGDH	1.4632
UGP2	4.9261
UGT2B4	0.24356
UGT2B7	-1.3717
UGT2B10	1.0248
UGT2B15	0.79245
UGT2B17	-0.62614
UGT8	6.9848
UMOD	6.1094
UCK2	-0.94779
UMPS	2.6438
COL14A1	3.3238
UNG	-1.1312
USP4	7.2622
NR1H2	0.18141
UPP1	1.48
UPK2	3.1533
UPK3A	1.3593
UQCRB	-0.42379
UQCRC1	3.4201
UQCRC2	2.0736
UQCRFS1	-0.019586
UQCRH	3.643
UROD	1.6035
UROS	0.3724
USF1	0.5053
USF2	2.4916
USP1	6.5678
USH2A	-0.91137
CLRN1	1.672
UTRN	1.8566
UVRAG	4.4713
VARS1	6.9403
VASP	1.0484
VAV1	0.47991
VAV2	0.87865
VCAM1	3.759
VCL	7.0765
VCP	0.22525
VDAC1	-0.39826
VDAC2	0.28696
VDAC3	1.3076
VDR	1.933
VEGFA	2.2838
VEGFB	1.7032
VEGFC	0.61294
VGF	2.8398
VHL	0.71547
VIL1	6.1094
EZR	2.5164
VIM	4.5547
VIP	-0.85739
VIPR1	1.5349
VIPR2	4.0681
VLDLR	-0.093864
BEST1	1.5478
VPREB1	-0.60062
TRPV1	1.2694
VRK1	1.3695
VRK2	1.6384
VSNL1	1.0809
VTN	1.1981
VWF	0.92951
WARS1	6.0085
ZAN	3.5364
WIPF1	3.1032
EIF4H	0.10724
CLIP2	1.5639
LAT2	-0.0098206
CORO2A	1.8939
WEE1	3.7587
WFS1	1.1877
NSD2	2.9559
NELFA	3.4522
WNT1	5.4689
WNT2	0.55567
WNT3	1.1304
WNT5A	0.55778
WNT6	1.7054
WNT7A	5.5781
WNT7B	1.0118
WNT8A	3.3221
WNT8B	2.1999
WNT10B	4.1019
WNT11	0.20205
WNT2B	7.1242
WNT9A	4.7068
WNT9B	2.9865
GET1	0.80358
WRN	1.6702
WT1	2.8405
XBP1	0.93779
XDH	1.1015
XPA	0.36347
XPC	6.6026
XPNPEP1	0.10276
XPO1	2.4555
XRCC1	-0.16219
XRCC2	-0.059401
XRCC3	3.1889
XRCC4	1.2025
XRCC5	-0.70642
YES1	2.5755
YY1	6.7904
YWHAB	0.8555
YWHAE	1.2168
YWHAG	2.7367
YWHAH	2.0436
YWHAZ	2.0065
ZAP70	2.8536
SF1	3.5656
ZFP36	2.4498
ZFP37	-0.77591
ZBTB14	0.097478
ZFPL1	1.6107
ZIC1	0.40372
ZIC2	0.20169
ZNF2	1.4401
ZNF3	1.0497
ZNF7	1.9042
ZNF8	0.63639
CNBP	-0.04082
ZNF10	1.071
ZNF12	3.5012
ZNF14	2.3488
ZNF708	0.86921
ZNF16	1.245
ZNF17	1.3507
ZNF18	0.41398
ZNF19	5.8645
ZNF20	0.87589
ZNF22	-0.12708
ZNF23	3.4876
ZNF24	3.3551
ZNF28	1.8169
ZSCAN20	1.8748
ZNF32	-0.0027791
ZNF33A	1.1421
ZNF33B	0.036472
ZNF35	2.3192
ZKSCAN1	0.91356
ZNF37A	0.80186
ZSCAN21	-0.014045
MZF1	2.2226
ZNF43	1.6322
ZNF45	0.36586
ZBTB25	-0.14739
ZNF69	0.007997
ZNF70	3.48
ZNF74	-0.52792
ZNF75A	2.4272
ZNF76	3.7634
ZNF79	-0.47632
ZNF80	-0.44455
ZNF221	0.47901
ZNF85	0.10318
ZNF90	-0.14618
ZNF91	3.6376
ZNF99	-0.85478
ZNF222	0.99788
ZNF121	0.86836
ZNF124	-0.45815
MKRN3	0.65699
ZNF131	4.0521
ZNF132	1.3765
ZNF133	0.6857
ZNF134	1.0368
ZNF135	0.42445
ZNF136	0.34451
ZNF138	1.6328
ZNF140	1.5628
ZNF141	0.57532
ZNF142	5.4593
ZNF143	1.0529
PCGF2	3.2765
ZBTB16	3.6824
ZNF146	2.1028
TRIM25	0.24097
ZNF148	6.486
ZBTB17	6.5252
ZNF154	-0.25157
ZNF155	0.17689
VEZF1	-0.56099
ZNF165	6.854
TRIM26	6.8663
ZNF174	2.2131
ZNF175	-0.32688
ZNF177	3.161
RNF112	3.3363
ZNF180	-0.37341
ZNF184	5.5073
ZSCAN26	6.1094
ZNF189	1.7111
ZKSCAN8	7.0665
ZSCAN9	6.1094
ZNF195	0.203
ZMYM2	2.5006
ZNF200	0.24491
ZNF202	0.45312
ZNF205	3.6292
ZNF207	0.63871
ZNF208	1.6001
ZNF213	3.7857
ZNF214	1.8521
ZNF215	1.1856
ZFAND5	1.0961
ZNF217	1.293
ZNF223	0.37218
ZNF224	-0.43358
ZNF225	-0.73005
ZNF226	0.11048
ZNF227	-0.17714
ZNF112	-0.54111
ZNF229	-0.085766
ZNF230	0.95756
ZNF232	3.5573
ZNF236	2.9321
SLC30A1	2.1011
SLC30A2	2.2146
SLC30A3	7.6255
SLC30A4	6.1094
ZP2	4.3836
ZP3	2.2949
MAP3K12	6.5289
ZYX	2.4184
LUZP1	7.4678
PRDM2	1.8279
DNALI1	1.9366
PTP4A1	1.5044
LRP8	-0.28307
LAPTM5	0.40088
BSND	-0.63061
CSDE1	2.7501
EVI5	2.4002
DAP3	4.1175
NPHS2	0.25466
BTG2	-0.94057
PXDN	-0.56965
ALMS1	6.4507
MOGS	3.7538
RNF103	1.7038
TUBA1A	2.6371000000000002
PAX8	6.5528
IL1R2	1.5875
MALL	-0.40771
CXCR4	0.55411
FZD5	1.0856
SCG2	-1.1785
BRPF1	0.45584
IFRD2	4.565
MAPKAPK3	2.7541
SEMA3B	4.7492
SLMAP	2.6695
MANF	3.2338
USP7	1.0403
RAB7A	3.2632
KCNAB1	1.7981
SLBP	3.6306
ST8SIA4	0.43252
REEP5	0.71251
DEK	-0.98062
ALDH5A1	0.80757
PRRC2A	6.1094
BAG6	6.1094
GPANK1	6.1094
DDX39B	6.9169
ABHD16A	7.2799
SLC39A7	2.5612
HSD17B8	2.6655
OR2H2	5.6994
NELFE	7.3024
LST1	6.1094
PLA2G7	1.4757
TFEB	8.6376
EPM2A	3.0811
AIMP2	0.84787
MAFK	3.2846
FZD3	1.2865
MTERF1	1.8969
SEM1	0.78873
TFPI2	-0.5897
ST7	-0.32292
ARHGEF5	0.69929
ZNF212	0.074539
TUSC3	0.57507
UBXN8	1.4358
KAT6A	-0.17009
PSCA	3.1829
GLRA3	0.099337
NR4A3	-0.15176
BRD3	4.6859
NUP214	-0.21946
LHX3	6.1094
STAM	1.8707
MLLT10	2.9618
CUBN	4.9672
CCDC6	0.67414
NCOA4	2.5042
SLC25A16	5.7961
SHOC2	1.1403
ADAM12	-0.012185
RASSF7	1.4237
CSRP3	1.3692
PDHX	0.61282
FOSL1	6.4816
CUL5	0.19573
PTP4A2	1.3875
FGF23	4.2529
MFAP5	-0.037988
USP5	2.8283
MLF2	4.9204
SSPN	0.64917
KMT2D	5.0688
AAAS	1.6348
FXR1	1.5728
YEATS4	4.59
HMGA2	7.507
ALX1	2.5989
CDK2AP1	-0.14231
IFT88	4.7153
PABPN1	-0.32062
DPF3	10.086
GPR68	-0.37613
TCL1A	0.41109
AP3B2	6.2628
ANP32A	2.0113
ST8SIA2	-1.8632
NPRL3	2.7154
GAN	0.57997
SLC7A5	0.19235
TAF15	-0.10252
RND2	4.9491
COIL	-0.25336
AKAP1	1.139
SLC14A2	5.535
MADCAM1	-1.0421
SF3A2	4.1276
ELL	2.7244
ZNF239	2.7595
SYMPK	2.5322
MIA	5.4698
CLPP	0.4202
DPF1	3.8015
MKKS	-0.26811
GDF5	3.9462
NCOA3	2.8404
NRIP1	3.1097
CHAF1B	4.0964
GATD3	1.101
DGCR6	2.2637
LZTR1	1.2088
CLTCL1	1.6887
ESS2	4.315
SYN3	2.9011
EPX	2.1037
ARID1A	6.4139
H3-4	4.0787
DYSF	0.31863
COLQ	2.9396
SERF1A	2.6033
H4C9	4.1189
TRRAP	1.2007
PICALM	3.2484
KLRC4	1.7027
SNN	-0.016114
ACOX2	2.0807
ACOX3	0.47551
AXIN1	4.5062
AXIN2	2.0677
BAP1	3.9098
BRAP	6.1094
CDC7	0.69727
CDC45	0.086385
EOMES	1.7195
FZD1	0.93783
FZD4	1.7752
FZD6	-0.82779
FZD7	0.28559
FZD8	1.2172
FZD9	3.9596
GFI1B	2.9536
H2AC13	6.1094
H2AC15	6.1094
H2AC14	7.8064
H2AC16	7.2069
H2AC6	7.188
H2AC4	7.8017
H2AC17	7.7126
H2AC18	3.4159
H2AC20	3.4472
H2BC8	1.7037
H2BC13	7.0921
H2BC15	6.1094
H2BC14	7.7907
H2BC7	1.7118
H2BC6	2.4182
H2BC9	3.7477
H2BC10	2.9489
H2BC4	7.0775
H2BC17	6.4477
H2BC21	3.4769
H3C1	7.9006
H3C4	2.1003
H3C3	6.1094
H3C6	1.587
H3C11	7.4323
H3C8	2.8207
H3C12	7.5101
H3C10	6.8994
H3C2	7.7625
H4C1	7.6895
H4C4	1.879
H4C6	1.8352
H4C12	7.3472
H4C11	7.4659
H4C3	7.1518
H4C8	1.6591
H4C2	7.7104
H4C5	1.8833
H4C13	6.1094
H4C7	3.2631
H4C14	2.6234
HYAL3	2.7215
MAD1L1	1.2331
NME5	5.2667
OR1A1	0.28522
OR1D5	0.17353
OR1E1	0.80285
OR1E2	0.75927
OR1G1	0.31995
OR3A3	0.70099
PIP5K1A	4.5818
PIP5K1B	9.0516
PIP4K2B	0.44646
PLA2G6	8.3147
PLA2G10	1.1436
SLC25A11	3.4135
SOX14	0.96382
SPARCL1	0.22059
SPOP	2.9252
TAGLN2	-0.12218
ULK1	1.6385
EEA1	-0.16949
BCAR3	7.3011
ANXA9	6.1094
STX7	2.2712
BFSP2	1.4971
BBOX1	3.0846
LTBP4	3.9521
ZNF282	2.4306
STK24	2.9215
NR0B2	6.4671
UTF1	1.2303
RECK	-0.77948
SOAT2	-0.10724
CAVIN2	0.24661
RASAL1	-1.237
RAD54L	2.6563
NSMAF	1.7647
NCK2	0.030022
GNPAT	1.1063
DYRK3	2.7145
DYRK2	-0.18589
DUSP11	6.1094
DOC2B	0.17088
DOC2A	2.85
DHX16	4.0781
CUL4A	3.0871
CUL3	4.2748
CUL2	0.91451
CUL1	-1.5122
ATRN	1.7682
FOXN1	3.371
TTF2	0.61215
TPST2	2.6821
TPST1	5.3135
KLF11	3.7496
TEAD2	0.44852
SUPT3H	6.5135
SMARCA5	2.3706
FKBP6	0.94713
SORBS2	0.98764
CDC42BPA	4.7605
GPR65	0.52577
HIRIP3	2.523
RAE1	2.6339
SEMA7A	6.2288
CILP	1.145
GALR3	1.3898
GEMIN2	1.3775
RGS5	0.32617
MAP4K3	1.7186
PRSS12	4.083
PPM1D	2.5116
PPFIBP2	-0.10069
PPFIBP1	1.5068
PPFIA4	1.2822
RANBP3	-1.7188
PPFIA2	5.2898
PPFIA1	-0.19885
SLC43A1	1.2183
PKP4	0.51701
PIK3R3	6.8166
PEX3	-1.5939
PARG	5.8256
CNTNAP1	2.4534
ENC1	-0.0018353
NIPSNAP1	3.2555
NDST2	6.5973
MMP23B	2.0654
LIPF	0.55303
KCNAB2	-1.7409
ITGA10	0.67921
ITGA8	1.6283
ELP1	3.7404
IFITM1	6.7934
HAT1	2.2088
GCM1	1.5048
GAS7	2.0639
DGKZ	4.6409
DGKE	3.4174
DGKD	6.6158
DDO	-0.21758
CYP4F2	0.19204
CST7	0.12411
YBX3	2.7836
CPZ	0.6957
COPS3	3.4296
CHST1	0.15079
CBX4	2.0219
CAMK1	0.70324
BCAS1	3.1008
BARX2	-1.6104
API5	1.0916
AGPS	1.6482
PPFIA3	4.2388
APOL1	2.4753
LMO4	0.11753
CGGBP1	-0.15278
AP3B1	1.2231
FCN3	5.7606
BLZF1	1.61
LGR5	2.9328
MAPKAPK5	6.0556
BHLHE40	1.1981
PIAS1	0.39527
CDC14B	2.9209
CDC14A	5.2093
TCAP	7.4495
CDK10	6.1094
PRPF18	0.34791
DEGS1	-0.82444
DENR	3.3546
THOC5	2.9515
KMO	0.023027
YARS1	0.77776
PDXK	1.6769
MADD	7.6785
RRP1	-0.3268
MKNK1	1.1543
KHSRP	0.90738
PDLIM4	6.2427
AKR7A2	1.7526
PRKRA	2.3252
STK16	1.2671
TMEFF1	4.3819
SCARF1	4.2821
LY6D	2.5846
OR6A2	-0.74335
TNFSF11	1.7327
RGS20	-0.73939
NOP14	2.8457
FAM193A	1.3938
SLC25A12	2.1635
PLA2G4C	0.30944
RUVBL1	2.9264
RDH16	2.2343
KLF7	2.9447
PLPP1	0.02583
PLPP2	1.333
PLPP3	5.6787
STC2	2.4771
USO1	3.2279
CADPS	0.36702
NPFF	7.2192
CDK13	-1.0257
PDE8B	5.8455
PSMG1	3.1793
RFXANK	2.4774
TP63	4.9184
JRK	1.5538
HSD17B6	3.8371
SKAP1	5.7266
DNAH17	1.4865
UNC5C	4.5119
RTCA	0.98949
RNASET2	-0.28273
SSNA1	5.415
EIF4EBP3	2.2706
OASL	4.944
AOC3	0.80781
PCDHGB4	4.0764
DCHS1	1.6509
PTCH2	0.30745
AKR1C3	-0.35214
KCNK5	4.6527
CHRD	2.352
ABCB11	5.943
NCOA1	3.1277
LAMTOR3	2.1611
NUMB	7.2487
SOCS1	-0.13518
PDE5A	3.7456
DYNLL1	3.7396
TNKS	6.9105
ALDH4A1	0.4862
IRS2	5.0614
EIF3A	-0.94144
EIF3B	3.0654
EIF3C	1.7294
EIF3D	1.1092
EIF3F	2.1339
EIF3G	3.4105
EIF3H	1.5668
EIF3I	1.5535
EIF3J	1.1842
SLC4A4	2.337
EIF4G3	0.7234
VAMP8	3.2573
VAMP4	3.0887
STX16	1.8328
STX11	1.0915
STX10	-0.74331
BECN1	1.1703
JMJD7-PLA2G4B	3.2341
PEA15	3.1662
SRSF9	3.6256
MARCO	0.94692
KRT38	-1.1359
KRT37	-1.6829
KRT36	-1.2949
JRKL	1.5099
HYAL2	2.9361
GALNT4	0.20425
DGAT1	3.7301
CDC23	4.8445
S1PR4	-0.55017
DNAH11	1.3804
B4GALT4	0.51949
B4GALT3	1.7588
B4GALT2	2.2626
B3GALT4	3.7602
B3GALNT1	3.1921
B3GALT2	2.6079
B3GALT1	0.53595
SERPINB7	-0.019335
TNK1	1.6661
ABCC3	1.6334
NOL4	2.261
TRADD	3.842
TNFRSF25	1.7578
MBTPS1	3.115
EDF1	2.8727
CTSF	5.6302
SNX4	4.32
SNX3	1.6149
URI1	1.4461
EED	5.0426
CTNNAL1	3.199
ADAM19	5.7156
GBF1	6.2637
RNMT	-0.47041
RNGTT	-0.11269
GPAA1	1.0143
MYH13	-0.14529
MYOM1	0.42441
RIPK1	0.10303
CRADD	2.1788
HRK	1.2668
TNFSF14	0.61939
TNFSF13	5.1612
TNFSF12	4.5959
TNFSF10	-0.27582
TNFSF9	-2.2816
ADAM23	2.9706
ADAM21	2.7603
ADAM20	0.18434
ADAM18	-0.73145
ADAM15	7.7731
ADAM9	1.4354
ADAM7	3.2234
CDS2	0.40826
PABPC4	2.506
CD164	2.4619
TNFRSF14	0.36232
RAB11A	1.3161
RIPK2	0.98051
TNFRSF6B	7.6975
FADD	3.8321
SNAP23	2.4355
NAPG	3.2646
NAPA	-1.0809
MPDZ	-0.012684
SIGLEC5	1.4792
RIOK3	0.3382
TNFRSF18	-1.6259
MATN4	0.80733
RGS11	3.9677
RGS9	0.97454
DLK1	4.8083
FBP2	3.9115
FPGT	-0.29194
TNFRSF11A	3.3074
TNFRSF10D	2.4153
TNFRSF10C	4.2594
TNFRSF10B	-0.51132
SCEL	-0.46558
TNFRSF10A	1.8065
DYRK4	3.4124
PEX11B	0.51106
PEX11A	2.6617
SUCLG2	-1.2746
SUCLG1	-1.2089
SUCLA2	5.7471
CREG1	0.13715
TRIM24	2.0944
IL18RAP	8.0487
IL1RL2	2.9133
IL18R1	7.7248
GALR2	0.4154
CCNK	-0.50557
DPM1	0.045211
CDKL1	5.0787
BANF1	7.7592
DCAF5	3.0623
FGF18	1.0428
DPM2	5.7699
SAP30	-0.93784
HESX1	0.39547
INPP4B	6.3323
FGF17	4.5419
CES2	1.4955
LIN7A	2.4254
IQGAP1	0.39022
NRP2	1.3767
NRP1	-0.25179
SYNGAP1	4.3255
CD84	-0.70309
GMPS	2.109
TMEM11	2.6265
SOCS2	5.6044
GGH	2.1493
CFLAR	2.7512
CCN6	0.043852
CCN5	-0.24257
CCN4	0.6256
HDAC3	3.2717
PROM1	-1.2551
HCAR3	1.15
KSR1	1.3599
ALKBH1	-0.83824
TSC22D1	-0.77176
KAT2B	1.3896
CDK5R1	0.91424
ASAP2	4.057
ALDH1A2	-0.31872
NR1I2	0.6522
FCGBP	1.1113
PROZ	2.5889
STK19	6.7581
LDB1	3.2939
PER3	0.80154
PER2	0.079125
SYNJ1	-0.16302
ST3GAL5	2.8273
IER3	7.4957
SYNJ2	2.7196
CDC123	1.7269
ARHGEF7	1.3134
VNN2	2.2601
VNN1	0.34225
SPHK1	-0.15341
SQSTM1	0.23277
SGPL1	0.29011
FUBP1	2.4637
CDC16	3.1843
ZPR1	2.0864
NAE1	2.6613
SLC5A6	7.5896
DDX18	1.2328
TAX1BP1	2.3128
MCM3AP	0.13153
EIF2B4	6.1094
EIF2B3	1.1653
EIF2B2	5.406
EIF2B5	2.2013
EIF2S2	3.4876
CPNE3	7.4272
BUD31	1.3036
MTMR3	6.238
MTMR2	0.66082
PRPF4B	0.60492
CCNA1	1.4313
CPNE1	6.3961
AP1G2	-0.20897
AP1M1	2.5356
ENDOU	4.501
SGCE	0.54793
CACNA1I	0.34344
CACNA1H	2.1074
CACNA1G	3.0151
TIMELESS	1.1996
BCL10	1.7865
HERC3	1.3054
HERC2	0.78255
HERC1	1.7792
SNURF	-1.6437
BSN	6.5437
FOXH1	3.4427
PHOX2B	3.5329
MBD4	1.4198
MBD2	1.8512
RAB29	2.779
SKAP2	2.7647
WASF1	-0.44411
BAIAP3	2.1558
FUBP3	5.25
TOP3B	3.4653
CDK5R2	0.46768
KYNU	-1.3803
AP3D1	4.2131
BTRC	1.7643
H3C7	3.5844
H2AC11	4.7776
H2BC11	4.4346
H1-10	0.59606
MGAM	1.6828
CHRNA6	-1.4633
P4HA2	5.0553
USP13	1.4137
WASL	3.4832
PLOD3	1.0693
RPS6KA4	2.5887
STBD1	6.1094
HSPB3	1.4677
TRPA1	-0.46584
SELENBP1	4.2387
ATP6V0E1	1.9309
PGLYRP1	-0.90961
LIMD1	1.5417
TNFSF18	-1.1953
NOL3	2.7795
KALRN	3.4202
CDKL2	2.2123
HAP1	0.69184
F2RL3	0.12119
TAF1C	2.7961
TAF1B	1.4791
TAF1A	1.0914
MPZL1	-0.12846
MAP3K14	6.0051
SOCS3	3.5019
CLIC3	0.92717
CH25H	-1.2796
BRSK2	-0.34935
RNF8	0.14117
HIP1R	1.8839
NAT8	6.1094
RHBDL1	4.5275
BAZ1B	4.1885
TM4SF5	1.5986
PKD2L1	2.8978
CCRL2	3.8042
SEMA5A	0.93564
TAAR5	-0.645
UBA3	5.5538
UBE2M	2.6207
SPAG9	-1.652
BTAF1	6.9081
RPL14	2.0888
DOK2	5.9292
SH2D2A	2.2186
ARTN	2.0778
AIP	0.40555
PSTPIP2	-0.55139
PSTPIP1	4.0759
GPRC5A	1.2294
MAP7	0.31215
NFS1	6.4192
PRC1	1.6763
SLC7A7	0.42749
SLC7A6	6.1094
SLC13A2	2.6712
PAPSS2	3.4814
PAPSS1	1.5026
PIAS2	3.3754
MAP3K6	3.4749
SYT7	-0.71651
ANGPTL1	0.13283
CLDN12	3.437
ASH2L	-1.572
CLDN10	5.8977
CLDN8	3.0927
CLDN6	0.044144
CLDN1	0.41265
DIRAS3	1.2795
LDB2	3.5494
CLDN9	0.29563
PKMYT1	1.1393
PIGQ	3.2983
SART1	7.518
DNAJA3	4.6262
UNC119	2.1097
TBX19	-2.7686
TBX18	1.6091
USP14	1.8023
USP6	3.1648
USP2	3.2112
USP10	4.2868
USP8	5.722
FCGR2C	0.26667
MTMR6	0.68702
MTMR7	1.4824
MTMR4	5.0688
NMI	2.4092
MTA1	-0.45996
LATS1	3.5681
ATP6V0D1	2.4421
SEC22C	0.75719
INA	6.1094
KRT75	0.14117
SLC16A6	4.2716
SLC16A5	2.726
SLC16A4	1.2646
SLC16A3	3.8626
PDLIM1	4.7375
CNOT9	5.4171
SMC3	-0.66849
P2RX6	-0.75074
PRPF4	-0.20462
PRPF3	6.1094
KCNQ4	0.10299
CCNB2	1.6033
CCNE2	4.7868
RABEP1	3.0603
RRP9	1.9894
ARHGEF1	1.1193
CBFA2T2	4.1535
ATG12	2.7056
PDCD5	4.7988
SYNGR3	5.4561
SYNGR2	2.1366
SYNGR1	0.97089
HGS	6.7831
NEMF	1.5383
NEURL1	3.694
DYRK1B	3.531
CTDP1	2.4931
SLC6A5	-0.40942
SLC28A2	7.7059
SLC28A1	3.1069
EXO1	0.26679
FIBP	5.9484
PCSK7	2.9515
DGKI	2.4862
EBAG9	2.6789
COX7A2L	0.29598
TMSB10	0.11821
SCAF11	1.7916
LPAR2	4.172
MYOM2	0.63034
IL1RL1	5.6174
MAP3K13	4.8241
HTR3B	1.5024
AP4M1	0.28246
OSMR	5.0466
ARHGEF2	5.699
RASSF9	0.3627
ZW10	2.3588
BUB3	0.40142
SLC24A1	2.6495
DDX21	2.4325
DEDD	-0.052798
SLC16A7	2.411
KCNAB3	4.7615
SLC33A1	2.5153
HACD1	2.3587
DCLK1	1.342
ZMYM4	0.73893
ZMYM6	0.1537
ZMYM5	0.5553
LRRFIP1	5.6829
LRRFIP2	1.8422
LGI1	0.79653
AURKB	3.546
XPR1	0.62421
FCMR	0.81033
LARGE1	-0.36308
VAPB	2.2812
VAPA	1.5168
MTA2	-0.068083
NOLC1	3.7641
MAGI1	2.2699
LRAT	-0.45661
DLGAP2	1.1764
DLGAP1	0.68243
RAB11B	-0.50967
DLG5	0.81283
PTTG1	-1.5373000000000001
IL32	1.4514
CCPG1	1.3738
TBRG4	-0.11667
PNMA1	5.0999
NOG	4.388
MSC	-2.3075
CRLF1	4.3943
GCNT3	-0.42194
UBE2L6	-0.0079034
GCM2	-0.74698
DHRS3	1.8578
RPS6KA5	1.8009
NUMBL	3.6564
CACNA2D2	3.4854
AIMP1	0.25537
TSPOAP1	4.0651
MFHAS1	8.1863
PDLIM7	6.9887
MAPKAPK2	1.956
STK17B	3.7566
STK17A	4.3933
CYTH3	0.67542
CYTH2	1.2077
CYTH1	3.244
ITGB1BP1	3.2583
PIWIL1	0.68314
BCL7C	0.83162
BCL7B	4.5014
COPB2	2.0453
WDR46	4.0428
ZBTB22	3.5549
GPR37L1	3.3915
NPIPA1	1.0736
TAAR2	-0.29378
ADGRG1	-0.55634
GPR55	-1.1507
GPR52	1.7497
S1PR2	3.7305
SRSF11	-0.87092
ATP6V1F	1.6735
SOCS6	0.021316
CD83	3.7753
ZNF235	-1.6464
ASIC3	4.8383
KCNB2	1.8239
MMP20	0.96817
KLF4	3.09
NREP	0.038761
PTER	1.1285
COPS2	5.3511
TRIP13	2.6777
TRIP12	6.1197
TRIP11	2.6761
TRIP10	3.0414
HMGN3	0.05921
TRIP4	3.2692
ZNHIT3	7.5681
GTF3C5	0.59868
GTF3C4	1.2481
GTF3C3	-0.62689
B4GALT6	1.6887
CD163	0.081915
TGM5	2.8865
B4GALT5	0.55455
CNOT8	1.3484
GLP2R	1.3685
VAMP3	0.83626
SNAP29	0.95184
EFTUD2	1.2747
TAOK2	2.5288
NDST3	4.43
RPL23	2.2164
CER1	1.5546
NHERF2	6.1783
TXNL1	-0.24695
SLIT2	2.4642
UBE4A	3.0719
LHX2	-0.59233
SLC22A6	3.9964
ITGBL1	1.1534
PPIG	1.5263
LONP1	3.0969
CPNE6	1.053
RAB28	-0.77824
KL	0.4242
NHERF1	0.27532
NRXN3	-0.22342
ADIPOQ	1.9681
KIF3B	1.1988
ZFYVE9	1.3081
PLAA	0.94052
PPT2	7.1411
TM9SF2	-0.83426
SLC22A8	3.1268
COX5A	7.288
NRXN1	3.3402
NRXN2	3.9796
GRHPR	-0.90217
OTOF	2.2666
COG1	1.464
LIPG	0.64157
SLC22A14	2.6805
SLC22A13	3.3817
CIAO1	3.9836
TGFBRAP1	1.8828
HS6ST1	0.20754
NMT2	2.6758
CD101	-0.78173
STOML1	3.723
RECQL5	0.22176
RECQL4	4.3803
GRAP2	2.844
SELENOF	0.45646
LPXN	2.0305
ZRANB2	1.6022
TMPRSS11D	1.2111
PEX16	2.5318
SNRNP40	2.8154
ARHGAP29	5.434
MED21	2.1874
ENTREP1	1.8515
TJP2	2.5142
FADS2	3.356
DDX23	5.0264
CRIPT	2.8994
CYP7B1	0.56071
HAND1	-0.67095
ZNF264	0.71439
NTN1	0.72699
KCNK6	1.5657
CDYL	1.0926
ECEL1	-0.077448
ABCG2	5.6116
CHST2	2.0635
NCR2	-0.45061
NCR1	0.45115
MED23	7.4307
MED17	1.8319
MED26	3.0761
MED27	-0.91489
MED7	0.29774
QKI	2.3392
ITM2B	4.2496
GSTO1	-0.33903
AIM2	1.17
MAP4K4	2.8172
LY86	2.376
EIF2AK3	0.6412
GGPS1	4.4001
HOMER3	2.5181
HOMER2	6.6768
HOMER1	0.43136
FHL5	0.50195
RASAL2	-1.1119
PICK1	2.0267
HAND2	3.4073
AKAP7	1.5387
IL27RA	4.9115
SH3BP5	0.37331
CHST3	0.22947
EIF4E2	-0.63941
AKAP6	1.3292
THEMIS2	1.8122
ATG5	-2.181
ROCK2	4.4549
NAPSA	0.23056
MED20	1.6184
CABP1	4.2779
MAPK8IP1	2.4583
ONECUT2	1.2289
SLC25A27	1.0436
STX8	2.13
CHST10	2.2796
PIGL	-0.43914
PIGB	2.4569
PGS1	5.0552
PSMF1	-1.234
KIF23	0.33776
AKAP5	-0.042986
TBX4	7.0978
SLC4A7	2.5721
SLC4A8	0.83024
MYOT	4.5482
RPH3AL	0.59945
ADAMTS4	2.416
ADAMTS3	1.0708
ADAMTS2	-0.71554
ADAMTS1	3.7292
PMPCB	1.9831
FXR2	3.969
GAL3ST1	4.3096
STXBP5L	-0.623
LITAF	-0.074887
SPTLC2	2.1779
GDF15	2.9243
TBPL1	2.1184
NPEPPS	1.5728
EEF1E1	1.7317
SCAMP1	-0.0017781
TECR	1.1844
VPS4B	1.1171
MPDU1	5.4654
GOSR1	1.736
TMEM59	2.0148
BAG5	3.0248
BAG4	0.88862
BAG3	0.57426
BAG2	-0.46483
POLR1C	3.0346
ZNF254	0.040246
GMFG	0.22908
PTGES	2.9473
TP53I11	0.4242
EI24	2.3954
TP53I3	2.0315
CIR1	1.744
NRG2	2.4959
IGDCC3	2.7562
RAB3D	0.048043
APBA3	4.6707
CXCL14	-0.98529
ATP6V1G1	0.78671
ATP5MF	1.7243
SPAG7	4.4439
MRPL33	7.6944
MACROH2A1	3.2222
ATP5MJ	0.58344
CHD1L	3.2856
VPS26A	1.6163
MINPP1	0.39479
H6PD	1.9808
BCAR1	2.1527
GTPBP1	-0.28814
GABBR2	1.845
GTF2IRD1	1.509
GOSR2	3.9604
NR1D1	4.684
GDF3	0.21195
CLOCK	2.0485
SPAG6	-0.029686
BABAM2	9.1538
CDC42BPB	3.5881
SOX13	1.9235
PREPL	6.1687
APOBEC3B	1.6687
ENTPD4	2.3112
RBM39	6.8994
KIF20B	4.5794
CREB5	4.1462
MAD2L1BP	3.3979
PRDX6	0.67866
WTAP	3.8154
AKAP12	3.3039
IER2	-0.65968
CYTIP	2.4325
PITPNM1	-0.57057
PDIA4	-0.54495
NFE2L3	2.9833
RNF14	0.86232
VPS9D1	6.1094
CARTPT	0.68158
RAB36	0.70462
RIN1	3.144
NCOR1	0.1417
NCOR2	2.7626
GDA	2.6835
RNF7	1.1515
MTRF1	0.28419
TRAF4	2.5613
ABCG1	0.4285
CELSR1	0.5434
KLK4	0.19802
TCL1B	-0.29365
AATK	1.6244
GUCA1C	-0.027144
SNCAIP	1.2352
RGS6	1.9028
GNA14	0.86476
NUP155	4.332
SEC24C	6.2333
TESMIN	1.3036
CLCA2	1.4316
ISG15	5.2248
FEZ2	2.6745
FEZ1	2.9413
ARHGEF10	0.6943
ZNF592	7.9103
IKBKE	1.3633
SH3PXD2A	2.1274
MICAL2	-0.41079
CTR9	-0.48697
PPM1F	4.6363
GCC2	2.328
RALGPS1	6.0708
MTFR1	2.9958
PLCH2	2.4362
SKIC3	-0.71163
HS2ST1	1.0209
TTLL4	4.5902
SOCS5	3.066
MDC1	5.2695
IQCB1	5.0568
ZNF516	0.44292
PDE4DIP	0.48691
CEP135	1.0103
LPIN2	0.18932
MARF1	-0.55912
DZIP3	-0.36325
SAFB2	2.8024
ZNF432	0.68274
EIF5B	1.5577
IPO13	2.4142
WSCD2	-1.4656
SDC3	2.1399
SLC25A44	7.3889
KIAA0040	3.9797
TTI1	1.5406
PPIP5K1	3.4124
PHF14	1.2773
FAM53B	6.6628
DEPDC5	3.2208
KDM4A	3.4026
N4BP1	-0.53357
LRRC14	3.6886
CLINT1	-0.32631
VGLL4	1.3676
GREB1	0.75775
NUP93	0.063813
BZW1	0.52234
UBE3C	3.2189
PRORP	5.5586
RAPGEF2	4.2927
EMC2	0.81206
EDEM1	2.0739
CROCC	-0.15477
TRAM2	3.3607
PUM1	2.7229
RIMS2	0.64109
ESPL1	1.8667
PPP6R2	5.2823
CEP57	0.58154
BLTP2	1.7907
DHX34	-2.0699
ST18	1.9898
ULK2	3.2141
PCDHGA8	4.1943
HERPUD1	1.8288
GARRE1	1.9412
RUBCN	0.57481
USP6NL	3.9809
FAM131B	1.1811
AQR	-0.45304
SEC14L5	-0.62044
ECE2	3.5479
ADAMTSL2	0.015652
CCDC144A	-0.44412
GPRIN2	1.0027
NOS1AP	1.9686
SEMA3E	0.32141
UTP14C	-0.97185
TMEM63A	-1.3058
ZNF646	2.2757
RAB11FIP3	0.92407
SECISBP2L	2.5297
KIAA0408	0.047881
DCAF1	2.6369
CEP104	4.5876
DOCK4	0.37785
SART3	0.6676
HDAC9	3.9023
KNTC1	0.39847
USP34	3.6764
CCP110	0.55763
SETD1A	1.4361
LAPTM4A	4.8179
IFT140	2.0406
ARHGAP32	-0.73077
ACAP1	2.2457
ZNF536	-1.456
CLSTN3	-0.51627
TCAF1	0.24039
SLK	1.8586
PHACTR2	0.84977
RIPOR2	-0.2066
SNPH	1.5667
PCDHA9	1.9247
ZSCAN12	6.1094
TBKBP1	2.6661
KMT2B	5.0586
HDAC4	4.4721
TOX	2.4119
MLEC	4.4581
LZTS3	3.3426
KIAA0513	0.60577
ZFYVE16	0.49235
SUSD6	0.27712
PCLAF	2.6552
RASSF2	-0.91919
RAPGEF5	2.3467
TMEM94	2.3985
BCLAF1	0.49697
EIF4A3	0.13413
ATG13	3.9484
TM9SF4	0.79526
KIAA0232	0.17998
TBC1D5	3.8438
PIEZO1	2.4531
RNF144A	0.93488
MATR3	2.4675
RIMS3	1.0724
SNX17	6.1094
DHX38	0.71953
KIAA0586	1.388
DLGAP5	-0.096562
MTSS1	3.7989
SPCS2	2.7864
BMS1	0.89289
PTDSS1	0.41791
SERTAD2	7.8068
CKAP5	4.2154
MAML1	1.5198
PHYHIP	-1.5032
TATDN2	1.3234
IST1	6.8719
MRPL19	0.8801
DAZAP2	2.3066
TOMM20	4.7003
SCRN1	2.7359
SPOCK2	1.1945
IP6K1	4.5339
RNF40	1.9822
CTIF	4.3765
DELE1	0.7392
EFCAB14	0.80587
SFI1	4.0685
GIT2	3.4466
URB2	0.9012
KEAP1	0.79539
NUP58	-0.38125
TSC22D2	0.6933
CUL7	3.2498
RB1CC1	-0.90921
ARHGAP11A	-0.5672
SPATA2	2.602
ARHGEF11	-0.092484
RGP1	-1.8174
ARHGEF17	0.99386
DNAJC6	-1.0442
TRIM14	1.7356
ZNF623	2.1142
JAKMIP2	-0.019784
MELK	0.463
LCMT2	3.2344
GINS1	4.9434
ZEB2	4.4743
TESPA1	1.8999
ZBTB24	2.318
PLEKHM1	0.55445
ELMO1	0.42379
GAB2	7.5696
C2CD5	1.3201
MFAP3L	1.8504
ZNF518A	5.8118
KIAA0753	3.0389
EPM2AIP1	1.4252
RUSC2	1.1196
C2CD2L	6.3995
FARP2	4.011
KIAA0319	0.8372
CEP350	3.6417
PPP1R26	0.30923
CEP170	7.9197
LRIG2	1.8024
PSMD6	6.1094
MED24	5.5579
MAGI2	0.0097597
TRIL	1.9601
TRIM66	1.3326
PJA2	1.9429
TOMM70	3.3103
SETDB1	6.5242000000000004
AREL1	-1.1832
SEC24D	3.9421
FCHSD2	1.7295
TLK1	3.8811
URB1	-1.8994
ZC3H11A	1.2514
TOX4	0.13984
DDX46	0.7114
ZBTB39	2.2217
TRANK1	-0.39482
TBC1D4	0.20936
POM121	0.80836
LRRC37A	-0.071669
OSBPL2	7.0123
RHOBTB1	1.3382
SMG7	0.38406
ZBED4	0.82413
PLPPR4	-0.29173
NUAK1	0.35136
SNAP91	1.8164
TELO2	2.402
TECPR2	4.0229
FIG4	1.1696
WASHC5	0.96777
UBAP2L	3.2171
SV2B	0.070588
SV2A	4.0441
SRGAP3	-0.61833
MRC2	5.6669
KLHL21	-0.42867
RBM19	1.4245
SGSM2	2.3404
SLC35E2A	3.8702
AP5Z1	2.2979
G3BP2	2.701
DENND4B	2.2543
RABGAP1L	2.0804
TMCC2	2.0762
ARHGAP44	0.73335
SUPT7L	4.8194
ATP2C2	0.5032
ARNT2	3.7896
FAM20B	0.26281
NCAPD2	0.68781
SEC16A	3.4965
KBTBD11	-0.7486
RNF10	3.888
IQSEC1	0.9763
ZBTB40	0.11124
PAN2	4.1468
ZBTB5	-0.14757
LPGAT1	0.66191
MFN2	3.5825
KIF14	1.185
JOSD1	0.085326
HELZ	0.1596
PUM3	-1.4154
P2RY14	0.27921
MAFB	1.1292
CD302	2.5818
DCLRE1A	1.1574
ARHGAP25	0.13699
RBM8A	0.87659
DLEC1	1.0054
EXOG	6.1094
XYLB	6.3323
OXSR1	3.1711
GFPT2	2.0505
CRYZL1	4.6031
WDR1	5.9202
GOLGA5	-0.57661
HS3ST4	-1.0858
HS3ST3B1	-0.58609
HS3ST3A1	-0.26147
HS3ST2	1.5753
HS3ST1	-1.4355
USP15	0.75645
USP3	3.6718
MVP	0.2007
SLC23A2	3.5367
SLC23A1	1.7937
FGF19	2.3116
TNFSF15	-0.56077
THRAP3	1.0068
MED13	4.2576
NR1I3	1.7046
NR1H4	2.3145
NUP153	-0.26068
CCS	4.0871
NR1D2	0.35219
CLEC2B	1.322
RBX1	4.6039
DOP1B	2.3103
FGFBP1	-0.26239
THOC1	1.5045
REC8	0.27728
RCE1	4.4832
HNRNPDL	0.16265
DMTF1	0.39094
PPP4R1	2.3893
SLC12A6	-0.46819
PTBP3	1.7027
KCNE2	-0.78285
DGCR2	4.3164
CASP8AP2	2.6464
SCO2	3.532
AKT3	2.8079
MED6	0.20187
NR2E3	2.0259
NAALAD2	0.82657
NAALADL1	2.3747
ACOT8	2.7269
ABI1	3.3667
GNPDA1	0.7371
KCNE3	-0.4484
TANK	1.6786
SRA1	2.4794
HDAC5	3.7211
PDCD6IP	3.8798
PDCD6	0.79896
BCL2L10	0.45451
BCL2L11	2.8053
SH2B3	5.3363
GNE	1.5874
HCN4	1.6128
INSL5	-0.46074
FRAT1	1.8834
TROAP	2.7719
MED16	-0.72298
PIGK	-0.38193
CHAF1A	4.1661
PARP2	-1.4261
PARP3	1.6606
TOM1L1	1.563
HMGXB4	0.37871
TOM1	-0.13716
SH2D3C	1.3382
SH2D3A	2.6456
CST8	0.43085
RANBP9	1.4179
DNAJB6	1.376
SLC17A4	7.2831
SMC4	2.4617
GJC1	1.2818
AP1M2	0.001892
UBA2	2.0064
SAE1	2.0942
FARSB	-2.4694
ABCC5	1.9503
ABCB6	0.92062
DNM1L	-0.19457
ABCC9	2.4375
ABCF2	2.0792
NR1H3	6.1094
COX17	2.2755
SCAMP2	7.4493
SCAMP3	2.7557
IL18BP	0.8567
RWDD2B	2.4987
MUC12	1.862
DPP3	5.5772
SNUPN	6.1094
PTPRU	1.0731
TSPAN32	0.78313
TSSC4	-0.73005
ATP9A	1.5427
PDCD7	2.6425
GPC6	1.588
USH1C	-1.5121
EDIL3	-1.4572
HHLA1	0.40491
CERT1	3.5067
KCNK7	6.1094
UST	2.1783
ARPC5	-0.28793
ARPC4	0.47814
ARPC3	0.97243
ARPC1B	0.45401
ACTR3	-0.18861
ACTR2	3.8854
TSPAN5	1.2282
TSPAN3	3.2416
TSPAN2	3.8584
NUBP2	1.8249
TSFM	1.1072
TSPAN1	4.025
PPIF	2.3245
CTDSP2	0.14418
TRIM10	4.3556
ARPC2	4.8193
SGK2	0.17604
RAD50	4.0564
KIF20A	5.221
PREB	3.5242
HIPK3	3.568
FEM1B	1.9681
ENAM	-1.1392
ACTR1B	-0.47422
ACTR1A	1.3024
ARL4C	0.30648
ARL4A	2.045
RASGRP1	0.044255
DNAL4	1.5032
ZNF263	2.5959
LRPPRC	0.87987
FRY	2.0572
PDIA6	1.7619
TRAP1	7.5084
OPTN	-0.56316
NAMPT	3.6643
CELA3A	1.3387
RBM12	6.3153
YAF2	6.0044
ARFRP1	6.1094
TOB1	-0.44575
AKAP9	3.0124
CLEC3A	0.36794
FAM13A	4.802
G3BP1	-2.2467
SUGP2	2.6286
EBI3	1.2277
MBNL2	3.1418
ABI2	4.0996
CEBPZ	0.035671
PLXNC1	1.2396
TRIM28	2.2695
RASA4	0.9875
AASS	-0.60684
PDZK1IP1	1.7962
FARP1	1.9369
LPAR6	3.5972
LPCAT3	2.4362
WASF2	5.9226
CHST4	4.1454
SLC25A13	1.8534
SLC25A15	4.7085
ZNF197	1.2916
SERF2	4.1069
DHRS9	6.1094
RCL1	2.8346
ZNF256	0.92831
SORBS3	5.9978
CNIH1	1.3123
RBM7	2.394
RBM6	5.9466
RBM5	5.4297
LHFPL2	3.7996
LHFPL6	0.59072
TNK2	6.7257
ALYREF	1.8424
TXNDC9	1.6924
RNF41	1.3651
TSHZ1	0.33413
ALG3	3.4396
PRMT3	-0.5335
PSME3	1.0096
MPHOSPH9	0.0069666
MPHOSPH10	0.16448
MPHOSPH6	1.3196
NME6	4.5514
DHRS2	-1.4861
CALCRL	6.4796
NUTF2	2.2228
MPZL2	1.2215
TRIM13	2.2317
PATJ	0.73313
USPL1	2.038
EIF1	1.0954
TOPORS	2.6486
FLOT1	6.8394
DDX39A	0.022128
PSMD14	1.8091
OLIG2	0.98612
PRG4	4.4549
CTDSPL	3.4147
ANGPTL7	0.53372
KLRG1	2.2205
GDF11	1.2593
TRIB1	4.1001
GPA33	1.2762
ZNF443	1.5941
CD96	-0.30083
PLIN3	0.21896
MFSD10	2.5003
STX6	2.5658
COQ7	-0.19663
RCAN2	2.5313
MSLN	0.80402
LRRC23	3.4268
LRRC17	1.8495
RASGRP2	4.1478
HNRNPR	7.6733
SLC35B1	3.1479
DCAF7	0.43374
AP3S2	-0.007784
MRPS31	1.7123
CALCOCO2	3.651
KCNMB2	0.17643
GPHN	0.85442
RABEPK	4.4491
SLC17A2	5.8621
RIDA	0.33475
POP7	3.5932
GLYAT	1.2978
SRRM1	0.91774
SPRY1	4.9844
SPRY2	1.3825
STAM2	2.4676
CNKSR1	2.7163
ABCC4	0.95765
DENND4A	5.7871
IGSF6	2.2333
SF3B4	4.2865
CDK2AP2	0.72389
IRX5	1.3693
RAMP2	1.6901
RAMP1	0.59991
RAMP3	0.1932
ZMPSTE24	2.9604
AKAP8	6.1094
FSTL3	2.0736
STUB1	4.1121
STAG1	7.8873
NET1	1.0818
UBE4B	1.0053
EFS	2.4812
PRSS16	4.5643
SIGMAR1	4.4027
DSCR4	2.72
BET1	1.6995
CWC27	1.5056
SAP18	-1.3367
SMNDC1	1.8231
BCAS2	5.3985
RGS19	7.7059
LILRB2	1.0334
EIF1B	1.1011
SPEG	6.1094
SF3A1	3.3343
TRAIP	5.2874
DNAJA2	0.18108
BCKDK	2.9055
MAEA	3.2824
APC2	0.76159
PAK4	2.5575
MARCHF6	0.33441
KATNB1	-0.99398
SNAPC5	1.3136
APBB3	2.4158
ZNF267	1.5384
CCNO	0.044168
VPS26C	1.8066
TCIRG1	0.94641
RTN3	0.54412
LANCL1	6.5721
NMUR1	2.5222
B3GALT5	0.87616
TNIP1	0.009931
LAMC3	1.9054
CRISP3	1.4586
SMYD5	6.1995
KLHL41	2.327
SIRPB1	-0.31956
AKR1A1	7.6529
EMC8	1.5331
RXYLT1	1.565
CNPY2	4.2436
B3GNT3	4.2018
CLEC4M	0.094296
TLR6	1.3431
IRAG1	-0.22077
PCGF3	1.2224
TFG	0.48075
PKDREJ	1.347
CCL26	1.8535
TRDN	1.5598
TRIM22	0.35356
ABCA7	1.4895
ABCA10	-0.3805
ABCA9	2.0514
ABCA8	0.62547
WARS2	1.477
NPM3	3.1443
NPM2	4.4978
HMG20B	1.8465
HMG20A	1.6489
KLF2	2.6189
MICU1	1.9056
CACNG3	-1.0623
CACNG2	1.1093
CITED2	0.92692
SEMA3A	3.0453
TUBA1B	2.2527
IRF9	0.47882
BPNT1	3.5022
TUBB3	6.3092
TUBB4A	0.12191
TUBB4B	5.4578
BTN3A3	6.719
BTN2A2	7.4843
SYCP2	-1.0765
CEPT1	0.19651
CORO2B	0.39014
NOD1	1.8444
ANAPC10	1.9164
PRG3	1.6512
DLC1	1.0179
ATP8A1	3.4322
NDRG1	3.2001
MYL9	1.6325
RACK1	1.3642
PEMT	6.0742
PIAS3	1.5149
ST3GAL6	1.0228
NDC80	-0.61773
CPQ	1.7484
WFDC2	2.1467
SPAG11B	0.51207
BASP1	0.095014
IFITM3	6.199
RAPGEF3	5.8524
NSA2	-0.0030297
YAP1	2.572
SPON2	6.2037
SPON1	2.6344
PRMT5	3.6993
TESK2	8.4532
CD2BP2	4.0447
UBAC1	-0.093966
CDIPT	1.2035
PGRMC2	5.9495
ARIH2	6.1094
TUBGCP3	1.269
SEC24B	2.8151
CFDP1	2.7397
TMEM147	2.3617
RBM14	4.5018
LYPLA1	0.66333
CDC42EP2	3.2268
EMG1	2.8198
IFI30	4.9053
C1D	0.21674
OLFM1	0.27853
TIMM17A	3.8162
N4BP2L2	1.7974
ZER1	1.5937
MCRS1	0.70597
LRRN2	1.7064
FAM3C	0.85037
ACAA2	1.1331
PPIE	1.4351
VAV3	2.3801
TOMM40	7.7338
TAB1	1.1581
ECI2	0.33959
HAX1	4.0667
GPNMB	2.1546
BAIAP2	2.168
MAD2L2	1.4981
TACC3	3.8383
MERTK	0.13421
CLEC10A	-1.1164
SLC30A9	0.54633
PIBF1	6.5341
PPIH	0.89314
COG5	2.4422
ZNHIT1	0.47739
FST	7.3709
TIMM44	0.28612
PFDN6	4.0491
ZBTB18	0.35929
HMGN4	6.0153
TADA3	0.32763
TRIM38	7.3451
ATP5PD	2.2056
UBE2E3	3.2886
SLC25A17	3.6541
EIF3M	3.9761
HOXB13	2.2658
NXF1	1.448
SEC23B	1.4062
SEC23A	0.73763
MIR9-1HG	3.2647
CAP2	-0.40676
CAP1	0.98193
CREB3	0.29898
LRRC41	3.0793
VTI1B	6.1394
CRTAP	-1.9454
SYNCRIP	2.8689
VAT1	5.7514
STK25	3.1139
UNC13B	-0.55621
CARM1	0.15641
NCOA2	2.2688
SEMA6C	7.1572
SEMA6B	1.3193
SEMA4F	2.3177
SEMA4D	1.9128
SEMA4B	4.405
SEMA3C	1.7234
APPBP2	1.4235
MYBBP1A	1.8754
FBLN5	0.59616
FBXW10	2.0187
CIB2	1.399
CIB1	3.3157
ZNF211	1.3665
DDX17	-0.37495
DEAF1	1.2444
CHERP	2.7928
KAT5	6.1094
HYOU1	3.6879
IPO8	2.4874
IPO7	1.0261
NOP56	-0.057742
NEBL	-0.56653
PITRM1	1.2686
ATG7	3.0206
ZNRD2	6.1094
RNASEH2A	3.2119
P3H3	0.43925
UBD	5.995
BATF	0.79327
GLRX3	1.2654
DCTN2	3.0244
ANP32B	1.3354
LAMTOR5	1.9973
PROCR	6.1094
TM9SF1	-0.3223
ARL6IP5	5.9237
AGR2	2.0252
ARPC1A	1.4097
HTATIP2	-2.1953
AGPAT1	6.1094
AGPAT2	0.82877
RPP30	0.45134
RPP38	1.1152
SPTLC1	2.1142
SLC35A1	0.62087
SLC19A2	2.0315
IFI44	1.0836
OLFM4	-0.43945
CXCL13	-0.387
ARFGEF2	0.79066
ARFGEF1	0.2028
AKAP3	0.72498
RABAC1	1.0512
SLC34A2	0.5629
SLU7	-0.51632
DPYSL4	0.013858
SIVA1	1.602
MRPL28	2.8531
CCT7	5.4237
CCT4	0.8735
CCT2	3.4387
NPC2	1.6206
GNLY	-0.29402
TACC2	2.0407
SORBS1	7.0978
IFITM2	6.2048
COLEC10	0.81979
POMT1	-0.49596
MAB21L2	-0.23972
TXNRD2	1.2254
MTHFS	2.6928
DRAP1	5.4404
SCGN	7.3255
DNPH1	6.3886
SMC2	2.6634
PRPF8	3.6379
ERN2	2.0944
AHSA1	0.97845
SLCO1B1	1.7319
USP16	3.1458
CDC42EP3	0.85308
SH2B2	6.1094
PAIP1	1.2539
PAICS	1.0197
TBL3	6.2022
MXD4	2.3555
P3H4	1.5785
ST6GALNAC2	1.7869
PDLIM5	6.1962
TRIM3	-0.76475
ERLIN1	1.9371
HEXIM1	3.6801
SPAG5	2.6142
RBCK1	-0.83459
STAMBP	8.0614
TGOLN2	2.6558
ARID3B	6.1094
POLR3F	0.98446
POLR3G	1.0713
POLR3C	0.92241
IVNS1ABP	5.2287
TRIM16	-0.20806
MYL12A	0.32808
TXNIP	1.7781
TAF6L	1.3406
PDPN	1.0975
POSTN	-0.48032
ATP5MG	3.1225
RASL10A	0.7875
GAS2L1	0.84361
RAD51AP1	6.1094
RGS14	7.541
LEFTY1	-0.72838
EXOC5	-0.74062
NPRL2	2.8741
IGF2BP1	4.0675
IGF2BP3	3.3209
IGF2BP2	7.5546
CAMKK2	2.3565
SCGB1D2	1.2891
SCGB1D1	0.55426
PRELID3A	1.1373
MTX2	7.4277
YKT6	2.0547
SPINT2	2.0378
PMVK	2.1041
DMRT2	1.5491
KHDRBS3	-1.3702
KHDRBS1	-0.4824
CELF1	6.0929
CELF2	-0.96688
LBX1	0.79836
KLF1	5.9427
CXCR6	1.7119
CTCF	3.5629
TSBP1	9.1938
CD226	1.9031
FARS2	-1.1668
CGRRF1	1.4337
CGREF1	2.9209
RRAGA	-0.46989
DCTN6	3.5929
GNA13	-0.30656
TNFSF13B	0.99741
CSPG5	2.8432
AVIL	1.332
B3GNT2	2.1213
GNB5	1.4985
DLL3	1.798
CLDN16	0.86282
PNMA2	0.53591
FUT9	1.0344
GMEB1	1.7641
RRH	-0.39067
CCT6B	-0.63873
CCT8	3.813
CNPY3	4.1669
CORIN	1.3267
ENTREP3	3.166
USP39	2.9311
POLD3	6.1438
CERS1	2.3624
TBR1	1.5185
AP4B1	2.8565
NRG3	-1.2078
UGT2B11	-0.39019
POLQ	0.48162
SLC12A7	4.1895
OGA	3.0468
NFAT5	7.2332
NUDC	6.6183
PTGES3	4.4407
YME1L1	1.528
TCFL5	0.91984
PLK4	1.6439
STAG3	2.219
SIX2	0.86678
RFPL3	-0.57704
RFPL2	0.423
RBBP9	1.2652
RAI1	7.4179
PTTG2	0.10542
PHTF1	2.4538
MAP3K2	-1.0056
MASP2	-0.82576
KIF1C	4.6239
GRAP	3.8879
CHL1	0.66951
CAPN9	-0.19969
GIPC1	4.4654
TRAF3IP2	1.8395
NUP50	0.17073
NES	-1.7222
KDM5B	1.2411
TOB2	3.9793
HBS1L	1.7924
AHCYL1	-0.199
PLK2	-2.4103
ZMYND11	1.0998000000000001
SRSF10	4.2334
ZBTB6	5.0683
POP4	-0.89011
ARPP19	0.23474
ARPP21	1.9933
ZNF234	-0.85542
ZNF266	3.1252
ZNF274	0.49489
NEK6	-0.16224
WDR4	2.8001
SLC17A3	6.1094
NCKAP1	-1.323
IQGAP2	1.3154
VAMP5	3.7363
ZNF273	2.1137
ZNF460	0.55995
ZNF268	0.74411
MTHFD2	2.5366
OR5I1	1.9709
RPP40	-0.13322
SEPTIN9	2.9396
SEC24A	1.0737
CCR9	1.7152
GJB6	-0.61455
SDCCAG8	8.8356
ENTR1	4.4751
HSPH1	1.4065
STARD10	2.8277
WASF3	0.63173
NOXA1	1.5458
CPLX2	-1.3841
CPLX1	0.16136
SPINT3	2.5118
FRS3	1.4344
FRS2	3.9183
NEU3	3.0912
FAXDC2	1.0574
FAM114A2	5.0125
ALDH1L1	6.5929
FTCD	0.14409
PPP1R17	-1.991
TUBGCP2	0.15037
CLPX	3.0477
PDE10A	1.4692
SRCAP	1.9978
PPP1R13L	1.1721
POLR1G	0.98856
CCL27	3.2459
HPSE	-1.3894
RUVBL2	1.7171
CYP46A1	-0.88473
LILRB1	-0.74669
SLC26A1	5.4164
ADAM28	1.658
SLC22A7	6.1094
ARID5A	1.8584
TSPAN9	11.717
USP20	5.7966
USP19	6.1094
HCST	1.8587
CD300C	-0.48795
ME3	0.81042
NMU	2.1625
FGL2	1.8332
EDDM3A	-0.41901
CFHR4	2.378
CFHR3	-0.55317
SMR3B	-0.07555
ACTL7B	-0.036652
ACTL7A	2.0166
C1QL1	0.78241
MRPS30	6.6466
WDR3	0.92063
NPFFR2	0.10011
PROKR1	1.057
GPR83	-0.84311
RAB10	2.9718
PPARGC1A	6.9626
MALT1	1.4881
MMP24	7.4953
LYVE1	0.45257
YIF1A	3.7449
CPSF4	1.7401
JTB	1.5891
RUNDC3A	0.43067
DHRS4	0.41416
BRD8	5.1732
MTMR11	4.2597
BLCAP	0.10949
MAN1A2	3.1505
TRAFD1	6.3144
TXNL4A	5.2714
PNPLA6	3.1322
SUGT1	-0.37355
UTS2	1.1025
GADD45G	4.5761
EDAR	0.20482
PAPOLA	0.55333
TCERG1	0.28487
BTNL3	1.9978
EHMT2	6.1094
COPS8	1.4413
RNPS1	-0.25146
FASTK	5.8069
SUB1	-1.0752
SMPDL3A	0.097881
DBF4	2.6061
SPIN1	0.88979
RALBP1	3.232
SRSF8	-0.42218
APOBEC2	0.6273
MORF4L1	5.6296
PRDX3	-0.02878
GPR75	2.4193
EHD1	0.99033
AFG3L2	2.1873
POP1	-0.43208
UGT2A1	0.98114
PRSS21	0.64344
C11orf58	1.8532
KDELR1	-0.22044
SF3A3	1.612
AP3M2	0.40406
STARD3	6.1094
HNRNPA0	4.094
BTG3	1.6164
CBX1	5.2967
SEC61B	-0.61047
TOMM34	0.11734
PDIA5	0.72396
SERINC3	-0.70613
OS9	1.3763
PNRC1	-0.011611
TMED2	1.364
LMAN2	6.1094
ERP29	6.4667
MLLT11	6.8967
STIP1	1.4983
IFI44L	-0.42099
ACOT2	6.1094
RAB40B	1.3817
EBNA1BP2	1.6284
CKAP4	0.68919
YWHAQ	-0.17457
TMED10	4.7043
ASCC3	4.4319
ADIRF	-1.0552
UQCR11	1.6213
CLP1	6.4994
FERMT2	1.3351
COPS6	0.42498
RAB32	0.54155
MAPRE2	2.4832
CCNI	2.0217
GCN1	2.7699
COPS5	-1.1902
METAP2	1.179
IMMT	1.1006
LILRB5	1.9121
SLC38A3	2.9993
SF3B2	4.2924
SDS	-0.5661
ILVBL	0.3377
SLC27A5	2.6953
SLC27A4	0.99944
SLC27A3	1.0117
SLC27A2	0.31428
KIF2C	-0.084142
SPINK5	3.1579
LILRB4	2.0545
CCDC85B	6.2401
IL24	0.29028
GLIPR1	-1.8157
TLK2	6.1094
KLK11	-0.81646
KDELR2	1.0103
KDELR3	-0.3923
ATF7	6.5531
SNRNP27	1.6171
TMED1	-0.25688
LIAS	3.2534
IFT27	1.8107
RAB35	5.3529
TDRKH	0.52337
VAX1	-0.010422
LILRA1	-0.59481
LILRB3	-0.26823
LILRA3	-0.13025
LILRA2	-0.025638
RBPMS	6.5417
RAB31	1.5723
ADAP1	4.8849
DSTN	1.1152
RIPK3	2.3298
GTF2A1L	2.1975
STON1	0.88418
B4GAT1	3.4316
TENT4A	0.071813
UPK1A	3.0505
SLC35D2	1.8061
ADRM1	7.1977
NUDT21	1.8472
CPSF6	3.8385
OGFR	0.29535
ZPBP	1.628
DDX52	-0.028912
ABHD2	-0.96858
WWP1	7.0447
WWP2	4.851
CNMD	-0.026772
DUS4L	2.5705
SOX30	3.7104
CNTRL	1.925
UBE2C	3.2992
SNRNP35	1.1501
DEPP1	1.9923
CYB561D2	2.4873
RAPGEF4	-0.031505
TMEM115	2.3992
DUSP14	0.20037
TOPBP1	-0.33295
TRIM31	8.5623
STMN2	1.0885
TPPP	6.8097
HSF2BP	3.4577
TRIOBP	-0.14098
RER1	6.5046
DNAJB4	3.1885
KERA	1.2115
ESM1	-0.21034
DIDO1	2.9548
ADAM30	1.7667
ADAM29	0.30982
WDR5	0.36499
SPACA9	3.5561
ADAMTS13	3.8936
CACFD1	4.0355
ADAMTS8	2.1551
ADAMTS5	0.88092
NUP42	1.9775
PRSS23	-0.54789
PTPN21	6.5514
HNRNPUL1	0.97789
ATE1	1.8187
RPP14	4.6803
KRR1	-1.1775
KATNA1	3.7165
PRDM7	4.0172
PRDM5	1.7168
PRDM4	-0.63789
HIBADH	0.6078
CIT	0.30258
CEP43	0.25144
EMILIN1	3.0477
BTN3A2	7.5075
BTN3A1	4.1981
BTN2A1	6.744
PTPRT	2.1279
RCAN3	0.42965
FAF1	2.2551
CD160	2.2983
KIF3A	1.1056
POLR3A	-0.27747
CLASRP	0.16827
ZWINT	-0.17331
CAPN11	2.0064
CAPN10	-0.31742
KPTN	-0.54147
CDC42EP1	1.4061
SLC7A9	8.3571
PWP1	-0.36082
TBC1D8	6.1567
CDC37	-0.45516
PKIG	-0.36876
KAT7	2.167
DMC1	-0.22627
PLAAT3	1.0226
GLMN	0.9507
ANKRD13C-DT	-0.23548
HHLA2	-0.95104
BVES	1.7474
CORO1A	3.21
FICD	1.5245
AP4S1	4.9956
LDB3	0.7812
PTP4A3	1.8083
LSM6	2.5229
RABL2B	-1.2029
RABL2A	-0.19691
ERLIN2	0.43929
ERG28	0.74089
NUDT6	3.1957
NUDT4	1.6521
NUDT5	0.90862
NUDT3	4.9968
SOX21	4.107
FSTL1	2.0691
PSIP1	-0.17319
WDHD1	0.3058
FAM107A	-0.41906
STRAP	0.19764
INSL6	2.2017
ADAMTS7	7.8893
ADAMTS6	2.7093
BAZ2A	4.0085
BAZ1A	4.3198
LZTS1	-2.0491
ZNF277	1.9079
WDR6	4.548
TREH	4.5237
SLC2A6	3.9089
MAP4K5	2.6458
MAP4K1	2.6263
INMT	2.7029
RASSF1	3.1203
PKP3	3.1492
NISCH	5.8888
CELF3	0.97059
CEP250	3.3861
WBP4	2.3238
ABCB8	3.7108
SEC23IP	1.5623
WIF1	0.076204
SUPT16H	1.0648
ANXA10	-0.55421
CHEK2	2.6101
POLI	-0.0053357
KLK8	-0.7508
FZD10	1.4368
PLPBP	0.81963
IRAK3	0.3694
AKAP13	4.4155
AKAP11	1.592
AKAP10	5.555
DDX20	0.44936
DUSP10	0.12483
MRPL3	-1.1383
RPL35	3.3515
GALNT6	2.1993
GALNT5	1.2483
RASSF8	1.2426
SEC63	-0.13898
POLG2	1.3731
HPS5	3.4987
PDCD10	2.0651
RNF139	1.4991
RNF24	1.2159
PADI2	1.2259
PMF1	6.1094
ZHX1	0.54282
GPR176	0.60403
NXPH4	6.6618
NXPH3	1.6694
NXPH2	0.49484
GPR45	1.8556
PTGDR2	-1.7739
PACSIN2	3.1327
MAN1B1	-0.52858
HRH3	4.3703
DCTN3	3.6505
FILIP1L	3.7902
XPOT	0.27792
CHP1	6.5341
SP140	3.3581
PXMP4	3.6901
DUSP12	-0.19256
SNF8	5.6219
DDX19B	1.4133
NRM	5.2101
PRR4	-0.83608
ATXN2L	4.3926
USP18	0.95956
KLHL2	-1.0735
SYNRG	0.76911
TREX1	7.7887
KLF12	6.3389
SCN11A	2.4898
POU6F2	-0.25935
MGAT4B	1.3321
CYP4F8	-2.3263
PNKP	4.0308
B4GALT7	3.6515
SLCO2B1	-0.82597
VPS45	6.1094
LYPLA2	2.6753
CD300A	2.4127
PARK7	3.1536
COPE	2.0221
RBPJL	1.1501
GPR182	1.8937
ECD	6.8341
MGAT4A	2.8091
GPN1	6.1094
TMC6	3.945
DDX42	-0.68237
FKBP9	7.4459
STK38	1.7026
CTRC	4.4083
PHB2	2.541
ACOT7	3.555
PDAP1	0.30259
TUSC2	3.2611
CBX3	2.7833
EXOC3	6.9372
GABARAP	0.67524
U2AF2	1.2361
OIP5	7.3007
EXOSC8	1.7932
SCRG1	-1.8923
RNF13	2.3286
MGLL	2.2617
TWF2	3.8238
GABARAPL2	1.266
SYNPO	1.7411
CASC3	6.1094
NID2	2.5025
COG2	0.26273
TFEC	0.37157
LAMB4	-1.3683
RRAS2	5.1721
ITGA11	1.9647
CLCA4	-0.54552
XRN2	1.4448
IKZF3	7.9193
IKZF2	4.1707
MRAS	2.6317
ATF5	3.4277
COPZ1	-0.0093304
COPG1	-0.26672
RASA3	2.6672
PHLDA1	2.76
MTF2	4.887
HSPA4L	2.8658
DNAJC8	6.3881
PUF60	6.1094
SCAF8	1.4299
CEP162	4.047
ZNF652	4.2025
ZFP30	6.1094
RHOBTB3	0.18583
COBLL1	2.0086
RNF44	-0.4972
DLGAP4	3.3751
RAB11FIP2	2.2585
PPM1E	6.3387
FRMPD1	0.22698
DOLK	-0.51044
VASH1	2.472
ZNF507	2.4551
AAK1	3.3419
CPEB3	6.6847
ADNP2	3.1894
ANKRD26	0.92202
LMTK2	0.67321
NTNG1	0.42683
CHSY1	1.3676
CILK1	2.4645
ADGRL1	2.5672
NLRP1	-0.34772
FNDC3A	1.3642
ATG14	-0.12622
R3HDM2	7.1361
SLITRK3	-0.34063
FASTKD2	0.67036
ZNF510	-0.041885
PPP6R1	2.5278
NLGN1	0.4566
SEC31A	2.1917
DZIP1	4.6736
PLEKHA6	4.0851
ENPP4	4.6334
INPP5F	-0.16876
TRAPPC8	0.49645
MON1B	0.92004
MORC2	2.0294
ANKRD6	7.0221
ZHX2	0.77994
CLSTN1	1.2358
WDR37	7.4547
ABLIM3	4.2656
FOXJ3	3.0043
UBOX5	4.1429
KHDC4	5.4805
ZBTB1	-0.30337
ZNF365	2.6812
BAHD1	4.5826
DIS3	6.3925
RPH3A	-0.49464
CEP164	1.7021
DENND3	4.9608
ARHGEF15	3.5761
CARD8	-1.2495
ARSG	5.2756
RUFY3	0.89931
BTBD3	0.37291
SBNO2	3.9468
EPN2	2.4005
TRAK1	-0.051687
DHX30	3.4457
SACM1L	1.1411
FAN1	0.51128
WDR47	-0.78333
RALY	3.8148
KLRK1	1.5417
MMRN1	0.86637
NCBP2	1.0971
ZP1	-1.7454
CD93	0.41874
MAPRE1	4.4062
KIFAP3	1.3551
MSRB2	2.2938
MAPRE3	2.6975
PLA2R1	6.4062
ATF6	-2.0308
HABP4	3.8467
SEPHS2	2.2189
SEPHS1	2.5365
RAB3GAP1	0.99561
RAB18	0.69791
POMZP3	0.73702
SIRT2	2.5178
RPIA	0.8071
ELL2	3.0892
SCAP	0.68076
SNW1	-0.13277
SHANK2	0.8951
DKK1	1.6992
KIN	-0.16044
CCT5	1.8381
PTGR1	2.398
SLC4A1AP	5.2963
P2RX2	2.1021
TRIM32	7.3516
SCMH1	1.441
TPX2	3.1778
PAXIP1	0.13323
AKR7A3	1.8456
NT5C2	5.869
EFR3B	0.95736
TCF25	3.9531
NINL	4.4609
DIP2C	1.5174
MAST1	2.6006
PDCD11	6.1094
ACIN1	2.8579
SORCS3	1.6764
SV2C	0.036402
MYH15	-0.78835
PCNX1	1.0943
KDM2A	3.3177
HMGXB3	0.12779
CEP131	1.5232
CEP152	0.58312
TTC39A	4.4938
IGSF9B	0.068017
LIMCH1	6.2364
RIMS1	1.1872
WDFY3	1.8809
DAAM1	2.6249
MAPKBP1	2.8643
PLCH1	1.586
KLHDC10	4.752
RAB21	0.90837
STK38L	-0.23236
SPEN	6.5661
FBXO21	1.1754
GOLGA8A	-1.022
EXOSC7	0.70866
FAIM2	4.2734
CNOT1	2.8192
SNRNP200	3.8301
PALLD	1.2141
TMCC1	2.8714
PDZRN3	2.1023
UNC13A	-0.28352
MYO16	2.2724
KDM1A	7.6418
RBM34	4.3242
KDM4B	1.1618
MAST3	6.4099
USP33	3.6899
DOP1A	2.1647
SAMD4A	4.8989
PHLPP2	6.1094
ZNF292	2.3705
PDZD2	0.91033
WDTC1	1.3566
XPO7	6.7246
MYT1L	-1.9624
MON2	-0.2873
PDXDC1	0.89603
TNIK	4.0375
KIF21B	5.6043
PDS5B	2.1731
FNBP1	3.8539
SMG1	0.66732
ZHX3	5.5215
ENDOD1	-0.68482
ZSWIM8	6.9131
NCOA6	6.1094
NMNAT2	0.71985
CLUAP1	4.9458
ZNF609	3.0245
TBC1D9B	1.1074
GGA2	2.3329
WAPL	2.7807
SETX	0.031823
EMC1	1.9597
CAND2	6.4437
SETD1B	2.8131
CMTR1	1.6901
ERP44	0.55417
HECW1	1.0776
BLTP3B	2.6102
SWAP70	3.9408
RRP1B	4.2923
MYCBP2	2.0608
VWA8	1.1845
AVL9	2.6576
KDM4C	-1.4266
PPRC1	3.0456
ERC1	-0.33049
EXPH5	2.3118
TRIM35	1.5426
PEG10	0.53358
ZNF423	1.064
ZC3H13	2.4721
ARHGAP26	4.5885
TTLL5	0.95936
SIPA1L3	7.9014
KIF1B	1.1926
CDK19	3.1117
SARM1	1.6795
ZBTB43	1.2825
MCF2L2	1.038
TBC1D2B	1.8722
FSTL4	-0.17128
MRPS27	-0.25347
RAP1GAP2	-0.88194
DDN	5.3136
SPART	2.6707
TNRC6B	7.8935
CUL9	6.1094
NFASC	0.69409
TOGARAM1	1.7338
NPIPB3	0.92452
TAB2	1.3405
HIC2	-1.1362
ATP10B	0.74178
CLASP2	2.1578
CAMTA2	4.8506
POGZ	1.667
COLGALT2	4.5121
PLXND1	4.3958
ATG2A	0.50497
GPATCH8	0.53389
RAD54L2	4.566
KDM6B	2.6706
EPB41L3	6.3291
SMC5	-0.48651
N4BP3	1.3867
MAST2	7.379
ZZEF1	1.4744
ANKLE2	1.1341
DCUN1D4	6.1591
LRCH1	2.5702
ZC3H3	2.1024
SSPOP	-0.14087
NACAD	-0.85193
FCHO1	2.403
FRMD4B	0.78553
GRAMD4	-0.44216
CIC	4.0053
NCDN	0.3552
CLCC1	-0.15812
TBC1D9	0.48163
WDR43	2.7172
SNX13	1.0119
MAPK8IP3	1.6435
GGA3	2.9382
MPRIP	4.8635
NUP205	1.3256
STAB1	6.8373
EFR3A	1.0716
RTF1	6.1266
SLC35D1	6.8031
TTLL12	1.5835
GPD1L	-0.65802
ABRAXAS2	7.14
METAP1	2.4174
ZCCHC14	1.5998000000000001
LPIN1	-0.31082
SEPTIN8	1.6286
CEP68	1.0446
PASK	2.6628
RGL1	0.36854
RFTN1	0.12751
DIP2A	2.248
MESD	3.9768
LARP4B	7.0245
RCOR1	3.602
PHLDB1	4.2993
KANK1	2.4196
UBXN4	-0.29894
CYFIP1	-0.75497
ATG4B	0.75228
GANAB	1.4202
FBXL7	0.93075
MDN1	2.9418
FAM120A	3.3357
FAF2	-0.42338
PSME4	2.5617
GSE1	0.95612
ATP11B	2.9559
FAM168A	1.9317
PMPCA	4.0681
ARL6IP1	0.33406
ACSBG1	2.2089
PLEKHM2	6.2644
SYT11	4.4657
MLC1	2.1548
JMJD6	2.019
ZC3H4	3.7594
RRS1	-0.263
SULF1	0.89116
XPO6	1.116
PRRC2C	7.9181
TBC1D1	1.4013
ZFR2	2.1339
NBEAL2	-0.52546
FBXO28	-1.1451
DTX4	-0.15894
RHOBTB2	0.50488
RRP12	2.572
SYNE2	0.79472
NUP210	1.2359
PLCL2	0.81474
VPS13A	1.7253
SEL1L3	-0.86987
TBC1D12	2.1095
EXOC6B	1.4174
DNAJC9	6.6006
SIK2	4.1902
PLCB1	5.9462
ARC	-0.57693
PHLPP1	1.7402
TMEM131L	6.1773
PACS2	0.72786
COBL	0.51097
ANKRD28	0.56912
PDS5A	2.2244
ASTN2	9.2381
BOP1	3.4668
KATNIP	5.3847
RPRD2	7.6743
ATP11A	1.4211
MINAR1	0.2038
OTUD3	0.21208
ANKRD12	4.7105
KAZN	2.1541
MTCL1	3.338
SCFD1	-0.46995
DENND5A	0.28719
DDHD2	1.1614
CAMTA1	1.157
PPIP5K2	1.2622
MCF2L	0.037464
ZC3H7B	4.6681
EXOC7	0.83553
ADGRL2	2.6863
DNMBP	6.6699
MGA	2.9877
TSPYL4	3.5684
CAMSAP2	5.0203
TASOR	1.4473
CLEC16A	1.9574
POFUT2	1.5245
KLHL18	0.9771
CLUH	0.23652
NUP160	7.6483
MTUS2	-0.78691
CSTF2T	-1.027
ADGRL3	0.57734
WWC1	0.39914
AGTPBP1	-0.27337
IQCE	4.1671
FBXW11	-0.65574
SMG6	4.6967
ANKS1A	4.9743
MGRN1	1.5258
BICD2	2.832
ATMIN	4.1778
EHBP1	2.3186
WSCD1	-0.78619000000000006
KIF13B	-0.70008
UBR2	1.2418
ACSL6	4.6594
NEMP1	2.0461
FKBP15	0.7123
ICOSLG	1.9876
SIN3B	1.0276
NCAPD3	0.32744
DMXL2	1.1333
KIAA0930	-0.41185
SATB2	2.8284
SLC9A8	2.4243
CUX2	3.027
DNAJC13	6.7828
TUT4	1.8888
TRIM2	2.4052
RPGRIP1L	2.0957
MAN2B2	-0.36558
WASHC4	1.1717
USP22	2.295
NEDD4L	2.3472
SASH1	-0.70378
TBC1D30	1.1062
TTC28	2.8391
CLASP1	2.4783
DPY19L1	-1.121
SZT2	0.8143
WDR7	0.56635
SYNM	2.03
JADE2	3.167
VPS39	1.3946
DNAJC16	7.1998
ESYT1	2.4732
SYNE1	1.0358
SMCHD1	1.1327
DOCK9	2.7099
PHF24	-0.16084
U2SURP	6.8868
KHNYN	1.0851
UBR4	2.5056
SUN1	2.4129
HAUS5	3.2241
VPS8	1.308
ANGEL1	2.0128
USP24	5.816
ENTREP2	0.0094705
FNBP4	6.0917
ZNF629	0.79126
PSD3	0.43484
OBSL1	4.9861
ARHGEF12	0.39077
MATCAP2	0.99022
LARP1	0.49893
PPP1R13B	2.3311
PUM2	1.0338
ARHGEF18	7.3693
TNS2	2.2416
CRTC1	6.5298
UFL1	0.34808
RRP8	0.90464
ICE1	2.2784
SMG5	4.1609
AHCYL2	2.5078
MAU2	6.5348
SPECC1L	2.8415
NCSTN	2.706
NUDCD3	5.0298
SIK3	4.7303
MED13L	3.093
ZDHHC17	2.2333
ECPAS	-0.71868
ADNP	0.45359
LARS2	0.89618
PIP5K1C	0.12086
NCAPH	3.4272
PPWD1	3.1372
CTDNEP1	0.85343
ATP13A2	1.0387
FRAT2	1.4784
FBXO46	4.3374
EXOSC2	-0.26049
DICER1	0.44508
COTL1	1.5725
SIRT5	0.15066
SIRT4	2.615
SIRT3	0.30345
SIRT1	5.3994
COMMD3	-1.2246
NCS1	1.1625
ZFPM2	4.0244
KCNH4	1.7483
KCNH3	2.4206
MLYCD	0.33048
CRB1	2.1202
NOMO1	0.13244
ITGB3BP	-0.18772
TMED3	1.1797
TDRD7	1.9183
GRIP1	-2.0413
SLC7A8	2.481
RYBP	-1.2497
TPSD1	1.4097
AP4E1	5.0757
GPR161	1.4955
RHOQ	1.6127
TARDBP	-1.4794
CELA3B	2.043
HARS2	0.91989
OTP	0.2954
SLC35A3	2.0902
SLC44A1	-0.27049
SF3B3	2.4157
SF3B1	1.8652
ANGPTL2	6.1094
ABCB10	-0.038031
ABCB9	0.79957
ABCA6	0.3626
ABCA5	1.035
HEY1	-1.8752
ICMT	0.63146
GCAT	0.1653
CBX6	2.439
NPTXR	0.42915
CBX5	2.3529
PHF3	1.7814
TRAM1	0.43315
CAPN7	-1.034
ETHE1	0.39505
QPRT	0.05239
BRD4	2.5863
SEC11A	7.6231
ISCU	0.85671
SEC61G	1.0168
PES1	4.5985
TGDS	2.2447
LEPROTL1	2.7884
CES3	2.2159
CBX7	2.2694
HEY2	0.61368
TNFRSF13B	0.76586
HAAO	0.47805
MACF1	2.1641
DAAM2	2.7834
ZFYVE26	2.3824
RIMBP2	-0.68751
TMEM131	3.3529
BICRAL	4.0422
LRRC8B	-0.41649
TTC9	1.1126
POFUT1	0.66417
KCTD2	1.9985
NUP188	-0.67683
SUZ12	1.5636
SCRIB	6.1094
SPIDR	3.1069
MORC3	2.0935
SLC39A14	0.79693
MTREX	-0.4028
R3HDM1	0.70112
ANP32D	1.2252
ANP32CP	-0.034872
RPL13A	3.6267
KAT6B	-0.27125
CABIN1	3.5598
SRRM2	1.8657
ARHGAP45	1.2939
ACAP2	0.56603
ZNF281	1.6537
CLCF1	1.3751
NNT	2.8047
MMD	1.9314
PRAME	-0.98436
PIK3R5	0.45695
TNPO3	7.3312
ADAT1	1.2244
OR52A1	-1.0445
SLC16A8	2.5518
SEC14L2	2.4002
MAPK8IP2	2.1686
RBFOX2	3.3964
SEZ6L	-1.0932
ATP6V0A2	2.7247
SYNGR4	0.39208
LILRA4	-0.044612
TTC33	4.3347
DNPEP	2.3884
PSD4	7.3254
RASD2	1.3721
CDK20	0.19389
HYAL4	-0.45793
TSPAN12	2.3019
TSPAN15	2.1673
PIGN	1.2997
SNAPIN	1.6109
WBP2	5.8949
WBP1	3.9685
GTPBP4	6.1094
CLDN14	7.0314
CHST5	2.4007
DDAH2	7.4177
LPAR3	1.1523
ZNF346	4.5166
ARL2BP	-1.3737
PADI4	-1.4521
DDAH1	2.4687
CDC42EP4	0.17749
CASP14	-0.97109
CCNDBP1	2.9665
SMUG1	-0.6752
VSIG2	2.3376
TMEM50A	1.9544
RIGI	2.5322
ELP5	0.9428
KLHDC2	1.7355
CARHSP1	1.0696
PDSS1	0.29312
LEMD3	-1.2364
HEBP2	0.27689
ORC6	2.0051
ORC3	0.10193
OPN3	-0.054875
PATZ1	3.292
AMACR	2.0886
CLEC5A	1.8169
CORO1C	2.5967
DAPK2	1.2492
CD2AP	1.5617
MKRN1	1.9103
MKRN2	1.7253
PHLDA3	1.7941
ZMYND8	-1.6066
SH3BP1	1.9854
TSSK2	4.6897
ZIM2	0.94573
NTSR2	-0.0321
BACE1	1.2766
RUSC1	5.1864
CBLC	3.1636
FAM89B	6.1094
SPO11	2.6916
PRND	0.38567
CA14	8.014
KPNA6	1.5969
SSBP2	2.0412
NUP62	3.5573
RABGAP1	5.0952
DNAAF11	0.55089
HSPBP1	2.0762
LY96	0.45117
EDC4	2.3591
PPP1R15A	4.3861
PLD3	5.289
ARFIP2	-1.0551
SSBP3	2.9567
POLA2	3.0129
TRIM29	1.2748
PLXNB2	5.8265
SLC7A11	-0.73001
LSM5	1.2739
PLA2G15	6.8377
ZKSCAN5	2.0157
CEMIP2	1.4717
TMEFF2	0.49027
STX12	0.59445
SH3BP4	-1.3665
SGK3	-0.0084556
RAB38	-1.2184
PRKD3	0.21944
KCNE4	0.20962
CADM1	3.2193
GABARAPL1	-0.30004
SHPK	1.3703
TMEM245	2.6213
FRRS1L	1.8568
EID1	-0.76437
NPAP1	-1.1142
BHMT2	5.0905
AIPL1	1.1077
SDF2L1	4.6551
PPIL2	3.4353
PITPNB	2.7125
PISD	4.0009
OSBP2	2.8742
MAFF	6.1094
IL17RA	-0.50696
FLRT3	1.3037
FLRT2	4.1882
FLRT1	0.64838
FKBP8	4.2497
BRD1	0.40264
ARHGAP8	-0.19661
APOL2	2.1637
BCL2L13	1.7306
MTCH1	2.3806
MTCH2	4.6518
IFIT5	4.1668
EML2	1.7869
LAMP5	-1.3115
NAA80	3.1502
TFIP11	3.1786
PANX1	0.24609
CLDN15	0.93299
FJX1	0.43487
PRPF6	2.4942
ZNF318	6.1094
KIAA1549L	0.93206
SHC2	-0.22954
HYPK	4.1417
PRPF40B	0.42732
SLC24A2	2.4379
C22orf31	1.0872
TBC1D22A	0.67153
YWHAH-AS1	3.6496
CBY1	0.1817
SUN2	1.1066
DSTYK	-0.27326
RASGRP3	0.43472
RAB3GAP2	2.6411
RAD54B	2.7655
TMEM59L	4.3811
CFAP45	-1.4888
NGEF	5.8843
CIZ1	0.72124
FBXO7	0.37146
FSCN2	4.8425
PGLS	0.28523
QPCT	2.5152
BRI3	2.1919
ZNF324	0.87726
SLC39A6	-0.1911
GCA	4.0593
LMOD1	4.1502
SPDEF	4.719
LSM4	3.9711
BAMBI	3.8207
VAX2	4.7354
RHBDD3	0.66088
TTLL1	2.288
SAMM50	-0.04184
ATXN10	1.4444
TNFAIP8	3.9725
TAFA5	-0.23886
KLK5	1.0403
NOCT	3.8557
ARIH1	1.3349
MTO1	0.65883
DNAJB5	-0.17019
TPSG1	2.5382
PRDX5	1.9194
BACE2	-2.1481
FBXL2	1.6772
TXN2	1.2902
TMEM184B	6.0341
SULT4A1	1.1653
HECTD1	2.8118
POU2F3	1.7198
MGAT4C	-0.88053
NIPBL	4.7904
RAB26	5.8058
COG4	1.4425
TMT1A	4.3912
ABTB2	0.21953
ASF1A	0.96334
MOB4	2.2609
YIPF3	3.5852
ANAPC13	0.46804
PARM1	-0.71099
ZNF345	4.8475
TECPR1	2.9112
ARMC8	1.416
DCAF12	5.2912
FAM149A	1.7589
BRMS1	3.2924
CATSPERZ	1.2818
WHRN	2.3298
USP49	1.7797
ABHD14A	2.3143
PRKD2	2.9194
SUMF2	6.3177
NEPRO	0.94243
RPL36	3.2625
MPC2	0.99009
LETMD1	1.9174
SPEF1	2.0015
DCAF13	-1.2646
TMEM186	0.60823
CHRDL2	4.29
POLR1A	1.7577
POC1A	3.2691
ZNF473	-0.36992
ABI3BP	0.57014
PAMR1	0.30694
TRIM58	0.71442
PLEKHG4	2.491
EEF1AKMT3	0.80313
INTS7	-0.15875
RNF19A	2.4724
RCHY1	1.1833
IFFO1	2.8055
CCDC28A	-1.5525
MTHFD1L	3.2901
OLFML2B	-0.36549
CNOT10	-1.1101
ANAPC15	1.1402
TMEM158	0.36342
AHCTF1	-0.21805
DPCD	1.6992
C1orf43	1.4437
POT1	1.3287
RTTN	0.98131
NDUFAF3	7.1272
THUMPD3	-0.512
NELFB	4.2183
ZDHHC5	6.8219
ATL3	0.75246
MYRIP	-0.71044
ZNF521	2.766
NOL11	2.5574
CNRIP1	1.8412
SOSTDC1	1.301
GEMIN5	1.1161
PTPN23	0.8097
CLIC4	0.60432
NIPSNAP3A	0.085694
NSL1	1.1955
WWTR1	0.82611
HEATR5A	6.079
SAMHD1	4.2867
FAM98A	-0.80168
TPGS2	1.1202
SIN3A	6.1094
DNAAF9	6.0077
NECTIN3	2.2055
ZNF385A	-0.10358
KBTBD2	7.3599
SYF2	0.96869
RWDD3	-0.41107
PNKD	5.8329
SEC31B	2.8394
PNISR	4.3275
KANK2	2.6848
ADGRA2	1.3138
NUDT13	6.871
VIRMA	1.7794
TMEM87A	1.5763
C2CD2	1.3506
SH2B1	4.256
UNC50	4.4157
PARS2	-0.15804
MMACHC	7.1641
TIPARP	2.6051
NECAP1	1.0102
CHMP2B	1.2447
DHRS7B	2.3478
AAR2	2.6132
DNAH1	3.2698
NGDN	2.5243
KRT23	0.48654
TSKU	1.019
HINFP	6.124
ULK3	7.091
SNED1	1.3549
HIGD1A	1.2986
REXO2	2.6751
IBTK	1.8731
CLIP3	2.0315
TBC1D10B	4.2829
RNF167	3.362
MOXD1	-0.1706
GORASP2	3.1553
C2CD3	2.4602
TKFC	1.7456
ZZZ3	3.7833
SPATS2L	1.5656
TENM4	2.1381
NSMF	4.0304
L3MBTL1	1.7891
RPAP1	3.8961
FAM32A	2.1165
LRIG1	1.8556
UPF2	-0.65566
LRP10	3.3988
TMEM98	1.7416
PTCD1	1.5168
PCDHGA12	4.208
ACOT11	2.1405
PLEKHG3	0.08326
OSBPL3	0.35061
SUSD5	-1.6986
ATRNL1	2.3062
IPCEF1	0.58217
GLCE	3.2143
ZNF451	-0.26955
SIPA1L1	1.4358
CHD5	0.97936
SS18L1	2.4342
SETBP1	6.971
UBXN7	1.6821
LRRTM2	2.012
LTN1	4.3196
CNTNAP2	-0.12449
ZNF500	3.2475
FAM169A	-0.33249
SLITRK5	-0.11408
PPP1R16B	3.0997
DNM3	7.194
AUTS2	5.2814
SENP6	2.8888
RAB11FIP5	2.4065
ANKRD17	1.2754
GIGYF2	6.9005
ERC2	1.7437
APPL1	0.63432
HACL1	2.4968
DECR2	0.72723
RAI14	4.3526
LSM14A	1.5566
POLDIP2	1.897
CFAP61	1.8083
TBC1D29P	2.7115
ARHGEF26	7.5292
KLK13	-0.55355
GPSM1	4.1649
GGA1	2.8609
ABHD12	4.7306
HERC4	5.7155
TOR1AIP1	4.4079
CCDC9	1.9387
DCAF4	6.5984
PTPN20	0.21416
CHTOP	1.6142
EDRF1	0.10761
SZRD1	6.732
WIPI2	0.99771
LRIT1	-0.13205
PYGO1	2.063
CCDC69	4.3251
TANC2	0.15257
WSB1	1.9807
LDLRAP1	0.46707
PRPF31	0.832
EPC2	1.3752
TCTN3	0.15424
FGFR1OP2	1.8667
KIFBP	2.4818
GAPVD1	6.3893
TRPC4AP	7.0074
SERBP1	2.7199
TES	0.80279
ZBTB20	1.446
TTLL3	0.59874
IRF2BP1	1.1402
TRAF3IP1	-0.5352
PHF19	2.7481
ZNF658	-0.3676
RIBC2	1.1349
NAT9	0.05046
ZNF337	1.7824
KIF26A	1.0825
ABCA12	0.21122
NOC2L	0.4324
RSL1D1	2.4066
GIMAP2	-0.76491
IFT172	6.1094
MTG2	2.5824
RGS22	-0.32768
PCDHB5	1.6711
SENP3	5.9134
INTS1	1.2333
LYSET	3.6947
OR1C1	0.96699
OR1A2	-1.0053
FBXW2	2.5001
PTPN22	1.9926
GMEB2	5.8974
SPAG8	-0.46451
PITPNC1	4.4495
OR2F1	-0.10058
OR2B6	3.6872
OR1J4	0.98587
FBXL21P	2.4271
FBXL3	0.48978
ARL5A	2.5898
PHGDH	0.84361
STAP1	1.4411
B3GAT3	0.2641
TIAM2	-0.32188
FBXL9P	1.8593
FBXO2	-1.9517
FBXL6	0.81158
FBXL5	0.455
FBXL4	0.45095
LCE2B	-0.055753
FAM50B	1.623
OR2M4	-1.7375
OR2L2	0.070839
OR2K2	-1.0867
KLHL3	5.0969
KCNG2	3.5163
CLEC4E	-0.60116
OPTC	-0.8568
CABYR	-0.099018
NKX2-8	0.87444
BLOC1S6	7.2057
FBXW8	3.5678
FBXO25	-1.2024
FBXO24	3.272
TSPAN17	1.4258
FBXO22	7.596
SLC13A4	0.15407
FBXO10	0.051646
FBXO9	2.2458
FBXO8	0.83494
FBXO6	1.2462
FBXO5	3.7296
FBXO4	1.1783
FBXO3	1.3069
HIBCH	1.9496
VPS33B	2.0317
TINF2	0.12735
SACS	0.23977
PLA2G2D	0.43111
FGF20	-0.55768
ERAL1	0.30467
CLDN17	-0.45655
ARFGAP3	3.7459
ANKRD2	-0.28861
AK5	3.6076
GALNT8	-0.9055
FGF21	7.6965
MYCBP	1.307
SERGEF	3.2959
EHF	3.6754
GBGT1	1.1376
GAPDHS	2.4876
OR7A17	0.079747
OR5L2	3.5062
OR5K1	-0.57902
OR5H1	1.2731
HSPB8	0.59489
GNL3	5.4747
FAM162A	6.967
LHX6	-0.54746
PTPN18	0.36209
SEZ6L2	0.74634
NUPR1	2.9893
PPP1R14B	2.1256
OR10J1	-1.6567
OR8G2P	-0.5981
OR8B8	1.163
OR8G1	0.19959
OR10A3	-0.033038
PLEK2	0.47718
NARF	0.88024
SLC17A5	0.82971
CNNM4	2.3349
CNNM3	1.0286
CNNM1	-0.25495
HEYL	1.1096
MYOF	2.7642
CHIC2	1.5834
INTS6	1.017
TIMM10B	-0.91218
TIMM13	0.24207
TIMM10	-0.37027
TIMM9	0.74794
TIMM8B	3.0224
AGO1	0.46909
LATS2	3.5701
IL36RN	6.1437
TSPAN16	-0.33414
DAZAP1	1.8293
OR12D2	5.1538
OR11A1	3.4071
OR10H3	0.64619
OR10G3	-0.87985
OR10G2	-0.96429
OR10H2	1.572
OR10H1	0.16509
AATF	-0.70385
RGS17	4.067
PCOLCE2	1.7034
OSTF1	-0.013926
MYEOV	5.5577
BSCL2	1.9321
GREM1	0.2616
CKAP2	-0.97914
MRPL46	-0.8194
OR8B2	0.62217
TBL2	4.3192
ELP4	5.2233
OR7E24	1.5113
OR7C2	0.85229
OR7A5	-0.050816
OR7C1	-0.16802
OR4F4	-0.31514
OR4E2	-0.70539
OR4D1	1.4447
OR2W1	4.7514
OR2V1	-0.33888
OR2T1	-0.52748
OR2J2	5.5919
OR2H1	4.0606
OR1L3	0.83085
OR1L1	0.65189
OR1J2	0.13849
NUFIP1	0.29525
RPS6KC1	-0.63819
SH3YL1	6.1094
HAVCR1	1.9076
STEAP1	3.2424
OPLAH	3.3161
SMR3A	-0.49066
RANBP6	0.78339
COPG2	0.30573
HBP1	1.7051
NBEA	0.76587
CHORDC1	1.3101
ZNF285	0.13537
SEC22A	0.99101
AP3M1	7.0692
PABPC1	-0.11903
AKAP8L	6.1094
RNF11	2.0558
TRUB2	0.44259
GPR160	2.3948
FETUB	2.2345
CYFIP2	4.9666
DNAJC2	2.0473
USP21	1.46
FGF22	-0.42228
TPK1	1.1575
KCNV1	0.78226
CNPPD1	0.040579
DNAI1	1.4592
NPTN	1.3448
FOXD3	-1.5132
FOXB1	-0.4218
MLH3	5.1704
NPHP3	7.3471
ATP2C1	0.78531
ZBTB32	5.3102
ACAD8	-0.85031
SIGLEC7	1.3415
TRMT2A	2.0918
PKD2L2	4.3317
LAT	2.7891
UTP25	1.9576
PELP1	3.2163
SND1	7.4459
ANKRD1	0.84852
NSG1	0.68244
STAU2	2.2325
PPA2	2.7738
GHITM	1.093
DAPP1	2.5937
VPS41	1.0131
LAMP3	1.6023
TSPAN13	0.15029
LYPD3	0.086125
B9D1	3.5619
RPUSD2	4.9882
MTBP	1.5274
FOXP1	4.5132
B3GAT1	-0.11577
UQCRQ	6.6712
ST6GALNAC4	4.3348
CACNG5	-0.75958
CACNG4	0.14061
KCNMB3	2.528
TRAPPC3	1.1808
TAF5L	0.58145
CLUL1	-2.059
CACYBP	2.9653
EIF2AK1	0.97155
ARRDC2	1.3418
ZBTB11	1.5699
DMAC2L	-0.074742
SDCBP2	2.3266
BBC3	1.1171
PDE7B	1.7387
DKKL1	0.11017
DKK4	0.010613
DKK3	-0.92998
DKK2	1.6539
INPP5J	3.9031
AFF4	7.189
SMC1B	1.6176
CYTH4	-0.91438
HSPB7	5.4315
INVS	0.62093
SNX5	0.79553
CPNE7	7.5289
KCNH5	0.55253
TJP3	4.4022
MORC1	0.61983
CIDEB	2.4519
PALD1	2.6037
FILIP1	-0.37742
FAM184B	2.8119
DENND2A	1.7699
STK36	4.2871
CPAMD8	-1.3988
INTU	3.6479
ZNF777	0.42263
BRPF3	0.87346
RSPH14	0.97199
NDOR1	6.1094
CHIA	-0.17433
AGO2	3.1277
NAAA	2.6046
SALL3	2.9375
GLS2	5.0013
PRELID1	6.1094
SLC39A1	1.5465
TUBG2	2.2347
IL36B	5.9597
IL37	4.2522
IL36A	3.8855
SIGLEC9	0.3819
SIGLEC8	0.16054
VPS4A	2.0215
DISC1	2.6352
IL17C	3.8442
IL17B	1.3955
HCAR1	0.74429
OXGR1	-0.10906
GPR78	1.1093
C5AR2	-1.9786
TUBGCP4	3.4602
SERP1	-1.8288
NMRK2	5.9715
GNMT	3.2694
SULT1C4	1.7507
COQ2	-1.5537
ARFIP1	1.0123
ARHGEF16	-1.2264
GPR162	-0.13724
SIT1	2.0962
BBS9	3.4159
TNFRSF21	0.49921
CHMP2A	2.554
SESN1	-0.024608
AHDC1	3.6834
RNF115	0.53099
NFU1	3.8827
ERLEC1	0.9442
MMADHC	-0.027804
PDCD4	0.31127
KLHL20	0.60054
PCDH17	-0.55901
CSDC2	5.028
CNTN6	-1.4508
LSM1	0.61341
LSM3	6.8661
TINAG	4.095
SULT1B1	1.8145
TEKT2	-0.20176
VENTX	1.9385
RBMXL2	0.88913
RND1	4.8698
SPINK4	1.2627
R3HCC1L	7.1885
DIMT1	1.9435
SMPDL3B	1.1102
DHDH	0.75534
PDLIM3	-0.59755
TP53TG5	0.12236
CRCP	4.9956
ADAMDEC1	1.9111
ZNF544	0.2347
BMP10	1.3754
RBMS3	4.39
MOCS3	-0.087158
HPGDS	1.3136
ZNF330	0.98417
RAB30	1.0406
PGAP2	-0.77046
BHLHE22	-1.0301
TOX3	1.2138
TNRC6A	3.2184
ANGPTL3	6.6666
ZNF638	0.71357
GOLIM4	1.5072
EIF3K	4.7867
UBE2S	-0.69268
PRPF19	-1.1507
UTP20	-0.1991
RRP7A	1.9867
RABGEF1	4.9939
POLL	1.4416
KCNMB4	-0.069471
TMEM97	2.1979
STK39	1.5858
TOR1B	3.4915
MCAT	3.0737
APOBEC3C	2.2064
DESI1	3.8304
SGSM3	6.1094
HTRA2	3.0393
MAT2B	0.78249
TOR2A	1.2278
POLM	0.82138
EML4	-0.059707
TMEM121B	-0.21823
HDHD5	-0.21461
CECR2	1.7939
PCLO	0.67216
SLCO4A1	0.031567
SLCO3A1	1.8389
SLCO1B3	2.4583
CDH20	3.4959
NKIRAS2	1.1563
NKIRAS1	0.19906
CDH19	-1.5356
DLL1	0.40522
TRIB2	2.6318
REM1	3.4593
DEXI	1.5878
LAMTOR2	5.4939
MRPS28	-0.58642
COA3	0.29642
TMEM176B	1.8828
DCPS	5.9976
OSTM1	0.42261
GIT1	2.7348
SLC27A6	-0.088432
SNX24	0.089817
SLC6A16	0.029944
BZW2	2.7157
C11orf54	2.5201
AAMDC	3.4414
SPCS1	5.4724
MRPS18B	3.7187
C19orf53	0.3306
ACAD9	2.7849
MRPL42	1.5437
TMEM14A	0.69326
IFT81	1.5875
FLVCR1	0.018793
TMPRSS11E	2.1261
RGCC	1.0524
NOB1	6.1941
DBNL	1.4116
NTMT1	1.0707
ASTE1	1.2244
COMMD5	1.9037
MACROD1	2.0223
MRPL13	1.2649
KLF15	0.28605
SLC43A3	2.105
ATAD2	0.40193
HAPSTR1	2.4118
TMEM230	-0.49992
WDR91	-0.090103
ZCCHC4	0.73501
ZC3H7A	-0.95311
ZBTB44	-1.219
CCDC113	0.46978
SETD2	1.0198
MRPL18	3.3285
NDUFAF4	-0.57738
MED4	7.214
CCDC59	0.34688
METTL5	0.99349
CHMP4A	0.020014
GTPBP8	0.11104
PHPT1	2.4751
BABAM1	-0.81305
THYN1	-0.85661
MRPL15	0.24605
UBE2T	-1.3496
TIMM21	-0.294
STXBP6	3.0881
MRPL22	1.5856
LGALSL	0.4639
ORMDL2	1.3964
CNIH4	1.3652
RANGRF	4.5704
COMMD9	0.68514
TMEM208	1.9717
SSU72	-1.1145
DROSHA	0.4719
DNAJC15	0.37742
N6AMT1	2.8313
CFAP20	1.8792
SCG3	2.5224
NXT1	0.43289
PYCARD	0.33837
FHOD1	2.0442
TBK1	-0.35343
C6orf15	8.7743
TAGLN3	1.2511
SAP30BP	0.19283
MYLIP	-1.549
BRD7	-0.80653
DDX25	1.3244
CTNNA3	2.9924
CLEC2D	0.023169
PRSS50	2.0921
ANKRD11	5.443
LGALS13	2.0539
C11orf21	0.49918
CD274	-0.94521
RACGAP1	-0.35651
UHRF1	0.10274
BLNK	4.9029
USP25	-0.61526
PACSIN3	6.1527
TMOD4	4.0726
TMOD3	2.6057
TMOD2	2.7629
CARD10	2.3052
ABT1	6.1094
PARVB	0.87169
NCAPH2	3.3937
CYP2S1	-0.12628
OLA1	1.3087
UQCR10	7.1403
C2orf27A	-0.21614
YPEL1	4.411
ZDHHC1	2.6112
ZDHHC8	2.0817
VPREB3	4.0562
REPIN1	-1.1794
GRHL1	5.1363
TFCP2L1	7.7019
SENP1	4.9913
TFPT	1.1131
TRPM5	0.54532
ICOS	0.38147
UBN1	1.187
ALG5	2.0444
NPC1L1	4.5468
ANAPC2	5.425
CNOT7	-0.11668
SNX8	1.1714
SNX10	0.8517
STRN4	2.7711
GNL2	1.974
RBM15B	2.6247
PSMC3IP	1.7355
CPSF1	1.7741
MYL11	4.4109
TRA2A	0.28063
GPSM2	-0.075139
SAC3D1	2.185
FAM216A	1.4809
CCDC106	0.84387
EEF2K	1.6125
ST8SIA5	2.8283
SNX15	2.2058
GPR171	-0.65677
HOOK2	3.2366
UBIAD1	-0.045833
HCFC2	0.70227
SNX11	4.6254
RMC1	-0.9791
PYCR2	-0.78178
NME7	1.247
HILPDA	0.98884
EPN1	1.1281
GMPPB	4.6281
GMPPA	6.1094
SEC61A1	1.0734
TIMM22	-0.14591
ALG6	-0.37021
PCDHB1	1.2141
GPR132	1.3067
NENF	3.4645
DSE	3.4702
PKN3	1.9231
PURG	1.6124
PADI1	-2.0261
ANAPC4	0.89715
SERTAD3	3.2825
DNMT3L	0.32442
OSGIN1	4.5035
IL19	-0.62188
SERTAD1	4.2785
PDZRN4	0.48521
DPP7	-0.40162
TRHDE	-0.91551
POMT2	2.1755
CERS2	6.1094
SLC25A24	-0.80957
DMGDH	7.6675
NRBP1	6.1094
MRM2	0.087988
PRICKLE4	1.2885
CDIP1	4.0712
STRN3	5.1038
LRP12	0.32749
PSAT1	0.71579
MDFIC	0.77136
SCHIP1	0.97171
A1CF	7.6397
UBQLN1	3.2796
DONSON	5.4792
NRBF2	4.955
RHOD	4.1251
SLC39A3	3.6592
SLC39A2	-0.36599
SLC2A8	-0.29498
OBP2B	2.7293
PILRB	2.5436
OBP2A	-2.3168
PILRA	2.8501
PACSIN1	4.5593
BAZ2B	3.0212
LMCD1	2.4746
NOP53	1.2775
BICRA	-0.03606
FSCN3	5.7207
TNPO2	2.1132
ERO1A	-1.6056
EFEMP2	6.1101
TBX21	1.0123
NXPH1	0.89489
TLX3	-0.78544
SLC40A1	0.4196
RAX	0.87461
HUNK	1.1526
SOX8	-0.56331
VSX1	0.41557
PLA2G2E	-0.18013
ST6GALNAC6	2.8329
ERVW-1	-1.5292
ADGRE2	0.32929
KCNIP3	0.65961
KCNIP2	3.1576
KCNIP1	-0.64032
CXXC1	1.304
ZNF354C	-0.58105
NT5C	2.3242
POLR1H	4.6575
CD209	1.1178
DNTTIP2	4.2655
SOCS7	-0.6858
EHD4	3.1572
EHD3	1.1306
EHD2	0.84095
PIK3R4	1.0927
CDR2L	1.1994
TAX1BP3	-0.065087
STOML2	-0.046042
KLK14	0.60187
KLK12	0.51564
ZBTB21	3.7236
SCAPER	6.3375
WRAP73	0.17408
CRNN	0.60499
CLDN20	0.32605
RRM2B	0.94122
SMARCAL1	-0.17627
G0S2	1.2946
PLA2G3	4.7955
MINK1	3.6008
CD207	1.4925
DUOX2	6.1094
NOX4	2.8244
NOX3	-1.3073
COL5A3	2.4525
SYCP3	1.4663
PODXL2	3.452
DELEC1	0.40781
CHST11	-0.62732
IL20	-0.80767
UBQLN3	4.3644
IL21R	1.5589
IL22	0.01847
ATP6V0A4	1.6303
ITSN2	2.7109
DEF6	3.4447
CUZD1	1.6186
ZFTRAF1	3.0191
GEMIN4	1.6811
CALY	-1.0448
ANO7	2.5007
PNPLA8	1.5884
ARHGEF4	0.35377
ARHGEF3	4.044
SLC45A1	3.5832
NEUROG3	-1.2442
RDH8	2.0535
DCAF8	2.6701
KCNK4	1.4595
MYEF2	2.8532
IRX4	-1.0803
ASAP1	0.44981
AK3	1.7023
HP1BP3	-0.38383
HDGFL3	3.1919
COPS7A	5.2275
NSDHL	-0.90777
TAS2R3	1.9174
TAS2R4	2.0426
TAS2R16	-0.66403
TAS2R1	1.689
TAS2R9	-1.194
TAS2R8	-1.2393
TAS2R7	-0.93288
TAS2R13	-0.36686
TAS2R10	-0.1771
TAS2R14	-1.2634
DHH	4.1805
F11R	1.5083
TRAT1	-0.3634
VILL	3.7818
SNHG32	6.1094
PARD6A	3.2653
CLEC4A	1.7019
SPOCK3	0.41741
STMN3	7.0582
RNF141	0.91328
NTM	-1.1725
HEBP1	0.069486
CDON	2.6421
IMPG2	2.1259
PDE11A	3.9872
SHANK1	-0.38295
SOST	1.8307
TMED5	4.4354
SLC35B3	1.1998
MTERF3	-0.51521
TPRKB	6.1094
MED31	2.5452
COQ6	1.2075
AMDHD2	3.2277
SLC35C2	0.13024
ASCC1	2.1824
DERL2	0.61697
EXOSC3	1.0758
FAHD2A	3.36
PRELID3B	2.63
EXOSC1	-0.049093
TMED7	-0.33238
ISOC1	1.3503
EMC9	-1.4596
RRP15	1.4171
WASHC3	3.1349
HDDC2	2.9739
MRPS16	6.5742
GLRX2	2.7971
MRPS18C	-1.7879
FIS1	1.1295
PAM16	4.8211
GOLT1B	1.1229
BOLA1	3.5626
VPS36	-0.72169
DESI2	-1.5659
TVP23B	1.173
GLOD4	0.84909
CELA2B	6.1094
UBXN1	2.0038
ZNF593	1.911
ZBTB7B	5.1125
ST8SIA3	0.010147
PI15	-0.77573
PRLH	-1.7973
GMNN	-2.3319
LAP3	2.3302
WDPCP	2.2325
ZNF691	0.5185
FAM135B	-0.74184
TXNDC12	0.56644
TXNDC11	0.05073
ATL1	3.3057
CALHM2	6.4265
RPS27L	6.8908
SSUH2	0.080274
YARS2	-0.0037117
NMD3	2.3362
MRPL2	3.4692
NOSIP	5.5931
DERA	0.087333
MEMO1	3.7374
MRPL4	2.9667
APIP	1.0213
TMX2	6.3475
CUTC	3.2984
FCF1	-0.35525
THAP4	2.212
NDUFA13	4.2383
MRPS7	4.0894
POLR1D	1.8675
GAL	1.188
CRYL1	0.35117
MLXIPL	3.8923
TNNI3K	-1.5683
YBX2	1.4782
KLHL5	2.5339
PLLP	-0.32151
SEPSECS	2.3065
SIDT2	3.0011
METTL25B	3.2681
ADIPOR1	0.32457
TRNT1	-1.0469
UTP18	1.2062
SCCPDH	-0.96108
IFT52	-0.55846
ABHD5	-2.6184
SH3GLB1	0.99847
ZC2HC1A	1.9556
MECR	2.3617
NDUFAF1	6.1094
ABHD17B	0.28333
PHF20L1	2.6375
TFB1M	0.33706
APH1A	8.0988
METTL9	1.7261
RDH11	5.8271
LACTB2	0.011697
KMT5B	3.4345
TRAPPC12	-1.008
RMDN1	6.1094
MRPS2	-1.8368
COQ4	0.51878
UTP11	-1.4737
SBDS	2.8293
RPL26L1	-0.26878
COMMD2	1.08
ZNF706	0.49135
IER3IP1	2.2036
GOLGA7	1.1347
NAA20	-0.66057
TRIM17	4.4551
SAR1B	1.3411
ANGPTL4	-0.63387
ASB3	1.3977
PHF11	1.6692
KCTD3	0.2547
CEP83	3.3992
IRAK4	1.2491
RNFT1	5.2926
COPS4	2.8276
INSIG2	1.6949
CHCHD2	6.1683
DYNC1LI1	0.75182
HSD17B12	-1.2972
A4GNT	0.46277
ING4	0.72755
CERCAM	0.29877
MRNIP	-0.20552
SDF4	0.087577
SLC45A2	0.77927
MRTO4	2.2036
JPT1	2.7593
SERPINA10	2.7439
ZNF580	1.4753
VPS28	1.5139
C3orf18	2.5098
EGFL7	1.9651
DBR1	0.76357
DCTN4	2.21
AADAT	2.8215
CYB5R4	0.80156
MYO15A	4.277
HSD17B11	1.0247
HSD17B14	2.8672
NAGPA	-0.21301
TUBD1	5.345
TUBE1	0.37394
LEF1	1.4071
PLEKHO1	6.1094
HAO2	0.39364
DCXR	1.7156
HSPA14	-1.0023
GPN3	1.2139
CRBN	-1.558
RSL24D1	0.8191
SS18L2	0.62814
HERC5	0.47936
CKLF	0.3454
ZNF639	2.2691
IPO11	1.9857
RAPGEFL1	5.2439
PLCE1	3.246
NIN	4.6429
CPA4	0.46482
ZDHHC2	0.20192
DDX47	0.47761
NUSAP1	6.1094
TACO1	-0.83153
ACP6	2.2073
GP6	-1.672
DUSP13B	0.2404
CLDN18	0.68809
GLRX5	1.5769
ZNF219	2.5688
ELOA2	3.6329
ABI3	5.4505
COPZ2	6.0864
PIGP	2.9322
GLTP	2.616
PHF20	6.4388
VRK3	-0.27781
CRIM1	3.8363
DRICH1	1.6331
EMC4	-0.18666
HGH1	1.1395
MZB1	1.2464
ANKRD39	0.60264
COX16	3.4553
CCDC174	-0.96439
SHISA5	5.0711
PAIP2	2.5547
TMEM69	7.1957
MTRES1	1.3813
NT5C3A	7.357
FAM178B	0.17565
MRPL37	-0.46571
RNF181	3.5715
TBC1D7	2.2204
MARCHF2	-0.039795
MRPL51	0.39957
TMEM216	0.6688
MRPL30	-0.20039
MRPL27	1.7265
CDKL3	1.6654
CLEC1B	-1.1983
CLEC1A	-1.5933
PIPOX	-0.82569
UBAP1	5.6594
BET1L	0.83862
KLF3	6.1578
ZNF571	6.1094
DNAJC27	-0.078751
IER5	1.4117
C1RL	-0.86087
GOLM1	1.1401
ANKMY1	-0.49994
SCAND1	6.4698
BFAR	1.8032
RASL12	1.574
CEND1	2.8758
COA4	-0.20855
RXFP3	0.45568
ERGIC2	-0.63236
GMIP	2.4599
GMPR2	0.045009
CD320	-0.26769
PCDH12	0.99479
ECSIT	-0.010316
SLC15A3	-1.7409
BPIFA1	-1.0721
SPMAP2	0.13953
NRN1	-0.035006
TIMMDC1	2.2197
GCNT4	1.3384
CYP39A1	-0.079292
FKBP11	3.313
ZDHHC3	0.92965
KCNK9	2.4702
FAM13B	3.8851
FAM53C	4.4949
REEP2	4.9746
SLC22A17	2.6602
SLC25A37	4.7435
GASK1B	0.09797
NME8	1.6062
KRCC1	-0.53365
PLAC8	-0.52909
PHF21A	2.2445
MRPL35	1.6011
RSRC1	2.4841
MEX3C	-1.2525
AMZ2	3.4807
WAC	6.0171
SPG21	-0.17308
ARL17A	0.98017
AHSP	1.2183
ARL6IP4	-0.0067787
TNFRSF12A	0.13291
SPTBN5	2.9202
ZNF771	4.2759
PRR16	-0.84103000000000006
NGRN	2.9111
THEM6	3.6549
MS4A4A	1.2359
DACT1	1.2693
CRNKL1	-0.91457
ZBTB7A	4.4418
FZR1	2.2204
TAOK3	-1.3985
KLRF1	-2.0442
KRT76	-1.8854
ZNF117	2.7979
HOOK1	0.18371
CDC40	-0.49402
CHST15	0.38264
ZMYND10	2.5857
PLA1A	0.82935
UBR5	1.5194
POP5	4.315
TEX264	4.5157
POMP	2.1168
TMA7	6.7517
MRPS17	6.6174
ATRAID	7.5956
SNX7	0.067663
UCHL5	2.5723
ANGPT4	1.7974
CRLF3	0.3332
CSAD	-0.86157
ATP6V1D	-0.060849
WNT16	0.89583
ZNF589	4.8727
EIF3L	1.7815
NIP7	3.0289
RWDD1	-0.55856
AIG1	0.085495
TRPV2	-0.13189
COMMD10	1.3865
WDR83OS	3.7156
TRAPPC4	3.9443
PPME1	1.2854
NOL7	0.76311
HEMK1	2.3797
BIN2	0.90412
ACTL6B	1.8641
AMOTL2	6.1094
PRKAG2	8.886
POLK	3.7478
ZNF107	1.7762
DDX41	6.1637
SNX9	0.66921
SUCO	2.6508
ANAPC5	1.451
ANAPC7	1.4245
SCARA3	0.47134
FAM8A1	-0.12673
HPCAL4	0.36503
YTHDF2	1.8178
RNF138	-1.4849
IP6K2	7.1552
PCYOX1	3.5934
PRRX2	1.993
LCMT1	0.76912
GULP1	2.3579
REV1	1.4967
RHCG	1.7522
SFMBT1	7.5586
GPR89B	0.042157
UBE2J1	6.6051
EVL	2.5293
NAT8B	7.4525
DCDC2	8.5492
LIMA1	4.2601
CABP2	1.197
ISYNA1	1.651
HSD17B7	2.3704
ANKFY1	0.76489
SPOUT1	3.3605
NOP16	1.6992
RTCB	0.41507
HACD3	2.6836
CTDSPL2	1.0842
NELFCD	2.0706
TRIAP1	3.4513
HIKESHI	4.4722
CWC15	-0.48973
TRMT112	1.9268
UFC1	1.2155
RTF2	-0.81394
CHMP5	-0.23681
GTSE1	1.2946
ETV7	2.4711
DTL	0.095855
NCKIPSD	6.5873
LARS1	-1.0491
TMEM14C	0.35019
CXXC5	2.4508
TMEM138	1.0543
OSER1	6.7166
GSKIP	0.71765
JKAMP	4.2635
ANAPC11	0.5709
ZC3HC1	4.9478
TRMO	1.8807
PHF7	3.7756
VTA1	2.4093
PPHLN1	5.1175
MTFP1	2.8297
ZCCHC17	3.0377
SCLY	5.1568
VPS54	4.0924
ZNF581	0.96504
SIRT7	0.83521
SIRT6	2.9349
CINP	3.6982
RAB14	1.2976
ACKR4	3.0712
PEX5L	1.293
LGSN	1.9374
NT5DC3	2.3846
RAB6B	-0.4126
IL23A	3.8313
MBIP	0.91522
HDAC7	7.0883
TDP2	-0.23606
UFM1	-0.31097
CYRIB	-1.2983
GDE1	0.032238
LARP7	0.075649
ESF1	-0.3691
AZIN1	3.791
PCF11	1.6676
MED15	0.21081
PIAS4	5.7647
TRIM33	4.5737
SRRT	3.2036
NBAS	1.9016
CUTA	3.4223
LSR	2.6843
LIPT1	-0.44518
NOP58	3.8197
METTL13	2.6599
PIGT	1.4591
TRMT6	0.24221
ATP6V1H	-1.3575
GET4	2.2853
DPH5	1.6539
ERGIC3	3.6373
NSG2	1.7518
UBE2D4	1.6362
KLF13	0.10868
CCZ1	-0.25301
DYNC2LI1	4.4424
SLC25A39	0.45574
LUC7L2	3.4351
OTUD6B	-1.1766
DHRS7	5.3513
RTRAF	1.1128
SF3B6	2.0209
MRPL48	-0.69329
TMBIM4	1.7202
PPIL1	1.8948
YPEL5	-0.87561
CIAO2B	2.1233
MRPS23	0.86366
MRPS33	3.8786
PTRH2	5.6088
CHMP3	2.6044
CDK5RAP1	4.2702
RASD1	5.4023
STYXL1	7.6002
GINS2	2.0993
MPC1	2.7009
FKBP7	4.2493
ZFR	2.6691
ASB1	0.89881
ASB4	0.82545
NUB1	1.1473
IFT25	2.0705
SARAF	0.91201
TPPP3	3.0596
ASB2	-0.036651
PALS2	0.73848
SUFU	3.2348
OAZ3	0.64132
LSM7	0.37883
LSM8	0.51998
CPSF3	3.029
TRAPPC2L	1.3218
HECA	1.8832
VPS29	1.5152
CYB5R2	0.63174
NLK	1.1649
PADI3	-1.5468
ACSL5	-1.0151
GPRC5B	2.6655
EMCN	3.6009
CYB5R1	-0.3358
ZNF44	1.7011
SELENOT	-1.5007
RAB23	-0.75468
CAB39	3.1712
UIMC1	1.5073
FBXO40	3.6363
DNAJB11	3.3426
CMPK1	2.394
POLR3K	1.9688
WBP11	4.0984
UPB1	4.7479
MSRB1	4.7295
RAPGEF6	3.8487
GHRL	1.2405
WWOX	3.381
ARID4B	4.6954
CD244	-0.040666
LUC7L3	2.3164
RTEL1	6.964
HIGD1B	1.2684
ERAP1	0.51169
TMEM8B	-0.68688
CDK12	6.8996
C9orf78	3.9822
SYT17	-0.65681
ATP8A2	0.059768
RAB8B	7.6935
INPP5K	1.1599
GNG13	1.095
TM7SF3	0.90012
RSF1	3.9689
MAP3K20	1.5923
MYOZ2	1.7821
KDM3B	4.3022
ASIC5	-0.22883
SIX4	1.8945
COQ3	3.6561
CALML5	0.40616
TUBA8	-0.22229
PHAX	0.27595
GALNT7	-0.58292
ADA2	-0.72544
BCL11A	4.5171
BTBD1	7.5016
SPA17	-0.75104
IL17D	3.69
NUDT9	0.55225
TM6SF2	5.2072
TM6SF1	4.4104
UBASH3A	-0.42833
ZFYVE1	5.3999
LRP1B	0.92945
PANK1	4.1791
SHC3	2.2407
NUP54	5.1697
TPCN1	0.29411
CLIC5	2.3292
STX18	1.1706
MBD3	1.8812
ADAM22	2.1317
BCO1	0.29708
PRKAG3	1.1856
PTOV1	3.0592
S1PR5	2.1149
RIPPLY3	1.3476
FXYD7	0.95136
FXYD6	2.5922
FXYD5	2.2364
FXYD4	3.8813
P2RY13	0.65764
GPR84	-0.41468
IL20RA	0.062733
IL20RB	3.9236
FGFRL1	6.7799
GPR87	0.72062
C11orf24	1.4295
TRIM34	1.8006
CDHR5	1.5971
CLDN22	1.5854
MYO3A	0.50844
DUOX1	6.1094
RAB4B	6.2267
RAB24	6.1094
PELO	1.6383
SLCO1C1	2.3273
PPIL3	1.6237
CNTN5	0.38149
CSNK1G1	2.6111
A4GALT	8.1553
CPSF2	1.6279
BRWD1	1.3646
SLC37A1	0.93008
RBM11	-0.5937
PCBP3	-0.14261
C21orf58	0.37577
YBEY	0.45995
SMIM11	-0.42998
MIS18A	-0.45885
TSPEAR	-1.6236
SETD4	5.0564
FAM3B	0.47561
RIPK4	0.42464
CLIC6	0.77333
GSAP	3.362
TLR9	3.9143
POLE3	2.701
CHRAC1	0.89442
GPR88	6.5966
MRPL39	0.88127
C21orf91	0.7851
DCUN1D1	0.87728
NANS	2.2179
CYCS	0.33618
ERRFI1	2.8242
KCNK10	4.7103
TREM2	1.6289
TREM1	-0.58942
SNTG1	0.70036
SNTG2	-0.22193
GPR85	0.39206
GNG2	-0.90621
GDAP1	0.51267
DPM3	6.3882
SOX18	3.3618
UNC93A	-0.12128
CYTL1	-0.26222
WNT4	1.3364
HAO1	-0.75845
TERF2IP	1.5422
SLC38A2	1.5015
SIAE	-0.64201
TAS2R5	1.9387
DNAJC10	0.48399
YIPF1	0.48619
GAR1	0.082406
SSH1	2.0467
SH3TC1	-0.73363
SEMA5B	2.5807
GFOD1	0.041192
RBM27	-0.82275
KCTD5	2.0123
ANLN	0.4012
RIN2	0.96201
ATAD2B	0.49176
FBXO42	6.897
MOV10L1	2.6602
PRR13	4.9386
MRPS21	6.1094
FBXW5	2.1951
CCSER2	0.063823
RETREG1	3.4729
XRN1	5.2767
ETAA1	2.6111
ANKIB1	3.2303
MIOS	1.4089
ZFAND6	1.7511
MIEF1	0.90498
TOLLIP	-0.22234
KRT20	1.0687
NLE1	-0.46545
RNF216	-0.67504
PLEKHA5	2.7729
PIMREG	0.18663
CHPF2	2.2527
TRMT13	2.4518
DGCR8	2.174
UGT2B28	-0.55321
OTULINL	1.594
NEURL1B	0.7443
C11orf71	2.7414
TMX3	2.1461
PRMT7	6.2296
HEATR5B	2.0504
SMOX	1.667
TMCO1	-0.64798
RBM47	5.6744
ZDHHC13	0.63327
CPVL	2.3696
DHX29	-0.19582
ADAMTSL4	7.4776
RHOF	3.2436
PCDH18	0.95716
HMGCLL1	7.1802
EXOSC4	1.9346
DDX4	-0.93089
MTRF1L	3.2396
PUS7	0.48212
APBB1IP	-0.97401
CCDC93	1.3321
ANKRD16	2.0879
ASNSD1	5.4334
MIER2	1.7872
USP53	2.767
MRPL50	1.7349
CCHCR1	7.9932
EXOC6	6.9198
SHLD2	4.3953
ROBO4	1.0006
FAM193B	4.9668
DDIT4	1.5043
RC3H2	4.7236
TOMM7	-1.1211
CRCT1	-1.0478
MTMR12	3.9324
RNF186	2.076
SDK2	-1.3995
NECAB2	1.6866
MAGEL2	-0.4637
WDR5B	5.5863
DDX49	2.5382
ING3	2.9444
SGTB	4.1594
SPATA6	-0.077468
EPB41L4B	1.5453
DLL4	4.1311
UGT1A10	0.50904
UGT1A8	0.5328
UGT1A7	-0.0015769
UGT1A6	-0.40537
UGT1A5	-0.89221
EGLN1	3.66
GNB1L	-0.23045
LZTFL1	1.1678
EQTN	0.40013
MXRA8	1.5357
L1TD1	-0.66306
UGT1A9	0.14334
NDFIP2	1.6509
DDX56	4.2755
INO80	6.18
CCNJ	5.6471
FBXL19	2.2656
VSIG10	-0.052413
ARL15	10.306
PAF1	2.2406
PARP14	1.1556
HES2	4.3376
MAP10	0.33227
MINDY2	2.0193
UGT1A4	-0.68666
UGT1A1	-0.47637
UGT1A3	-0.76107
TBC1D13	3.1667
WDR74	1.3548
TMEM106B	1.681
RSBN1	2.6319
LRRN3	0.11536
CRLS1	1.322
GTPBP2	3.277
CROT	-0.8433
ZNHIT6	4.342
P4HTM	4.8772
MANSC1	0.71914
RRN3	0.92299
PDP1	0.9687
GPN2	5.6821
MARCHF5	6.1094
CNGB3	1.6511
RBFOX1	1.2048
SLC6A20	1.44
OTUD4	2.1036
TMED9	3.6294
SLC35F2	2.5444
RAB39A	0.096345
MPHOSPH8	0.72436
FEV	0.36117
XAF1	1.308
LEPROT	3.5782
LY6K	3.4053
EPDR1	2.2456
FBLIM1	4.4291
FNDC8	-0.60749
ZNF853	0.9568
NUTM2F	1.126
IL17RD	3.5275
FAM20A	4.6325
KLHDC4	0.8054
PCSK4	-0.42607
GRAMD1C	0.048788
ROPN1	0.79041
ZRANB1	5.2365
TRIM44	0.88884
BTG4	4.0437
HYDIN	2.2359
DIRAS2	1.8851
PPP1R12C	0.7779
CFAP46	-0.15887
RNF111	1.9706
NSMCE4A	1.8686
ALKBH4	5.7851
BORCS6	3.9009
DNAJB12	2.0816
TET2	6.3326
KCTD9	0.54214
TRPM4	2.5841
BNC2	5.0541
MED18	1.2554
DCHS2	-0.59425
MBTD1	1.4578
KLHL24	4.5971
HAUS6	-0.23216
TRIT1	0.41189
CNNM2	5.2111
AHI1	3.3307
ZNF586	-0.11498
DYM	5.2387
SAMD9	0.11007
GIPC2	7.3104
ZNF562	0.14704
AFTPH	2.1194
KLHL28	1.5416
QPCTL	4.8188
GATAD2A	7.2185
ZNF280D	4.1794
ZCCHC10	3.4518
NDE1	0.63778
TRPM7	3.6698
SWT1	5.8052
CDHR2	-0.079609
GIN1	1.6881
NXPE4	1.7066
BCAS3	11.743
ASPN	5.0143
BEST2	4.0797
VPS13C	-0.2899
GDAP2	0.95502
BSPRY	-0.22605
WBP1L	7.7593
LRRC49	1.9412
APTX	1.7351
BIVM	0.094718
MFSD6	2.7485
SYTL2	2.6914
ESRP1	4.5261
SIDT1	0.9167
ARHGEF38	0.89775
DEF8	4.5293
FBXL12	-0.2376
ANKRD49	-1.0742
PAQR5	2.5639
WDR55	1.2671
FAM83E	3.2078
TENT5C	3.5454
GON4L	3.4606
PGPEP1	4.688
ELP6	1.4231
MS4A12	0.23097
SNRK	-0.70005
CC2D1A	-0.58505
TOR4A	4.1821
GPATCH4	1.3017
PPP1R14D	5.1422
TMEM214	3.1516
TMEM104	0.99545
EPS8L1	3.1854
QRICH1	6.8627
PIGG	1.2835
PALMD	0.04434
FNBP1L	6.3588
CNTLN	-0.0051774
DCAF16	0.85157
ZCCHC2	3.9058
DPP8	4.2627
ST7L	3.7304
TEX10	1.9853
ANKHD1	2.3904
CWC25	0.68976
RETSAT	1.9192
PLPPR1	-0.011109
BLTP3A	6.2361
NSUN2	1.1305
ALKBH5	1.721
INO80D	1.8156
NCAPG2	1.131
MTMR10	0.0084099
RNF43	5.63
SLC66A1	1.9518
CASZ1	9.1123
ELOVL2	1.0642
PXK	4.7341
LAX1	0.30238
CDKAL1	6.3066
TTC19	0.31916
MKS1	3.006
NSD3	1.2817
CYP2W1	7.1333
TASOR2	2.295
SPDL1	-0.91596
SEMA4C	0.90834
RPP25	6.6367
FOCAD	0.32975
YTHDF1	0.84315
TMEM260	-0.40525
CMTM6	1.3685
DNAAF5	0.54853
DUS2	3.0916
CHTF8	1.3026
RASIP1	6.1094
LIME1	6.1094
ZSCAN32	2.3131
UBE2R2	7.4386
CHCHD3	0.43184
BPNT2	-2.1317
TMEM161A	1.8102
HAUS4	4.0159
TRMT10C	2.554
EXD3	4.4436
RHBDL2	0.45942
KANSL2	2.8958
DUSP23	0.65666
ADPRS	0.01452
SOHLH2	0.5684
SARS2	2.1998
COMMD4	6.1094
OCIAD1	2.9661
RNF125	0.70147
ABITRAM	3.125
DNAJC28	3.2893
SLC41A3	2.81
LPCAT2	0.79604
MRPL16	1.9934
SDHAF2	-0.26006
COMMD8	0.9747
TRNAU1AP	0.96944
ODR4	6.1197
AIRIM	0.71526
PARP16	-0.21077
TXNL4B	0.3298
TMEM160	3.3612
ODAM	0.40651
SSH3	1.5719
TIPIN	1.4359
UCKL1	4.0568
C1orf56	7.5568
PIGX	0.38927
TMEM70	0.75047
HPF1	-1.3768
TTC12	1.627
BANP	5.2442
TMEM132A	-1.2137
INTS11	0.48975
THG1L	2.2568
ADISSP	1.8236
SLC25A38	2.5615
SLC35F6	2.1166
PLAAT2	-0.19556
C2orf42	3.2489
NMRK1	3.0138
CLN6	0.52779
PINX1	5.0959
HCFC1R1	-0.55231
ULK4	0.38072
CZIB	-0.16919
ACSM5	7.4969
ZNF770	-1.3124
C1orf159	2.9909
ZSCAN2	7.65
GID8	2.9628
OXSM	0.6797
MTARC2	2.7411
TESC	2.14
AURKAIP1	1.5909
TTC22	0.69883
TMCO3	-1.6914
PAK1IP1	-0.30267
LAMTOR1	1.2457
RMND1	1.4002
TRMT61B	0.56982
FAM118A	2.1761
HERC6	-0.55633
FAM174C	2.5766
PARPBP	2.9301
PIH1D1	0.44193
PPP2R3C	6.3871
MCUB	2.6391
STX17	-0.33727
PRPF39	1.5078
MARCHF1	-0.89214
C14orf119	2.6771
TTC38	1.3591
PID1	0.57465
PHIP	2.796
BANK1	3.7231
FLJ20712	0.91342
HEATR3	2.7636
C17orf80	1.6704
FBXO34	-0.10305
USP47	0.091941
SLC35A5	1.1782
FKBP14	3.2836
MOCOS	-0.82189
NOL8	4.0914
CCDC40	-1.3857
PTCD3	1.8284
CDCA4	0.60568
TRMT12	1.7297
EPN3	3.8466
PLEKHB2	0.26554
VPS37C	0.40967
REX1BD	4.0461
NRDE2	3.3032
MRPL20	0.62991
ATG16L1	5.1914
ZWILCH	1.3535
CRYBG2	2.4419
SUSD4	-0.37126
WIPI1	6.1094
ZCWPW1	3.1527
SPATA6L	-1.1861
SLC52A1	3.5706
PDPR	2.5097
ENOX1	6.5048
TMEM248	3.6791
DET1	2.3679
C9orf40	4.074
RNF31	0.050743
OXR1	0.24051
UACA	3.6651
TMEM45A	0.53135
FEZF2	1.3485
TAPBPL	-0.29288
IFT57	1.546
ARGLU1	-0.8068
KIF26B	6.1878
SOBP	0.79726
CCDC186	3.9071
SLC38A4	1.8941
MED9	5.4632
TMEM51	7.2979
NTAQ1	2.6174
GPATCH1	1.0013
SAMD4B	0.57176
EBLN2	5.1678
WDR70	4.2467
DMAC2	0.33305
ATG2B	1.4357
RALGPS2	0.57823
GPATCH2	1.57
SLFN12	-0.9728
ANO1	5.3716
BSDC1	-0.61707
AGGF1	0.10452
MAGOHB	0.79288
PLEKHJ1	4.1488
DYNC2I1	-0.20455
XKR8	2.665
ARHGAP17	2.575
TMEM39B	1.7536
SLC6A15	0.62877
CRTAC1	2.5837
PRPF38B	0.58377
FANCL	1.4614
AKIRIN2	-0.0073034
PIWIL2	-1.0799
CEP192	1.6856
HEATR1	0.29761
TRIM68	1.4727
ANO10	-0.18825
ODAD2	6.5714
RBM28	0.76965
LARP1B	3.7059
SRBD1	2.4991
WRAP53	0.81011
FIGN	5.6595
FAM90A1	1.2296
ANKZF1	1.1972
ELP3	4.3772
HAUS2	2.1263
CDCA8	0.5421
LRRC8D	2.62
THAP1	-4.2137e-4
ZDHHC4	0.50768
RBM23	3.8151
UBR7	2.0256
MTPAP	-0.32188
C19orf73	3.5402
TMEM38B	-0.030983
DALRD3	6.9492
SDAD1	2.7873
MSTO1	6.1094
ARMC1	2.9103
DARS2	0.36511
RFWD3	2.9572
ARHGEF10L	1.2152
TMEM33	1.551
PNPO	5.1907
SHQ1	0.63669
CEP55	1.3154
CENPQ	0.2857
MSL2	6.1094
MRPS18A	2.505
PRMT6	2.4865
TBCCD1	3.4007
DNAAF2	1.3453
MRPS10	2.9623
INTS10	-0.069802
KLHL11	1.4442
SEC61A2	-1.1826
RMDN3	3.7006
MRM3	0.16279
FAIM	1.3117
LINS1	3.4743
SMG8	4.0689
RNF220	-0.34391
RIF1	7.0798
DZANK1	-0.082008
SLC25A36	1.5283
VPS13D	1.1376
RIC8B	1.4925
NADSYN1	1.2391
DNAJC17	6.1193
PBRM1	5.7339
EVA1B	1.3263
CCDC198	-0.97082
RESF1	0.34676
RPRD1A	1.5466
APPL2	1.4547
FAM86C1P	-0.55157
PLEKHG6	1.803
MAP1S	-0.11307
LGI2	-1.0684
GOLPH3L	4.7903
ZNF532	1.9571
SBNO1	0.52858
ARL8B	1.6478
DCUN1D2	-1.246
SETD5	1.4279
ATAD3A	-0.2683
DPPA4	2.0335
BBS7	1.4202
RCBTB1	2.4659
P3H2	2.1512
FANCI	-1.4035
NKAPD1	2.5095
EXD2	3.3224
MACO1	1.4826
KLHDC8A	-0.039328
LRRC20	0.60929
TRIM62	-0.20834
ETNK2	0.60251
RAVER2	-0.69441
NAT10	0.10368
LRRC1	2.2932
PNMA8A	0.49469
PANK4	2.1592
USP40	5.4002
CCDC87	4.0314
MOB1A	3.102
SMU1	2.1746
UBA6	1.4323
VRTN	2.2358
SLC38A7	2.3949
OGFOD1	1.6237
STEAP3	2.0951
KIRREL1	1.1936
SLC47A1	6.1094
UQCC1	6.3761
CCDC25	0.99855
NEIL3	-0.099002
PACC1	5.5659
YY1AP1	4.6939
ELP2	-0.67439
PCMTD2	7.9057
ASXL2	6.8882
TYW1	0.8309
TMEM39A	4.0276
WDR41	3.3481
ADI1	0.68262
MRGBP	0.14126
THNSL2	0.41725
DNAI7	1.004
TMEM143	-0.25553
TRAPPC14	-0.29062
TMEM19	1.3029
PRR34	4.7008
ECHDC2	0.80671
PSPC1	0.29823
NUDT15	6.1094
IMP3	6.1094
TMEM100	-0.83512
PHF10	1.6763
VPS53	1.114
PGM2	-0.57176
FGGY	1.1454
QRSL1	0.98793
ZNF654	-0.048351
CWF19L1	1.532
TMEM140	0.87866
LRRC36	2.7041
MCOLN3	0.45962
UBE2W	-0.12633
C4orf19	-0.22039
TMEM40	5.0694
RHOT1	0.10258
ACOXL	2.4941
BRF2	0.71976
PPP6R3	0.88824
UEVLD	2.0814
FBXW7	1.6016
KLHL26	4.1911
TBC1D19	1.2584
CCDC91	2.6561
RNF121	1.2866
BRIX1	0.55618
PI4K2B	1.7003
OLAH	-0.53001
GIMAP4	0.012155
SPTLC3	3.9426
DDX19A	2.6703
ZNF444	1.2118
RFK	2.1494
CPPED1	-0.38919
TMEM144	0.5632
SLC29A3	-0.89455
RSAD1	4.8178
AP5S1	-0.81018
TMA16	0.41696
MIS18BP1	2.8195
TMEM74B	-0.59029
C5orf22	0.41287
LARP6	3.8881
ABCF3	2.5776
UFSP2	-1.0909
AGPAT5	0.077694
LIN7C	1.0053
RNLS	5.0729
MNS1	-0.60564
BLOC1S4	-2.6718
ACER3	0.47742
DRAM1	2.1139
SYNJ2BP	3.5706
SLC39A9	0.89197
NIPSNAP3B	-0.70881
FBXL8	4.0926
SHFL	-0.43899
WDR33	1.4825
GIMAP5	0.3425
LSG1	1.724
STRBP	5.9319
SLC35C1	0.61067
ZGRF1	-0.28813
TCP11L1	3.095
ABHD10	1.5538
CHDH	-0.29983
VNN3P	2.1476
STK32B	-0.2387
COPRS	0.41247
LAPTM4B	4.358
HJURP	2.5533
SLC22A15	-0.29833
TBC1D2	2.867
STYK1	0.030806
PI4K2A	2.7253
TMEM63B	2.534
HEMGN	1.8575
IMPACT	0.65534
TMEM176A	1.1292
LGR4	1.7508
PIDD1	2.7525
TMCO6	1.0077
LRRC59	1.9126
MCM10	-0.7982
NCBP3	0.086948
ZNF331	0.18501
SIRPG	-0.4751
GPALPP1	0.4491
YOD1	5.4387
AP1AR	-1.0721
STRADB	0.83684
CAMK2N1	0.27978
CSGALNACT2	2.3573
DNAJA4	2.8284
NDUFAF7	-0.05158
PARL	3.6668
ETNK1	0.89611
CHST12	3.8923
HES6	0.67847
TRPV6	2.8815
TNFRSF19	0.0085976
NOP10	0.23915
MACROH2A2	0.66384
GPRC5D	-0.17486
SLC35E3	-0.91406
BATF3	-0.33614
DDX43	1.6248
SMPD3	9.11
ASIC4	7.7048
ELAC1	0.41418
TRIM36	-3.053
DHTKD1	2.4555
FEM1A	1.413
PIP4P2	-0.32806
SVOP	-0.4183
ELMOD1	0.23358
SLC30A10	6.1216
MAML3	1.1128
CDCA7L	-1.5912
IL17RB	-1.2191
RBM38	6.2105
ZNF823	-0.35876
SOX6	6.5805
KLK15	4.1475
ENOSF1	0.024977
CDC42BPG	2.0507
ZNF821	6.549
DNAH3	6.8402
GALNT10	0.93096
CNOT11	1.6785
FOXRED1	5.9343
CDV3	-0.0091101
STAB2	1.0619
NAGK	1.6779
SUPT20H	1.8432
KIF27	2.5026
CHRNA9	0.27312
UBE2Q1	1.7821
MIOX	2.8843
MED29	2.1973
BMP2K	2.5977
VEZT	2.0892
ZCCHC8	2.0949
RNPC3	-1.011
ITLN1	-0.10655
DDX60	-0.12223
CDKN2AIP	1.1227
TENT5A	0.17834
CARMIL1	6.1502
KIF21A	2.6446
PPP1R9A	0.39371
ANKRD10	2.0211
VPS50	-0.37035
OTUB1	2.7221
FERMT1	-2.3392
KIF16B	4.105
PRR5	2.3022
ASAP3	5.968
TASP1	-1.595
DOCK10	0.14739
STAP2	2.6432
TRMT1	2.8592
TTC27	4.1398
THUMPD1	6.9273
POMGNT1	3.6644
ZDHHC7	-0.86552
AMBRA1	3.9366
SMPD4	-0.55611
ZNF407	0.22244
PNRC2	4.2297
SLC39A4	2.0728
LRRC40	-0.44941
G2E3	-0.2116
TBC1D22B	-0.90587
DEPDC1	-1.6356
CHD7	1.2844
SYBU	1.6844
FLVCR2	-0.4356
BTBD2	0.59284
OSGEP	0.58346
LYAR	2.4218
RAB20	0.5232
PIGV	6.2477
NHP2	1.0548
SLC48A1	6.4505
BCAS4	0.203
TMEM127	3.6368
NLRP2	-0.38196
INTS8	3.9929
ZNF692	1.0531
RNF126	0.0014705
ZNF416	1.1201
PRPF40A	2.4251
DDX27	0.021598
HIF1AN	2.7853
ZNF446	1.1758
CDC37L1	1.9241
URGCP	2.1089
NPLOC4	7.3591
DENND4C	2.1914
GPATCH2L	2.131
MFN1	1.6988
PEX26	0.95937
PPP4R3A	-0.79649
NBPF1	-0.4677
SLC30A6	2.13
IWS1	0.12706
LIMS2	1.7585
RUFY2	6.4278
SCYL2	2.5886
KANSL3	1.8053
RABL6	2.096
MREG	-0.042979
TRMU	0.9168
YEATS2	1.87
PACS1	4.3739
FRMD4A	1.5556
LUC7L	2.554
KDM4D	-0.35203
NSUN5	1.3428
RBM22	2.1679
VAC14	2.9199
RADIL	1.1293
IARS2	2.3108
MAP7D1	0.86663
ARHGEF40	2.6908
YJU2	1.9825
POLR3B	0.37626
CCDC88A	3.0249
IPO9	4.4589
NDC1	1.6429
NECAP2	2.2039
KBTBD4	5.8691
FAR2	-1.3152
ZNF334	-0.58596
TENM3	-0.51383
DOK4	-0.11764
LMBR1L	2.2771
WDR11	0.72841
POLR3E	0.80607
SLF2	3.7962
TSR1	0.60929
IQCC	1.3597
CEP72	6.8338
ASF1B	2.6849
INTS13	1.5783
BTBD7	3.9443
N4BP2	-0.1804
ATF7IP	3.5366
FAM222B	1.2247
FIRRM	-0.1278
HHAT	4.8991
ZFP64	1.2826
DNAJC11	-0.2013
VPS35	1.7378
ARFGAP1	0.38885
NAXD	-0.98203
ENAH	0.91492
EDEM2	6.1094
PARVA	1.0586
CHFR	-1.4722
COA1	4.5902
AP5M1	-1.3972
NUP133	0.27738
CNDP2	0.75854
CCAR1	2.1276
AGK	0.57626
TMEM184C	-0.2337
SEPTIN11	1.7258
OGDHL	8.0577
TMEM30A	-1.3985
CDK5RAP2	-0.41208
INTS9	1.1764
UGGT2	2.3637
RCOR3	5.5309
WDR12	6.1094
DHX32	0.49402
TTC17	1.0713
ZNF701	0.7771
EXOC1	0.21828
IFT122	1.3797
INAVA	6.1094
H2AJ	3.6752
NGLY1	0.95212
ZNF83	-0.015922
EXOC2	-1.1664
PRR11	5.0807
TBC1D23	0.058795
TDP1	1.1123
SAYSD1	1.4382
MBD5	6.9586
ZNF839	3.5004
CFAP44	0.54707
ERMARD	2.3671
RIOK2	-0.44855
CMTR2	1.5724
MCTP2	0.25838
FGD6	1.8557
ZNF415	0.63232
LMBRD1	2.3791
DEPDC1B	-0.43382
CSGALNACT1	0.39054
LRIF1	-1.1451
MINDY1	6.1094
DDX28	2.8274
PCID2	3.0068
METTL2B	0.22071
CACNA2D3	0.80244
SCN3B	-0.47188
IL26	0.35395
DCP1A	1.8349
ADAP2	2.0307
LRP2BP	-0.78627
HR	3.8935
ST6GALNAC1	0.090457
TRERF1	3.1828
FOXJ2	-0.76408
ADCY10	1.9088
SPATA7	6.1094
UTP6	0.93318
BDP1	2.2816
TSNAXIP1	3.9744
DOK5	0.95979
KDM3A	2.2038
RNF130	0.885
ALLC	1.1164
VPS11	2.5953
PAG1	2.2802
PECR	0.5504
DCAF6	1.4558
SELENOS	1.0818
GLT8D1	5.3994
EMC3	2.256
CAND1	7.3645
UBAP2	7.0844
CENPJ	0.96372
EAPP	1.9326
CENPN	2.8769
EAF2	5.8856
ARHGAP15	4.254
PPP2R2D	2.8404
BRK1	1.75
ITFG2	2.0142
CISD1	1.7043
PLGRKT	-0.24642
USE1	0.70005
PSENEN	4.4031
TEX2	-2.2367e-4
ZC3H15	3.0415
ACOT13	0.3033
KIZ	0.15658
TMEM165	2.6727
ACTR10	2.2654
DBNDD2	0.76928
ECHDC1	0.12451
TMEM126B	1.4188
SLC22A11	3.0434
ASH1L	5.7885
ZNG1A	0.95865
PBK	1.6128
GSDMB	6.1094
WSB2	1.1689
LMO3	0.31493
ZKSCAN7	1.1467
GOLGA6B	1.2064
GPRC5C	0.99635
LENEP	2.9333
MYNN	-0.86851
ZNF395	0.94442
MESP1	0.27837
UNC45A	2.3794
ZNF302	0.59809
THSD1	-0.34878
ACSS2	7.6153
KMT2E	2.6158
RNF114	2.4252
CMAS	1.118
ANGPTL8	4.6143
BIN3	7.4209
APOBR	3.9298
ERBIN	2.354
LANCL2	0.394
CTTNBP2NL	2.0257
RCC2	-0.56726
INKA2	1.3484
DMAP1	3.1849
MYO5C	1.2382
APOM	7.8298
ZMAT5	7.3935
LIN37	5.0996
KLHL9	1.0836
SULF2	1.3166
SEPTIN3	7.5659
AJAP1	-0.90936
NDUFA12	2.0642
NSFL1C	3.1243
RAB5IF	2.0237
GNG12	2.0482
BAIAP2L1	2.3945
SLC25A40	2.8241
BCAP29	2.2335
SLC50A1	6.5929
KLHL7	2.2589
CFC1	0.52469
MYDGF	0.12838
SMG9	-0.45009
BARX1	1.9842
PDGFC	2.076
ALG1	-0.4842
UBFD1	1.4505
TMEM234	1.4474
PCDHGC5	5.1528
PCDHGC4	5.1415
PCDHGB7	4.2857
PCDHGB6	4.2864
PCDHGB5	4.0514
PCDHGB3	3.7265
PCDHGB2	3.9485
PCDHGB1	3.8893
PCDHGA11	3.9608
PCDHGA10	4.2178
PCDHGA9	4.2458
PCDHGA7	4.0725
PCDHGA6	3.778
PCDHGA5	3.8376
PCDHGA4	3.8651
PCDHGA3	3.8546
PCDHGA2	3.7446
PCDHGA1	3.8946
PCDHB15	1.4935
PCDHB14	1.0636
PCDHB13	0.66268
PCDHB12	1.0233
PCDHB11	2.0588
PCDHB10	1.8645
PCDHB9	2.0412
PCDHB8	1.8676
PCDHB7	1.9264
PCDHB6	1.6204
PCDHB4	1.5165
PCDHB3	1.8069
PCDHB2	1.8069
PCDHAC2	1.8753
PCDHAC1	1.6082
PCDHA13	1.8317
PCDHA12	1.7282
PCDHA11	1.8441
PCDHA10	1.8711
PCDHA8	1.8805
PCDHA7	1.8855
PCDHA6	1.904
PCDHA5	1.9255
PCDHA4	1.7128
PCDHA3	1.6844
PCDHA2	1.6899
PCDHA1	1.6628
TEX15	1.2302
TEX14	7.305
TEX12	0.73365
NSMCE3	-0.72576
RNF17	0.79268
STK31	-0.37952
TDRD1	3.2686
GSDMC	-0.51436
DNAH7	4.7444
ANKH	-0.38339
MTFR1L	2.3907
LMOD3	4.6595
ATOSA	1.4992
SUSD2	3.5061
ZNF253	0.99184
KIAA1217	4.493
BTNL2	5.6159
C21orf62	1.3704
MRAP	-0.8196
YLPM1	0.66728
CRTAM	2.4537
RNF20	0.39579
TMX4	1.2509
SERTAD4	1.8365
MEPCE	2.9595
CTNNBL1	1.5183
C8orf44	1.0147
GPCPD1	3.7609
LRRC8A	1.2902
CPXM1	6.2195
KYAT3	2.8727
IRGC	-0.012489
WDR45B	1.1199
GKN1	0.71383
PARD3	5.278
IL36G	2.2828
SLC7A10	1.9158
TRPV5	1.9651
ANKRD7	0.27096
METTL3	0.29327
PRMT8	1.5719
PPAN	3.446
CABP5	1.2968
LTB4R2	2.3022
RPRM	-0.53609
CCL28	2.4543
EIF4ENIF1	4.4114
KCNQ5	2.5203
DNAJC12	5.5283
MMP26	0.024713
CYP26B1	1.2483
ERO1B	2.44
SLC2A9	5.5072
DIABLO	-0.71586
INPP5E	3.6901
ASAH2	-1.1594
BCCIP	0.41709
EIF5A2	5.4249
TMPRSS4	-0.53239
CLDND1	0.32293
TWNK	3.5733
NPDC1	1.1084
POLE4	1.5074
OR2S2	-0.30659
TRIM39	7.2676
KCNK13	1.2212
KCNK12	-0.22563
PANX2	2.2424
MUC13	1.2922
SUCNR1	-0.15225
AKIP1	2.0672
C11orf16	2.1174
TMEM9B	2.1277
NRIP3	1.5259
ASCL3	2.1294
SAR1A	2.952
CFAP298	0.07306
JPH1	0.93231
RETN	1.9
SLC2A4RG	7.9347
BARHL1	-0.89274
FMN2	1.3213
ZC3HAV1	2.1324
IFNK	-0.045327
SLAMF8	0.21573
GPR137	1.5673
SPHK2	3.0572
EMC7	-0.46904
RAD18	-0.033051
CELF4	0.39357
CDC42SE1	7.4146
FSTL5	-0.92784
UGGT1	-0.19815
KCMF1	-0.091943
TM9SF3	1.3194
MDM1	0.57425
LGALS14	1.0004
TCIM	2.918
UBQLN4	4.9329
AGPAT3	0.85729
AGPAT4	3.488
DPYSL5	2.3554
WRNIP1	0.87333
BDH2	7.9284
ANKS1B	1.0318
TMEM167B	0.79222
NDUFA4L2	7.0356
PNO1	2.8655
PAPOLB	-0.73405
SH3GLB2	0.29705
C15orf39	3.7694
THAP10	1.9118
SPIRE1	0.61451
STARD7	1.685
MAP3K7CL	4.7331
IFT46	1.8404
C1GALT1	1.5333
OTOR	-0.8619
EXOSC5	-0.81477
SMARCAD1	2.2723
MEIS3	0.43079
C2orf83	-0.61431
DHX33	0.32053
SEMA3G	4.4793
MCCC1	2.5752
NMUR2	0.32879
PAK6	2.9894
LXN	-0.36406
NCLN	-0.14337
GPR108	-0.53573
SPPL2B	0.54445
FEM1C	-0.12224
DUS3L	-0.98116
CA10	0.49042
SMCO4	0.70258
CCDC177	-0.67754
PMEPA1	1.1518
BMAL2	-0.51069
DUSP22	-1.3504
HMCES	-0.45824
CMC2	1.7611
ENY2	4.6662
OLFML3	0.41462
MRPS22	0.76676
EMSY	1.28
MFF	1.2032
SDR39U1	0.91842
XAB2	2.5973
SMYD2	1.7144
C5orf15	-1.4048
PRTFDC1	1.2485
NT5M	0.98578
NIT2	3.3702
MEPE	1.6284
LHX9	-0.85884
OTUD7B	4.3429
SHD	0.44699
RGMA	1.4699
WDR93	1.3638
PARP6	2.1182
C14orf132	-1.1392
ATXN7L3	2.8436
CEACAM19	0.083887
FAM20C	-0.21958
STOX2	-1.6267
PRDM8	4.6788
PRDM9	-0.35866
PRDM10	1.3857
PRDM11	2.3476
POGLUT1	3.5163
PSMG2	0.49973
ADPRM	-0.13208
DTWD1	3.5454
BBX	1.742
CDC42SE2	3.7104
KIF15	1.966
TOMM22	0.3703
CHPT1	3.1765
TULP4	-0.86996
SLC12A9	3.6466
COQ8A	6.5238
CTNNBIP1	1.3188
ADAMTS9	1.2415
SDHAF3	0.45119
YAE1	-1.3945
CCDC47	-0.91315
ACKR3	-1.0281
CABP4	0.83938
AKR1B10	2.7925
COQ9	-0.095234
CCNL1	4.0472
CIAPIN1	-0.43006
VPS35L	0.48285
PDXP	1.5489
SLC17A7	0.65864
RSRP1	1.4637
ANKMY2	0.64375
RARS2	0.29907
TWSG1	2.175
PLSCR2	-0.72248
PLSCR3	1.9067
UTP3	-1.344
CHRNA10	-1.139
TBX20	1.8654
PCBP4	1.4315
DDX24	1.8519
KNL1	5.9758
SLC17A6	0.82348
AGTRAP	2.4424
PLSCR4	-1.3455
ENTPD7	3.3091
CASS4	0.82425
PCNP	1.9158
TRIM49	0.51472
CPA6	-0.44691
PITHD1	2.7886
RPGRIP1	-0.01685
PARP11	-0.18425
AVEN	-0.58843
ANO2	-0.27298
C12orf4	6.4568
TIGAR	3.675
PNPLA2	1.8421
CYSLTR2	4.0266
NAT14	0.3449
PDSS2	1.7733
REXO4	2.6482
PLAAT1	1.3155
RAB25	5.5142
TRPC7	-0.14
PGLYRP4	-0.39641
ZNF695	0.079672
INTS12	0.44681
CAMK1D	1.0052
EPPIN	0.6309
GOPC	2.3018
LPAR5	2.7285
NUP107	-0.30193
CD248	2.4818
PLXDC1	2.361
CD177	0.84407
RHBG	3.0221
LYRM4	1.6407
MRPL47	-0.45329
ATP13A1	1.2337
CHMP1B	-0.024283
MAN1C1	0.50477
APMAP	0.38449
RGL3	2.0415
RNPEPL1	-0.44672
RTN4	2.5609
ADCK1	0.041314
PAK5	-0.58434
LDAF1	4.0623
SCYL3	-0.27721
RALGAPB	1.7985
LYRM1	4.3101
SMIM8	2.0976
LYZL6	-0.56725
SLURP1	3.2629
SLC44A2	-0.53544
SMURF1	2.6289
TMEM63C	0.17587
PHTF2	7.4283
JPH2	7.0193
TRIM54	7.2036
PELI2	-0.43656
PELI1	2.015
GJC2	4.8108
SALL4	0.47623
ASPHD2	3.4217
ZNFX1	0.18854
DOLPP1	1.5487
CAMK1G	1.793
CORO1B	0.53503
VARS2	6.1094
ZMIZ1	3.1437
KIAA1191	4.3681
ACTR3B	-1.3477
SLC39A10	3.8163
ANKRD50	0.49546
FAM219B	7.0468
NIPAL3	0.23425
RALGAPA2	0.13863
ADAMTSL3	5.0279
DENND11	0.63261
SELENON	2.9006
VN1R1	0.99278
MCOLN1	1.8399
ATP10A	-0.42353
ATP8B2	0.74518
ATP10D	1.8225
ZNF248	0.73473
SLC45A4	6.8145
ADGRG6	1.443
SPRYD7	2.3222
CEMIP	6.7323
THAP11	1.978
VANGL2	1.4964
TTC7A	2.5913
ARFGEF3	-0.32747
ERGIC1	2.2864
PPP4R3B	5.5461
NHSL1	1.5934
LYRM2	2.8442
SMAGP	1.694
SNX14	3.1154
SLC4A10	0.23576
KAT14	-0.26382
PBXIP1	2.4626
CBX8	-0.57701
RCN3	3.9803
ZNF286A	0.20145
ZNF287	1.5585
SENP7	2.2716
JPH3	-0.65696
ZNF304	1.7123
TTYH1	-0.52218
GJD2	1.2562
AICDA	1.0047
MRS2	1.5389
RHOJ	0.4383
CLK4	3.0922
S100A14	1.906
RAB22A	1.0263
CYP20A1	4.3077
SPC25	1.3527
ABHD6	6.3491
NMRAL1	3.0262
LRTM1	0.86319
MIF4GD	4.2724
SCYL1	7.9726
AS3MT	3.6962
RHBDD2	3.0977
CEP15	-1.6537
WDR18	1.7887
SLC24A3	4.5038
NDRG3	2.6245
NDRG2	1.3227
BIRC6	2.4392
PLEKHG5	1.1332
TENM2	2.5846
GALNT16	1.9751
DSCAML1	-0.030136
REXO1	0.39806
KIAA1143	2.1326
TMCC3	1.6844
GATAD2B	2.5284
PPM1H	2.4763
ISY1	0.098933
MYORG	3.8993
AMIGO1	6.1094
STRIP2	0.94767
TBC1D24	1.8407
SCAF4	3.64
HHATL	3.0051
SLC12A5	1.5892
PNMA8B	-0.7361
LRRC47	3.8545
ERMN	-1.0951
CNOT6	4.5089
ZNF512B	2.7519
ZNF490	2.2596
PLEKHH1	4.3492
GRAMD1B	-0.37586
USP31	2.8784
PRR12	5.2939
PLEKHG1	2.4693
CRACD	0.17569
RNF150	-0.25526
NLN	2.2731
ESYT2	0.45854
ODF2L	2.4063
AHRR	4.6795
ARID1B	3.5013
HEG1	4.295
RIMKLB	0.88286
NWD2	-0.09032
MRTFB	1.7692
LRFN2	-0.91504
KIDINS220	-0.23434
CFAP92	1.6957
MTA3	-0.7618
AARS2	2.3447
MAVS	-0.033788
ZNF608	5.3967
INTS2	3.9321
MTUS1	0.54587
XPO5	3.0739
COG6	-0.16476
GPR158	-0.77064
CASKIN2	1.7243
ARHGAP31	3.1741
SERINC1	2.1649
STARD9	2.3383
HECW2	0.055443
RPTOR	1.3851
SRGAP1	2.3917
NYNRIN	2.4887
CASKIN1	1.648
KCTD16	0.44628
CGN	2.5477
HACE1	-1.0873
NUFIP2	2.3073
TBC1D14	2.7726
MIB1	3.2204
ELAPOR1	2.3851
KIAA1328	1.1697
SORCS2	-0.12524
ALPK3	7.3767
WDR35	3.3392
DISP3	1.1093
ZNF398	2.5828
KLHL42	0.77484
TXNDC16	0.21751
CC2D2A	-0.35134
PDP2	1.6023
ZNF624	0.74172
IGSF9	0.033546
TAOK1	2.3178
NCEH1	-0.17219
MICAL3	4.9482
LRRC7	2.1897
NLGN2	2.2499
SEMA6A	2.1757
USP35	7.3034
STAMBPL1	-1.0488
IFT80	2.6986
ARRDC3	5.723
CEP126	-0.45752
KLHL8	3.1704
KLHL14	1.6984
ZNF319	-1.1142
SIPA1L2	0.90137
ARHGAP20	-0.55186
TRMT5	1.7855
CARNS1	0.67988
DOCK6	4.0815
ZNF471	0.0071243
MARCHF4	0.088438
PCDH10	-0.93194
KIF17	1.394
CCDC191	1.2393
UNC79	3.4466
FAM135A	1.3399
PREX1	3.176
KCNT1	-0.88884
TMEM181	-1.0312
ARHGAP21	3.5491
CRAMP1	2.0204
SYT13	0.19413
CFAP97	-0.78807
RIC1	3.9177
WDFY1	2.5395
MRTFA	7.6095
ZNF687	5.8705
EBF4	2.447
HOMEZ	1.3337
BEGAIN	6.6178
BAHCC1	4.4335
WDR48	0.88316
FNIP2	1.4149
USP36	3.5887
TRMT9B	2.4012
PITPNM2	-0.046453
SLAIN2	2.6706
JCAD	0.18142
DIP2B	4.1499
RANBP10	3.0623
ISLR2	2.3677
FAM234B	-0.37507
RELCH	1.8412
ZNF492	-0.50982
TSHZ3	1.5258
VPS18	3.2678
SHROOM3	10.871
STIM2	5.4049
ZBTB2	3.5595
LRFN1	0.79142
ZFAT	5.8178
NYAP2	0.68005
KLHL1	0.079373
DPP10	-2.4131
SH3RF1	0.30103
LRRN1	0.45779
EP400	2.2907
ARHGAP23	1.1404
CCDC146	3.6689
COL20A1	0.9457
ZSWIM5	3.1694
MYH7B	6.1094
POGK	-0.76124
USP28	3.4973
DHX37	1.8752
NHSL3	0.28392
PHF12	1.7794
CIP2A	-0.07288
UVSSA	4.4777
GRAMD1A	4.255
HCN3	3.0206
CALCOCO1	5.3211
ZBTB4	1.7319
PHRF1	1.7839
CAMSAP3	3.8067
USP29	-1.9788
PLEKHA4	3.7084
RDH14	3.8203
FBRSL1	2.8395
EPB41L5	5.3726
KIAA1549	2.2534
BEND3	2.6788
RNF213	1.1055
ZFP14	2.6688
GPAM	2.3253
ALS2	1.1501
CHD8	0.8997
ZDBF2	0.046031
ZBTB26	5.8842
CACHD1	-0.41482
VAT1L	0.80925
ZSWIM6	1.5415
LRRC4C	-1.3801
TNRC6C	6.0207
KIAA1586	-1.185
ZNF317	-0.17286
USP37	5.5034
DDX55	2.7603
FANCM	2.2783
SHTN1	-0.28684
CPNE5	4.7689
FHIP2A	2.0761
NCKAP5L	1.9335
CWC22	1.9816
GBA2	-1.1342
WDFY4	0.54772
DENND1A	0.49135
MEAK7	1.2311
MIER1	6.2649
SLC7A14	0.88315
KIAA1614	7.795
ZNF529	4.1243
SFMBT2	1.9394
SEMA4G	3.7625
PRX	4.3012
PCDHB16	2.0187
PPP4R4	2.9491
ANO8	-0.17611
GPR107	2.2708
METTL14	2.23
IGDCC4	5.9854
EPG5	2.5354
NCOA5	1.5563
WDR19	3.1626
ANKRD36B	0.14836
SPTBN4	2.6217
ZFYVE28	2.1448
GBA3	0.97615
SCUBE2	2.6286
TRIB3	-1.2214
ANKRA2	-0.43712
RBAK	0.4817
MARK4	1.6174
SUGP1	6.3023
BRINP2	-2.3738
GATAD1	-1.7011
RAB40C	3.0557
HES4	4.2881
POLD4	1.0272
CCAR2	7.5928
HAMP	2.6913
G6PC2	3.0039
LSM2	6.1094
CCNB1IP1	-0.94813
CCDC181	1.7535
GRHL3	0.69136
SLAMF7	-0.20407
HMHB1	2.804
C6orf47	6.1094
CATSPERG	1.4064
ZP4	-1.111
KRTAP5-8	0.0016693
CYP4F11	-0.029076
SLC4A5	3.9135
ZNF410	1.1278
CADM3	-0.50388
SLC46A2	3.8846
PTBP2	-0.086324
NGB	2.2784
NEUROD4	0.65516
NFE4	1.4124
WFDC1	1.6379
CTDSP1	3.4457
CXCL16	0.34024
SQOR	9.2639
PLEKHB1	-1.696
MS4A7	0.23104
TP53INP2	6.1094
SRPRB	1.6695
ENOPH1	-0.3608
RHOU	2.7478
NLRC4	1.8635
TRAPPC1	3.8572
ZBED5	1.6871
CREBZF	2.354
PCTP	2.5054
ABHD17C	2.4661
RPRD1B	1.6314
ZNF71	0.9267
ZNF77	-0.94616
INIP	5.2656
JAM2	2.2795
OVOL2	0.869
LY6G5B	6.1094
PRUNE1	7.3198
MYL7	1.518
ZNF462	2.6908
ZNF250	1.785
OPRPN	0.84748
ARHGAP22	0.63269
OSTC	2.1271
SCAF1	6.1821
KMT2C	-0.43371
CACTIN	0.47201
PRODH2	2.2602
DNASE2B	-0.42496
DLGAP3	1.46
EPS15L1	1.9309
SELENOK	-1.0618
SINHCAF	0.88519
RBM25	6.451
DMRT3	-0.18113
WIZ	5.8168
ABRACL	-0.6643
RRAGD	6.6505
MYOZ1	6.0256
LY6G6D	7.7995
PRM3	0.36659
SNX6	2.2784
MPP4	0.032302
IL22RA1	1.1584
PGAP6	2.4836
IL21	0.087401
CARD18	2.2903
ENPP5	4.5808
HIVEP3	1.2244
EVA1C	1.6773
TLNRD1	3.9105
NTN4	2.3395
CACNG8	0.029239
CACNG7	-0.12197
CACNG6	-0.74475
UBL5	1.4724
SIGIRR	3.8562
PRDM12	2.3021
PRDM13	2.4114
PLEKHA1	6.1589
PLEKHA2	1.6545
HRH4	-0.18728
TRPV4	2.6919
SCPEP1	-0.8093
SENP2	6.1094
ALOXE3	3.5024
GNB4	1.1215
ZNF350	-1.2121
KLHL12	0.79572
RXFP1	1.753
PBOV1	-0.64225
LGR6	-0.0090494
AFAP1	0.50267
GPBP1L1	6.2538
MYG1	1.7405
AVPI1	3.1079
TSKS	1.3037
SLC25A19	3.9779
EXOC4	0.079527
TGIF2	2.6491
CDH26	0.0057976
BACH2	1.9388
ELOVL5	0.84066
SLC5A7	0.17954
HAPLN2	1.5965
SAV1	3.4256
TRMT11	0.053806
MRPS35	0.46865
APOBEC3G	1.5218
PPCDC	6.8199
NIF3L1	2.2081
CCDC90B	0.942
FASTKD5	4.2254
CCDC81	2.2916
HPSE2	0.37594
AASDHPPT	0.79651
AGBL5	3.4418
LDAH	3.5075
ELAC2	1.4218
ALX4	0.47352
GUF1	0.87015
SPCS3	-1.0745
NAA35	-0.031583
RINT1	0.52295
SCOC	-0.44492
KCNK15	-0.64998
DHX35	1.9396
RIC8A	0.52613
MIIP	2.591
ATG101	2.9102
PROK2	0.42043
PAPPA2	2.417
CELF6	-0.1405
EEFSEC	3.9434
CELF5	-0.52968
FKBP10	1.9962
SMAP1	0.14417
TRAPPC11	-0.48081
ZFAND3	-0.15978
C14orf93	4.0285
SLC22A23	2.9336
CELA2A	5.1444
SRR	2.2009
BCAN	0.13202
ABHD4	-0.84096
MRPL17	-0.85874
PKNOX2	2.9658
FAM204A	0.54511
RNF123	6.4407
THADA	8.7803
UBE2O	-0.024509
VIPAS39	0.62365
PIEZO2	1.8849
HEATR6	1.9459
SH2D4A	-0.43294
NSUN3	-0.52213
FAM111A	-0.64091
MANBAL	0.56095
GPATCH3	6.2622
NAPB	0.85698
SLC17A9	1.5002
BLOC1S5	1.4563
ELMO2	0.55363
GALNT11	-0.22644
FAM200C	0.090866
CHTF18	0.97661
TNN	4.4375
CIDEC	-0.12116
ZNF335	1.1853
ANKEF1	1.3282
CHP2	4.0214
XPNPEP3	3.3294
MRPS14	2.5262
MCUR1	0.67937
ZNF667	-0.52899
PCIF1	0.44619
FAM217B	-0.47619
GPSM3	7.4584
NECAB3	4.214
FKBPL	7.9347
DMRTC2	0.3718
DMRTB1	0.9237
DMRTA2	2.1677
DMRTA1	1.3668
CLSPN	1.6133
TP53AIP1	0.14074
KIF13A	2.2971
NEUROG2	-0.413
NEUROD6	1.623
PRDM16	2.7309
PRDM15	1.0877
PRDM14	4.0099
FIGNL1	1.9439
ANO3	0.98731
MYO1G	-0.98318
RBM26	2.5458
PRSS22	-0.44871
OXCT2	1.1381
PERP	0.033952
MMP27	0.54599
NPAS3	-0.48211
CDH23	-1.0714
C19orf33	2.2915
LHPP	4.6626
SLC28A3	-0.94295
RBKS	6.5038
PBLD	6.3873
GOLPH3	4.0703
CLSTN2	-1.1889
MCCC2	2.4032
SNX16	1.136
GAL3ST2	0.62118
POPDC2	1.9669
SAMSN1	-1.2691
SMOC1	1.7091
SMOC2	2.3296
GFRA4	-2.0413
EPB41L4A	0.33771
PARVG	1.4582
ELSPBP1	0.21277
LRRC4	7.6596
CENPK	3.5172
NPFFR1	2.4233
RTP4	0.44191
MAGEF1	2.547
NPVF	1.2436
MOAP1	4.049
TMBIM1	5.0248
VSIR	0.69983
SLC39A8	1.3578
DUS1L	3.6417
RRAGC	1.7312
FN3K	0.91381
ADGRL4	1.2909
NOD2	-0.76004
TINAGL1	2.9431
LIN7B	3.8166
XYLT1	0.80845
XYLT2	1.1818
IFIH1	4.246
ABCG4	5.6333
RBSN	0.60306
PDF	2.7088
KIF9	0.40317
C17orf75	0.53138
NCAPG	1.1481
ERAP2	1.7437
NECAB1	-0.018357
CARD9	4.0297
OSGEPL1	4.3707
DPEP2	3.0933
P3H1	-0.041925
DPEP3	2.9932
EDDM3B	0.42567
IRF2BPL	3.6647
POPDC3	1.4919
MMS19	0.47744
LHX5	0.66583
DNAJC1	3.003
TFB2M	0.88918
SEMA4A	6.1612
STRA6	6.1094
ROBO3	1.7811
TOR3A	-0.11934
MLST8	1.3975
HERPUD2	-1.3421
ATL2	-1.2945
MS4A6A	1.2243
MS4A5	0.21256
PDLIM2	7.3173
ABCG5	3.73
ABCG8	2.1173
TENT4B	1.1137
ARHGEF28	0.12304
RAB17	-0.4923
RHBDF1	3.0616
ZSCAN31	6.1094
NOC3L	2.0669
FBRS	-0.19765
RNF25	5.1436
SOX17	1.083
NSD1	6.7809
COP1	7.1354
LMBR1	4.9627
XPO4	3.9669
NFKBIZ	1.7623
ARHGAP9	3.5716
HS1BP3	0.018371
AZI2	-0.55689
HIF3A	1.6547
NXN	1.9061
SIL1	2.3333
IKZF4	1.9316
IKZF5	1.9822
CHST8	0.3525
MMP25	-0.1592
GREM2	0.48178
ZMAT3	1.0711
GMCL1	1.3432
ZNF106	2.9632
PALS1	0.066742
HHIP	1.2313
AKTIP	6.3597
CDH24	2.2844
CDH22	-0.72231
RGS18	0.30432
GALNT17	0.91711
KLHL25	1.8057
ARAP3	3.1609
GZF1	0.70941
TMEM267	1.1321
TMEM168	0.23834
MTMR14	0.085917
SUSD1	2.3149
DCLRE1C	-0.030512
ATG3	1.3554
INF2	1.1544
POLR1E	-0.4294
SUDS3	-0.43592
TTC31	3.779
CIAO3	1.8541
ZDHHC6	-1.3469
PCNX4	4.8901
ACTR6	2.3259
MRPS25	0.18595
NOM1	1.96
DNAI2	0.5047
CSMD1	-0.69786
TPSB2	2.4866
CPEB1	5.4915
TEKT3	-0.28951
ALDH8A1	1.6975
NDST4	0.096012
CLEC7A	-1.2585
GPR135	4.1462
MOSPD3	1.7331
GIGYF1	4.1412
PLA2G2F	-0.31945
VPS16	3.6583
EBF2	4.1873
MFSD14A	2.4545
CSRNP1	4.5626
ANAPC1	0.52245
GORASP1	1.0581
CTAGE1	-1.0229
TMPRSS3	-2.2406
COPS7B	0.18832
NUCKS1	3.843
HS3ST6	2.1161
PDIA2	4.4351
UNKL	1.7163
SMAP2	0.31025
METTL17	1.0218
ACBD3	1.3264
MFSD1	1.2781
PLPPR2	0.52366
SMURF2	0.6669
CCDC136	2.0937
SMYD3	0.099829
RUSF1	1.0427
ATPAF1	1.5448
MTARC1	5.4917
TNS3	1.5026
FHIP2B	4.4586
PARP12	0.20206
GAREM1	2.3308
ZNF574	2.2888
CREB3L2	3.0564
S100PBP	1.1081
IPPK	3.3974
MEAF6	2.1144
CCDC14	0.80841
ILRUN	6.4097
ENGASE	3.0762
PCED1A	4.2827
CFAP68	3.2625
RMND5B	1.3566
FNDC3B	4.1781
MTHFSD	2.1204
MICAL1	2.5299
CERK	0.12455
AEN	1.7908
RBM15	1.0785
CRTC3	1.3585
GINS3	0.028648
TBC1D15	-0.33915
EPS8L2	1.4975
LMF1	-0.63259
EXO5	-1.5367
IFT22	1.0985
CEP85	2.6143
DDX31	1.4184
RMND5A	0.26139
DEPTOR	7.016
IQCH	5.3103
EFCAB6	1.7083
ARV1	0.1754
NMNAT1	1.9164
P2RY12	0.59995
IL25	1.2601
CYP3A43	1.7505
ELOVL1	0.82312
KLC2	3.7089
FNDC4	6.1094
FBXL17	6.4706
GNPNAT1	0.071694
ISL2	7.1778
MARCHF7	2.8005
SPATA20	4.8177
YTHDC2	2.2627
SLC13A3	1.9877
ETNPPL	3.3925
TUT1	-0.63806
AIDA	-0.23468
USP46	0.51093
NIBAN2	1.2992
VWA1	1.903
PLEKHG2	4.1314
DCLRE1B	2.3199
NABP1	-2.0377
METTL4	0.4497
RFX7	0.8369
CDCP1	1.0583
PCDH20	0.51067
PAPOLG	0.83216
C12orf43	4.8211
LPIN3	4.8313
RANBP17	0.15058
AGXT2	2.481
BCL11B	2.1173
CASD1	1.8674
LRRC19	0.97206
SLC30A5	2.5946
CCDC71	5.9794
RASAL3	-1.06
TTC23	2.3988
MRPL14	2.0146
NT5DC2	6.1219
CENPH	7.2986
MRPS26	5.6176
MRPS24	2.0974
MRPS15	0.42924
MRPS11	-1.1214
MRPS9	-1.0202
MRPS6	1.4851
MRPS5	0.61543
MRPL41	1.9628
MRPL40	0.24717
MRPL38	5.3815
MRPL36	1.2632
MRPL34	-0.092765
MRPL32	-0.51292
MRPL11	4.8886
MRPL9	0.59736
MRPL1	3.2488
NDRG4	2.2111
SLC26A6	6.1094
SLC26A10P	1.7485
PINK1	0.72566
REEP1	2.7419
GPBP1	1.0319
ACD	2.8654
RAPH1	4.2871
CDK15	-0.12131
TMEM237	-0.62761
NBEAL1	5.4579
RTN4R	1.2041
MRPL44	4.216
VPS33A	-0.35485
NOL6	0.96208
TMEM135	0.76997
JMJD4	1.5172
KRI1	-0.075864
MARCKSL1	-0.64055
UPF3A	3.7256
RSRC2	1.516
PRAMEF1	-0.79352
PRAMEF2	0.1565
INTS3	1.0366
SOWAHC	-0.12306
WNK1	2.9723
PCDH15	-0.62329
NADK	4.8657
ZFP69B	0.23633
SPATS2	4.0126
ZSWIM4	2.0486
CPLANE1	4.6634
ZNF649	-0.69112
MPPE1	1.2612
COA7	-0.42591
PYCR3	2.2901
UBE2Z	5.4502
C8orf33	2.0472
WNK4	0.51046
WNK2	0.99504
STK33	0.27789
PLEKHA3	5.1499
PHACTR4	0.49915
BRD9	2.6474
CAPRIN2	4.3746
ZSCAN18	-0.31816
GRAMD2B	0.090454
AACS	0.30277
ZBTB10	3.9137
KCTD14	1.4498
ZNF747	-0.012111
DLK2	7.522
ANTKMT	2.1199
DDRGK1	2.5902
MRPS34	1.6537
RASL11B	0.77714
ZFTA	0.36826
LRRC61	-0.90011
TMEM108	1.7565
CYP4F12	0.92178
LYNX1	3.678
CHID1	2.6713
TRAK2	1.0543
SLC2A11	0.54793
MTMR9	7.7924
BOLL	3.2148
DUSP26	2.2244
CRELD1	2.529
MRPL57	0.38318
COLEC11	0.80845
OTUB2	1.5261
PCYOX1L	1.0942
YIPF2	-0.17916
PRR14	0.97804
HROB	2.3169
CYREN	0.16432
GDAP1L1	0.40464
LRFN4	3.5764
AUNIP	2.4268
VKORC1	2.8216
TRIR	3.8448
MIS12	0.61686
CUEDC2	5.0992
SCNM1	4.2035
METRN	2.0637
DBNDD1	5.1803
SLX1B	-0.66852
DDX50	2.5011
CAMKV	5.132
DDA1	-0.14344
GGCT	1.6542
GID4	5.386
CENPM	7.2358
C7orf25	-0.19168
TMEM106C	2.5218
NUP37	3.0733
SMIM2	-0.11308
FNDC11	4.5084
AHNAK	0.12035
ZNF655	1.2977
AFG2B	6.1094
PDCL3	-0.82739
ERI3	3.5474
INTS15	0.265
NABP2	3.7957
KXD1	3.6852
PVRIG	2.3456
ZFYVE21	2.786
DDX54	-0.086993
TMEM38A	2.9499
TSEN34	1.0043
KCTD15	0.44172
SECISBP2	0.17534
NOC4L	2.0741
ALG8	2.075
TRPM8	-0.60404
PRRG4	4.2459
ASPSCR1	2.2189
TMEM223	1.5817
ATG9A	1.2134
METTL16	1.0192
FTO	4.2527
POGLUT2	0.91265
ELOVL6	1.4558
FASTKD3	7.3066e-4
TMEM109	-1.3065
C2orf49	0.89693
DSCC1	2.1366
DCTPP1	3.7614
C1orf50	-0.72388
CCDC86	-1.9907
LBHD1	1.5116
MLPH	1.838
WDR77	-0.041386
SLC25A23	-0.80406
SMIM7	2.66
ALG12	-0.41644
ZNF426	0.89263
TMUB2	2.7472
TRAPPC6A	-0.39522
METTL22	0.2789
CARD14	-1.3502
CHAC1	6.1094
BBLN	-0.047401
CSTPP1	6.1656
TRIM48	4.224
C1orf116	2.6302
TAF1D	2.0042
RNF26	2.6041
MAPKAP1	-0.22163
DHX58	2.5741
NDUFAF5	-0.56675
TMEM185B	4.6754
RETREG2	0.102
DERL1	2.8214
CCDC28B	1.3061
PHF23	1.4339
MBOAT7	0.89194
PPDPF	5.1584
CHCHD7	1.8576
FKRP	2.156
MMP28	0.29421
ZSCAN5A	-0.43798
FA2H	0.61231
GDPD3	3.851
DHRS11	7.1989
TNIP2	1.9469
PLEKHF1	-0.71793
MFSD11	0.70302
GNPTAB	2.4599
NOL12	1.6896
TMEM243	0.21631
LENG1	0.44172
LILRA6	0.86368
C1orf35	5.4649
PRR15L	6.984
RBM42	2.4087
CENPO	2.545
BRME1	0.0034874
CRELD2	-0.56252
ZNF343	-0.74132
FBXL15	5.5342
ZNF576	-2.367
THTPA	2.9188
EFHD2	2.2522
TTPAL	-0.98235
FSD1	2.0708
TMEM43	7.0604
IRX6	0.066785
IRX3	2.4914
IRX1	3.1344
THOC6	-0.75743
ZNF557	0.69075
MMEL1	1.5948
DCAF10	0.13768
OR13A1	3.7366
OR5H6	0.882
OR5H2	0.44954
OR4K5	-0.37205
OR51G1	0.86749
OR51B4	1.7293
OR51B2	1.3104
CPLANE2	7.273
ZXDC	0.63173
BHLHE41	0.51618
FCRL2	3.2651
B3GNT4	-0.53565
BCL2L14	1.9671
NOX5	0.30598
GLB1L	1.0873
KREMEN2	1.0835
ZBED2	-0.1244
LRFN3	1.4651
CYBC1	0.15235
HAUS3	2.4082
LRRC2	2.7613
FYCO1	2.1865
BIRC7	0.90691
WDR25	7.0931
PAGR1	0.28978
ULBP3	-0.98428
OR52N1	0.87861
OR2A4	1.2958
OR4K1	-1.7128
RIPOR1	3.0369
MAIP1	1.8089
NKAIN1	4.7757
GCC1	5.3669
ATP13A3	-0.75984
TTC13	-0.38509
EPS8L3	3.9118
ABHD8	-0.17615
CDC73	2.3139
SLC52A2	1.1415
SPAG16	1.4333
TMEM231	2.1679
CORO7	5.1023
CHPF	3.2668
CARS2	-0.1582
MRPL24	3.4913
ARMH3	3.0823
MUL1	0.19628
SAP130	2.4414
OBI1	-2.6149
CEP97	1.8049
TCTN1	1.1651
ADIPOR2	-0.20642
CERS4	3.0931
PGBD5	-0.46569
FAM118B	4.78
RIC3	0.63899
VCPKMT	3.9358
ACSS3	2.4613
NAA16	-1.9747
TANGO6	0.29808
CCNJL	0.76046
HMBOX1	1.012
RNASEH2B	4.6356
SNRNP25	2.3006
GALNT14	2.4796
ARMT1	0.14171
NDNF	0.47035
TNFAIP8L2	5.807
OGFRL1	0.78504
SH3TC2	2.6956
OCEL1	0.44547
C1orf54	6.1094
EFL1	4.605
FAM184A	0.015985
FAT4	3.4765
SCRN3	2.3919
CCDC121	6.1094
ARMC7	3.0515
TMEM53	0.37834
C22orf46P	4.4606
ROGDI	1.7312
ARSJ	1.8409
CHMP6	0.59123
SRD5A3	2.3964
CLXN	2.5692
PANK3	1.4069
AKIRIN1	2.4725
MCPH1	4.0672
USB1	-0.26372
RHBDF2	0.12037
TMEM204	1.8208
HECTD3	1.7142
BEND5	3.2536
RPAP3	4.0007
ARHGAP10	2.146
DYNC2H1	2.3843
PPP1R3B	6.1094
NEIL1	6.1094
HSPBAP1	0.39772
ICE2	1.7085
DHX40	3.6786
PLEKHF2	0.11708
PARP8	2.4422
C3orf52	0.44506
TUT7	2.7403
NLRX1	6.1736
FN3KRP	1.5271
ZNF329	0.80301
VEPH1	4.9203
FASTKD1	0.96343
OGFOD2	-0.16829
SMC6	1.4404
VTCN1	2.1834
RTL10	-0.099045
CENPU	0.82553
ZDHHC14	2.043
MSANTD2	1.1404
SAP30L	-0.6178
STEAP4	-4.7764e-4
GAL3ST4	-0.1029
QTRT2	1.412
ZNF322	6.2805
YRDC	3.0787
MANEA	1.9865
GALNT12	1.4146
ZC2HC1C	4.7879
RIOX1	7.197
ZMAT4	-0.036997
ZYG11B	0.88041
OGFOD3	0.23825
TOP6BL	4.1531
LRRK1	0.46527
PRKRIP1	3.2418
NOL9	1.1353
COLGALT1	0.062525
IPO4	-0.12517
GTDC1	2.1766
IGFLR1	4.6396
CCDC51	7.4693
NPEPL1	2.8065
PPCS	0.50986
TBL1XR1	5.0623
AAGAB	6.3584
VPS37B	1.7036
ANKRD55	-0.11228
SUV39H2	-0.75837
ZNF768	0.073927
THAP9	3.7615
WDR59	2.0188
LIN28A	2.9985
PALB2	2.0529
SH3D21	1.2797
NSUN7	0.09014
NARS2	7.6146
E2F8	0.8348
KCTD17	0.84976
TBC1D17	4.4199
TEFM	-0.70296
BBS10	0.75164
TTLL7	1.6789
ZBBX	-0.28394
CCDC7	1.0305
ZNF419	0.16138
CLIP4	-0.6649
ECHDC3	0.10562
ADGB	1.8246
LMAN1L	6.9788
ZNF385D	0.36065
SLC25A22	2.9139
ZFAND1	1.8855
SNIP1	1.7544
ASB13	1.5215
ZNF750	1.489
DHRS12	0.66713
ZNF668	2.5304
GEMIN7	-0.25953
C1orf115	2.7992
ISOC2	0.79169
ELMO3	1.4276
KATNBL1	1.086
TXNDC15	1.565
MCTP1	-0.85446
GRTP1	0.2626
ZFHX4	1.6533
ACBD4	3.2423
MICALL2	4.8107
CCDC82	1.1969
IQCA1	0.66563
LRRC31	-0.31782
SUGCT	4.1346
MYH14	0.032288
RERGL	-0.63188
KLHL36	-1.8008
ZNF665	0.33728
CLMN	0.31428
FBXO31	-0.25659
GSDMD	-0.12676
SPRING1	1.537
ALG9	2.8798
ZNF408	4.4725
ARMC5	0.20361
UGT2A3	-0.12723
CARF	5.6038
SHCBP1	1.9304
HHIPL2	0.76364
HPS6	2.9035
VASH2	-1.6423
GSTCD	0.7839
TTC21B	-0.023124
PTCD2	-0.97527
SLTM	1.341
MMRN2	-0.27633
EHMT1	3.1414
AGMAT	6.1094
NIPAL2	1.4278
TLE6	0.83176
MOB3B	2.9766
ZNF552	0.07176
DNAI4	5.2774
CATSPERB	0.41201
ARHGAP28	2.5859
CAMKMT	6.5613
EFCC1	2.6856
CLMP	0.87487
METTL8	0.73732
NAA40	2.8951
ZMYM1	1.1168
KDM8	-0.5333
QSER1	1.3208
GEMIN6	0.53683
PEAK1	3.0745
PIP4K2C	4.4073
TMC5	0.28547
CCDC102B	1.3876
NHEJ1	0.27589
AGBL2	7.5597
ZBTB3	1.8078
FAM124B	0.86013
ZDHHC11	2.6138
RNF122	2.2905
CFAP69	1.6705
MFSD13A	1.9684
CSPP1	-0.59981
NHERF4	6.1235
TLCD3A	2.0423
EPHX3	2.1374
TM4SF20	2.0776
SNX22	2.8779
NEK11	1.0214
TUBAL3	1.7744
ZNF669	0.24046
RBFA	4.0543
JHY	1.1165
TREML2	0.29757
BORA	5.1305
TCTN2	2.6954
CPSF7	0.035099
BAALC	0.48687
RPAP2	0.9699
CBLL1	-0.7841
NUDT18	3.8976
RABEP2	4.8469
THSD4	1.7034
UBA5	3.535
DCAKD	1.3252
CCDC134	5.3409
ZC3H14	7.0719
PODNL1	0.10672
MAP9	0.61276
HDAC11	0.25765
CAAP1	0.57158
PLBD1	0.41188
LPCAT1	2.0682
RIN3	7.9601
ZNF671	-0.093829
MCMBP	0.59996
GGNBP2	6.7964
ZNF672	1.5735
ATP8B4	2.1738
THNSL1	1.777
RPP21	7.7006
ZNF613	-0.10185
PRR5L	2.0003
CYBRD1	1.2212
NUP85	1.7421
NAA60	4.324
TMC7	-0.63966
MORN1	5.4034
BTNL8	1.3254
PYROXD1	2.1503
ACTR5	3.5414
ATAD5	0.15438
SETD6	2.8
MAB21L4	2.133
MRM1	6.7892
NANOG	-0.80792
ADM2	4.0038
SPEF2	0.74418
FAM110D	2.6363
MAP6D1	2.464
DOK3	6.6698
TNIP3	0.60777
KIAA0319L	-0.080362
SYNPO2L	4.0675
COQ8B	3.6633
CCNP	5.8132
CNTNAP3	-0.90719
SLC35E1	2.596
ZNF696	0.82965
L2HGDH	2.1707
C10orf95	4.49
DHDDS	4.5205
PLPPR3	4.6109
PLEKHS1	0.62376
SYNDIG1	-2.0451
NOL10	-0.60248
PDZD7	4.0558
ERMP1	4.7313
PAQR6	6.9547
DENND1C	-0.10944
CEP76	0.35819
JADE1	0.053122
DENND2D	0.057021
DNAJC22	2.1118
SCD5	0.97096
WDR76	3.436
ATAT1	5.2606
WLS	-0.066108
ZNF442	1.7864
CPED1	3.8078
GRHL2	5.8107
DSN1	1.2726
FRMD1	3.8611
DNAJB14	2.5447
SVEP1	3.1608
IFT56	2.7483
PLEKHH3	2.4553
STN1	0.7677
ELOVL7	2.1908
ANKRD53	2.2457
GREB1L	4.4858
PCNX2	1.6862
ESRP2	1.6183
DOCK5	0.79161
TRAPPC13	3.1505
C10orf88	2.0528
TMEM156	2.1119
RMI1	2.9166
PSME3IP1	-0.19704
PHC3	2.6471
MINDY3	-0.34753
WWC2	2.7714
DGLUCY	0.64474
NAA25	6.3147
UBTD1	-0.71969
FOXRED2	1.2403
TMEM62	2.8375
NRSN2	-0.30091
SLC8B1	-0.033697
PANK2	0.32787
FBXL18	1.5233
SEMA6D	0.95348
ZNF556	-0.42822
CSRNP3	2.154
TRPM3	2.5742
GPR157	-0.38819
PGAP1	0.34702
LRRTM4	-0.55215
ATF7IP2	-0.4258
DCAF17	1.6767e-4
ADAMTS20	-0.35659
CCDC15	0.40092
ZNF606	2.6342
MZT2B	-0.2444
PKD1L1-AS1	-0.0086553
ZFP2	0.88013
ZNF614	0.60595
C3orf36	0.8681
BICC1	1.9984
BAIAP2L2	6.7059
ARL14	1.1058
PIF1	2.1278
MAP3K19	3.7766
VCPIP1	0.87915
CCDC33	6.6395
BBOF1	1.3123
TRIM46	7.738
CCDC170	0.13868
LRRC8E	0.011812
MROH9	2.2752
RPF1	-0.26928
ZNF703	0.88093
PTGES2	0.017523
SIKE1	2.3163
FRAS1	2.3928
THOC7	7.4805
UXS1	1.2878
SLC66A2	3.604
ZC3H12A	0.79867
ASRGL1	2.4193
CENPT	3.1422
EDC3	5.3161
NAA15	2.06
CWH43	6.8752
PGGHG	3.9489
PRR36	-0.84452
ABHD18	1.8995
MOGAT2	5.4819
CTC1	4.1246
IFT74	0.68771
DBF4B	2.2917
SPSB1	4.2514
MYCT1	1.6468
TEDC2	1.8762
MYO19	6.9567
RUBCNL	1.0793
CEP290	-0.88136
TTI2	2.4318
TMEM134	1.2608
TMEM254	2.3313
RNF34	1.7757
MUS81	5.9844
FUZ	4.2446
HKDC1	4.3028
FBXO11	-0.62484
CHD9	8.271
FHOD3	1.7682
OPA3	1.8465
SPG11	1.8563
PROSER1	-1.2811
ARMC9	6.1279
CCDC92	5.6685
TM2D3	0.21713
ALPK1	-0.32118
CFAP43	-0.18666
NAA50	0.14959
COQ10B	2.1265
ACSF2	4.8292
TARS2	6.9
RAB11FIP1	1.4821
NUBPL	4.2014
PAAF1	-0.23999
ORAI2	5.1788
RUFY1	1.5184
WDR26	1.5987
FAAP100	6.2438
PIGZ	0.44929
ELL3	3.9783
PREX2	1.3469
CEP63	0.4293
SLC35F5	0.42657
ATOSB	1.1099
PHAF1	2.4833
TRIM45	1.5013
ZNF430	0.82403
EDEM3	4.1115
HSD3B7	0.98568
ITPKC	3.4948
GRPEL1	3.5636
SCUBE1	3.6058
CDK5RAP3	5.5895
MTERF2	1.9423
PLEKHO2	0.95099
EFHD1	3.1796
WDCP	2.3561
TRABD	1.6512
MED28	2.4597
FLAD1	2.8726
SPHKAP	-0.44581
PDGFD	1.5059
TET1	5.3485
LRRC27	0.58483
EPC1	1.4268
CPEB4	1.9755
ZKSCAN3	7.0476
GKAP1	2.6786
CXXC4	1.748
SP6	4.2052
CEP70	0.61486
CCDC68	0.98112
PUS1	1.8951
ABTB1	3.8855
WNT10A	0.5205
ULBP2	0.95343
ULBP1	-0.25554
DNAJC5	4.7409
ADAM33	-1.0526
KCNIP4	-1.1458
WDR82	3.3877
PABPC1L	0.46481
PNPLA3	-0.19082
BPIFB2	2.5277
TRAF3IP3	1.901
SEL1L2	2.3271
DCAF11	-0.56221
ZSCAN16	6.5848
REEP4	1.9454
COASY	1.872
SKIC8	3.2756
TNKS2	5.6617
RNF39	4.9147
PDCD1LG2	-1.5016
CD276	3.1737
UBXN6	4.0338
SLC19A3	2.096
TSGA10	-0.33199
AKNA	3.5626
PBX4	4.6316
SLC35G2	4.2925
ACAD10	6.1094
SRCIN1	0.50191
IQCN	6.5768
TTYH3	4.5928
ARHGAP39	1.7156
THSD7B	1.2316
SLC44A4	6.1094
VWA7	6.1094
MPIG6B	6.1094
LY6G6C	6.1094
LY6G5C	7.3106
PRR3	4.633
THUMPD2	1.2322
TSEN2	0.61778
AARSD1	5.7886
TMEM121	2.1163
PRR7	5.3902
KHDC1	1.1758
ITIH5	0.50632
NDFIP1	1.5594
SPX	2.4345
THAP7	0.32405
STARD5	1.8127
CPTP	0.58973
LIMD2	-1.2203
TMEM177	1.3608
B9D2	1.8001
CYB5B	1.885
ZNF34	0.28703
COL18A1	5.9058
INTS5	1.6189
CMIP	3.7745
ASXL3	1.8921
CEP44	-0.91698
ZNF436	6.1094
EEPD1	-0.81036
DDHD1	0.36736
DUSP16	3.1281
ZFP91	1.9848
APOL6	1.2891
APOL5	2.203
APOL4	3.095
APOL3	6.2321
TAS1R2	0.52349
TAS1R1	1.0899
SH3BP5L	1.7953
GRIP2	0.56322
KDM7A	3.0329
SETD7	0.84485
LNPK	6.2636
PRRT1	6.1094
EGFL8	6.1094
ILKAP	3.6789
NPL	2.8187
TMPRSS5	1.7525
GJA9	1.0317
TUBB1	2.4546
WNT5B	-0.79998
ZBP1	1.0788
SLC2A10	1.6105
KCNH6	0.14423
SLC25A32	-0.85833
COLEC12	-0.67669
CLPTM1L	1.9857
OR5AC2	-1.4821
OR4K15	-0.20333
OR8J3	2.4567
OR51G2	0.85123
OR51E2	-1.6562
OR4P4	4.5521
OR4C15	3.8515
OR4A5	5.2233
OR4A16	4.5882
OR4A15	4.4635
OR10W1	0.84711
OR2AE1	3.6251
OR6N2	0.30464
OR6K2	0.22374
OR2L5	0.48305
OR2G3	-1.1027
OR2G2	0.11725
OR2C3	0.16298
POLR2M	4.0233
PTDSS2	0.91339
GPR63	0.31835
RSPH6A	3.8979
SYNC	1.5615
CFHR5	0.70761
DCSTAMP	1.2019
HM13	3.2521
MOB2	1.0108
ITFG1	0.5435
SGPP1	1.9626
SLC38A1	2.306
TMX1	-0.35652
LRRC3	0.059951
GDPD5	0.74752
FBXO38	1.8387
TDRD3	-0.16776
STMN4	1.9476
VOPP1	1.0747
CYRIA	4.7969
RCC1L	1.1692
YIPF5	2.8433
INTS14	2.8147
FAM117A	2.9437
TRIM11	4.5415
LMAN2L	2.4919
C1orf21	4.2436
NDEL1	1.3786
CSRNP2	2.0959
TXNDC5	3.3513
ACTL8	-0.92462
CLPB	0.89166
PDRG1	0.82315
ANKRD13C	-0.93287
APOLD1	0.58487
YJU2B	1.5401
GFOD2	3.0245
COL21A1	3.4845
PLA2G12A	0.64668
CDADC1	2.6817
TRIM8	5.8763
URM1	0.54788
LBH	1.2492
NECTIN4	0.21478
FIP1L1	4.6547
SNX27	0.9129
FAM83D	1.6382
ANP32E	7.0668
NIPA2	-0.30606
TMEM163	5.1775
ACSBG2	0.59717
CAB39L	2.0253
ITM2C	-1.0855
TSPAN14	7.4434
CDT1	2.0766
KAZALD1	0.92244
UNC93B1	2.1762
DEFB126	-1.1353
DIAPH3	1.7761
SHCBP1L	3.3976
TRMT1L	6.4713
TSC22D4	2.8409
TSSK3	-0.33651
MAP1LC3B	1.1294
CCNL2	0.89778
VMP1	5.7436
C6orf62	1.1837
ISCA1	2.5269
REXO5	7.5789
AMN	3.1734
OR5V1	4.6124
OR2B2	6.6534
DOCK8	0.79539
PPP1R14C	-0.4299
TRIM7	4.6647
NUAK2	0.70765
TIGD6	0.1192
RNF170	-0.48843
ADAMTS12	2.6239
TLR10	0.35376
ADAMTS10	-1.6643
SLCO5A1	-0.02811
OR12D3	7.4606
NETO2	0.21389
NETO1	-0.13469
SPACA1	-1.2517
VANGL1	0.44656
TRIM56	1.5004
SBF2	7.2131
RNF146	0.020224
SPRY4	2.5276
ST6GALNAC5	-0.054429
KRTAP1-3	0.62328
KRTAP1-1	0.80889
TMEM14B	1.0293
SFXN3	0.90608
ZNF611	0.97024
MED25	3.4108
SHARPIN	2.3674
KRTAP9-9	-0.4175
KRTAP4-6	0.35677
KRTAP2-1	0.84117
ARPC5L	2.8737
ISG20L2	3.1538
RAB1B	3.5746000000000002
HYI	1.4535
FAHD1	1.48
QTRT1	1.2534
SLIRP	-0.80742
SLC25A28	3.2925
ABHD17A	0.22969
CABLES2	5.0371
SEH1L	1.9589
KIF18A	6.1251
ZNF93	0.85649
HDHD3	-0.29657
PITPNM3	-0.7932
ELOVL3	6.1527
FCRL5	2.3963
FCRL4	3.1479
TCF7L1	5.5348
ADPGK	0.44306
SH3BGRL3	2.8916
SF3B5	-0.21335
INO80B	4.1617
GSG1	1.2564
CCDC70	-1.3572
SLC25A31	3.3923
PUS7L	1.2198
PMFBP1	2.3785
DRC3	5.6273
ABHD11	2.5118
RAB33B	1.8413
EMC6	-0.54937
CDCA3	2.2264
MXD3	6.1094
APH1B	7.0052
GLT8D2	0.54339
KATNAL2	3.504
DOHH	1.7555
ARHGAP24	2.5745
DDX59	2.1008
PUS3	1.1638
EPPK1	5.8276
SCRT1	3.7721
PLVAP	-0.42748
ODAD4	1.1534
CHST9	4.5873
NUF2	-0.83239
FAM110A	4.1105
AIF1L	2.2337
DNAL1	5.0302
RTBDN	2.9367
RILP	3.928
COG3	-1.582
UCK1	-0.18954
TAAR8	1.072
MFRP	2.304
TMUB1	5.7164
THAP2	1.622
AKR1E2	-0.90282
RASSF5	1.0256
NUDT12	-0.17605
SOX7	4.3656
BCL2L12	6.1094
RTP3	2.4703
CCM2	-0.70558
GUCD1	3.6066
AMMECR1L	2.8714
C18orf21	2.3936
C19orf12	0.073667
ZMIZ2	1.9336
C11orf68	5.5884
TEX101	-0.09046
RAMAC	2.8776
FAM107B	-0.11719
SELENOO	1.6657
CCDC3	-0.47985
FAM167A	7.7521
SLC35G5	6.6356
DYNLRB2	-0.265
DYNLRB1	7.4626
TEKT1	1.1752
TLN2	7.2428
MS4A8	0.74412
PARP9	5.8754
SESN2	4.789
CRISPLD1	1.8455
HSDL1	3.106
RPS6KL1	1.537
RHNO1	0.81375
TRAPPC9	0.27749
SLC4A9	2.495
CALN1	1.7464
SH3BGRL2	0.94213
JAM3	-0.036541
FERMT3	1.9422
TRPT1	1.9641
NRIP2	2.3168
ESPN	3.5219
CRISPLD2	4.7942
YPEL3	4.1444
TLCD3B	3.1979
INHBE	7.3656
RIOK1	0.70785
SLC25A18	1.4095
ATG10	0.80575
ITCH	6.9435
TFAP2D	4.5782
MARVELD1	1.2258
GRWD1	1.2437
ZNF484	1.0123
L3MBTL2	3.2965
LONP2	0.80666
KRTAP4-12	0.63268
TAS1R3	0.91689
RBP5	-1.2841
RBM4B	4.4402
FRMD8	6.1094
ARMC10	2.1916
KCNK16	0.28112
ESYT3	1.3064
SYT16	0.29168
SETDB2	1.6365
ROPN1L	0.12099
ANGPTL6	2.9967
KLF16	0.67431
FSD1L	-1.3116
TMTC1	0.027623
ATAD3B	-0.61992
TAF3	1.9634
RSPH3	0.61447
TMEM120A	6.1094
RAB34	1.693
HMCN1	2.846
GPR61	7.8821
TBC1D10A	3.48
BCO2	1.1822
MRO	0.16681000000000001
TM2D2	1.5444
USHBP1	-1.291
CDCA7	0.63814
MIXL1	1.3542
TSPAN10	4.6014
SLC25A2	2.7483
PRSS27	2.1599
TTLL2	0.49573
FGFBP2	-0.13862
WDR87	6.1094
SPATA9	0.94582
SNX25	-1.0433
KCTD10	2.3915
SPATA16	-1.7089
TTC29	1.2002
KRTAP1-5	0.42358
KRTAP3-1	2.1627
KRTAP3-2	2.0239
KRTAP9-2	-0.91684
KRTAP9-3	0.27431
KRTAP9-8	0.31184
KRTAP17-1	-1.6182
HASPIN	0.89937
STARD3NL	-0.036582
STK40	1.1514
SPRTN	3.2869
HDAC10	2.121
RASSF4	1.7483
LRMDA	1.014
EIF2A	-1.6129
TATDN1	0.77816
TM2D1	-1.3674
TSSK1B	0.32283
IMMP2L	-0.66619
FCAMR	1.0045
SLC4A11	4.7419
IFI27L2	2.2348
TSSK6	5.1153
SPNS1	3.2339
FAM234A	4.4746
CCDC8	1.7971
NCALD	2.8314
ARB2A	-0.94205
BRIP1	3.1649
CTTNBP2	2.0557
REG4	-0.20352
KREMEN1	1.7746
TMPRSS13	1.3972
B3GNT5	0.14875
OBSCN	7.1915
EMILIN2	-1.5293
KATNAL1	1.4662
MND1	1.9066
WDR54	4.1654
ADGRV1	5.4944
RBM48	-0.19649
DTNBP1	1.3103
KIRREL2	2.4804
HDHD2	2.5563
TMEM222	1.7787
TEX35	-0.38917
FHIP1B	-1.0112
SLC10A7	1.1874
PLEKHN1	1.365
FAM186B	0.2503
ARMC2	2.6775
HORMAD1	4.2533
MYCBPAP	2.7702
QRICH2	0.80966
FSCB	-2.6358
TKTL2	0.71599
C3orf20	-0.50545
KBTBD7	2.308
ANKRD27	6.5592
ENKD1	3.1972
NSRP1	1.7608
ZRANB3	0.18047
RAB6C	-1.7888
FBXO30	3.2616
ARL6	0.86906
USP44	1.2645
SLC41A2	-0.095454
C4orf17	2.2429
PCBD2	1.3286
PRAM1	-0.41731
ZIC4	-0.044955
PCGF6	7.333
QRFPR	0.49291
ZNF394	2.1094
LRRIQ1	2.156
ATRIP	7.3818
WDR75	3.1409
ACAD11	4.2522
CEP78	0.47355
USP42	-0.8559
ZNRF3	2.9628
TOMM40L	1.4513
UTP15	-0.4287
SLC7A6OS	6.1094
FAM161A	0.90626
EVA1A	0.69803
ABRAXAS1	-0.67586
SYDE2	2.0979
ZNF644	0.39953
KAT8	2.968
PPP1R1B	6.1094
RNASEH2C	6.1094
RPF2	2.857
ARID5B	9.3149
BLTP1	1.1895
GTF2IRD2	3.2413
ASCC2	7.6261
NLRC5	0.674
C19orf44	2.6415
ANTXR1	2.7743
LOXL4	7.3773
POLR1B	1.608
ELMOD3	3.3567
SLA2	3.3723
SLC49A3	0.4914
CHD6	2.5979
MINDY4	2.876
ZCCHC7	2.0334
FAR1	1.6087
SLITRK6	0.63961
METTL25	0.10546
CIAO2A	2.1927
SETD3	-0.36819
USP48	5.5185e-4
POMK	0.080935000000000007
TXNDC2	0.85305
MEX3B	1.1484
ZNF541	-1.8371
TMEM117	0.58347
ZMYND12	0.50846
TBC1D3F	0.27519
WDR24	3.2336
SPATC1L	-1.6388
IQCG	-1.2237
NBPF3	4.242
ZMYND15	0.18152
SPATA31H1	7.4086
DRC7	-0.92998
LRRC8C	3.0274
TRAF7	4.3618
MAF1	2.4371
TMEM126A	1.7014
RHBDD1	0.18161
ATP13A4	1.6976
ZCCHC9	-0.41218
ZDHHC18	5.8553
MRI1	0.34228
MED10	0.025179
RTL6	0.039719
FYTTD1	1.1164
PSD2	0.78276
SLF1	1.512
SGIP1	0.11562
GARNL3	2.9108
CAMKK1	0.62472
SLC37A3	0.9765
FLYWCH1	1.2599
SYT3	0.73128
DCUN1D5	1.7208
TCHP	3.1801
FBXW9	2.0274
PSMG3	2.1271
HSDL2	-0.63693
HAGHL	2.198
POLR3GL	0.37632
ALKBH7	0.21269
QNG1	3.9105
RPAIN	2.0597
CHCHD5	0.87863
CARD19	3.7812
POLDIP3	3.6998
YIPF4	3.223
NOA1	1.3588
COQ5	3.9386
SLC25A33	0.21503
NICN1	8.0023
DNAJC30	2.6013
PRADC1	5.6687
BTBD10	2.7047
C2orf88	1.0995
RNF135	2.1762
TMEM79	2.8345
NTPCR	-0.87454
EIF1AD	6.1094
TMEM175	3.494
ZDHHC16	0.38735
EFCAB2	1.1748
ING5	1.1167
CAPNS2	1.0242
WDR83	3.8497
PRXL2A	6.1094
UTP23	0.87575
GINS4	-1.0092
LLPH	2.31
MIEN1	6.1094
UQCC2	5.5082
DDI2	6.1693
PGAP4	0.7869
CHCHD6	1.1455
NUDT22	2.1049
PYM1	0.94932
PDCD2L	2.5097
ZNF397	3.0672
NUDT16L1	1.891
C7orf50	5.5579
MRPL45	-0.72151
BRMS1L	0.47363
VPS25	1.086
TMEM107	3.6284
MON1A	4.996
NAA38	3.6504
CCDC115	-0.53576
CCDC77	8.6763
CMSS1	3.6831
ACBD6	0.4655
THOC3	0.2775
SARNP	1.5462
METTL26	2.9808
ZBED3	0.0048271
LZIC	1.7316
HVCN1	1.6095
ZNF414	-0.28351
MCRIP2	4.0154
DYDC2	6.7934
PCGF5	2.4334
COA8	2.8053
AKT1S1	4.5936
TMEM101	3.7586
ELOF1	-1.2472
GFM2	-0.30373
COG8	2.957
HPS3	-0.56696
ARFGAP2	6.651
NIFK	0.75998
PRAC1	2.0088
HOOK3	-0.22715
ECRG4	1.4432
CYSTM1	0.93243
C15orf48	7.2493
PROK1	2.5838
CARD11	0.22707
ADGRA1	-0.16334
ZNF528	0.35127
MSANTD4	-0.70992
HHIPL1	-0.10701
RAB11FIP4	4.1175
MAML2	3.3548
DOT1L	4.3497
LZTS2	3.8432
BRSK1	-0.75353
SYVN1	2.8111
ABLIM2	-0.51459
ZNF333	-1.4363
ZNF512	6.1094
MAP3K21	1.9177
EFCAB7	-0.22167
L3MBTL3	7.3142
PHYHIPL	1.9025
LCOR	1.8545
NEURL4	2.0774
SLX4	4.3678
MEGF11	1.2699
MEGF10	3.5212
FBN3	-1.1391
FAM120B	0.32906
SPIRE2	7.2482
JPH4	-0.65822
ZNF527	6.1094
NKX6-2	1.352
PLPP5	1.1918
GHDC	2.2617
MCM8	-0.50245
DCTN5	1.5319
ACTRT3	-0.5062
CNFN	2.9128
ACRBP	1.013
GON7	1.668
JAGN1	-0.58688
ZC3H8	1.4777
HOPX	1.2596
ZNF559	3.1594
CDIN1	-0.26105
SRRM4	1.2356
ACSS1	2.0218
MCHR2	1.1975
KBTBD8	2.9324
SANBR	1.5248
MRPL43	3.5999
PGBD1	6.1094
MAK16	2.5236
PARD6G	4.762
FAXC	2.1008
MAP1LC3A	6.1094
MT4	0.11888
SLC12A8	3.4261
LYZL1	0.52352
COL25A1	4.558
GNPTG	1.8108
PARD6B	-0.033271
ZBTB37	0.12325
KRTAP4-4	-1.3874
TUBB6	1.561
NT5C1A	0.17058
ZGPAT	7.707
ST6GAL2	0.60123
ZNF594	3.1224
KIRREL3	1.2136
FNDC1	2.1911
KRBA1	-0.76058
ZNF469	1.4263
NTNG2	1.0616
TNRC18	1.4768
TTBK1	7.6159
AFAP1L2	-0.96603000000000006
KISS1R	-0.99285
IL1F10	6.0738
USP38	7.5979
MFSD14B	1.4643
KIF2B	-0.28793
C22orf23	1.7173
PLA2G12B	1.9601
LCE3D	0.49921
DGAT2	7.3024
EBPL	5.0154
SPINK7	1.6881
SPZ1	2.4061
GLYR1	1.9637
ADGRE3	0.30375
RNASE7	0.23983
CCDC62	2.76
DPY30	3.0416
GLIS2	5.2198
MYPN	7.9143
RETNLB	-0.46683
HES7	4.8481
HYCC1	-0.84926
USP32	2.3986
ZNF347	0.50059
CARD6	3.818
TRIM55	0.87779
TRIM63	2.3575
KDM2B	1.9736
ACCS	-0.20546
HINT2	-0.60173
INSM2	0.18067
PPP1R9B	3.4129
SPMIP6	3.6705
MS4A14	0.40606
SPATA22	-0.0055938
GARIN1B	0.91853
CCDC54	1.6632
MCEE	0.35371
GJA10	3.5891
LOXL3	2.5676
ABHD1	3.9393
CAPS2	-0.79852
CREB3L3	2.5854
MYO18B	2.2957
COX4I2	3.7165
GTPBP3	-0.23587
GPT2	1.6592
LNX1	4.6732
MGARP	1.9069
HDGFL2	3.9231
PIGO	0.13924
PSRC1	7.4959
PLEKHA8	2.9035
PRRC2B	-0.24141
SPSB2	2.9833
CBX2	0.34341
FAM167B	1.3063
CNDP1	0.48007
UNC119B	3.9629
USP30	0.29382
FUT10	4.277
B3GNT9	2.921
PCGF1	4.1104
ZNF577	-0.59572
CRACR2A	-0.20903
TRIM51	2.2342
MPV17L2	5.1649
ZNF607	7.5772
NAA11	-0.11171
KMT5C	1.6228
TUBA1C	2.1297
FAM220A	1.2064
PYROXD2	0.17829
C19orf48P	2.2163
GPAT3	-0.61747
MFSD9	-0.17509
NFKBID	2.456
PERM1	2.8126
BUD13	1.5157
PLCD4	5.316
PLPP7	1.5011
RTN4IP1	-0.96601
TXNDC17	2.8328
IL17RC	1.3578
LMNB2	0.62216
FCRLA	0.63925
SFT2D3	0.88106
ADTRP	-0.31371
ATP5MK	7.6273
ABHD14B	2.1429
ZNF496	0.026913
RAX2	1.7057
HPDL	7.3412
PHF5A	3.9042
TRIM52	-0.12551
ZNF503	1.1539
LRCH3	0.092295
KLHL22	0.77403
RIOX2	-0.34947
CCDC142	3.5434
TMEM25	2.1767
PTPN5	-0.96380999999999994
HAVCR2	-1.335
CBR4	-1.1198
RSPO3	1.8879
AGBL4	3.3918
ZC3H10	2.7015
ADGRG7	0.97791
ZNF514	1.1788
PARP10	2.797
ORAI1	1.1128
ZBTB45	2.6703
MFSD2A	0.42018
RPUSD4	3.9009
AIFM2	0.90696
ZDHHC12	1.3222
C1orf198	-0.73652
SPPL2A	4.2584
ADO	1.9926
ZSCAN10	3.2499
POMGNT2	-0.11868
FBH1	1.3733
LINGO1	4.0174
MIGA2	1.6122
ATAD1	0.4975
TBRG1	-1.3476
PLXDC2	2.9229
TMTC4	-0.8001
RNFT2	0.94001
NFATC2IP	2.2505
CEP89	6.7167
ARHGEF39	1.2559
ZNF341	3.2034
FAM136A	3.5459
AOPEP	2.7293
TMEM87B	3.0951
ZNF382	2.1753
SLC35B4	1.2518
ATOH8	1.485
ZNF587	-0.1489
FAM222A	1.5022
UTP4	2.0265
LRP11	3.3284
PPP1R15B	3.3966
ALG10	-0.3533
FIZ1	2.6839
VCF1	1.6785
ZNF566	5.1964
SLC49A4	0.32741
SPRYD3	1.4889
TMEM209	1.5229
FIBCD1	0.22599
MASTL	1.5337
RAB2B	0.7982
C8orf76	0.9169
RITA1	0.22805
MEDAG	0.38618
ZFYVE19	5.3758
ZNRF1	-1.3255
ATG4C	3.4671
PWWP3A	3.8551
CORO6	4.4847
HSH2D	1.4027
WDR73	6.1094
MAEL	-0.32782
ABHD13	1.1659
LTV1	0.35585
SERAC1	1.8341
TIGD5	1.2953
PRPF38A	1.5517
TNS4	4.5846
CGNL1	9.6142
MPND	3.6077
NUDCD1	4.6221
RELT	1.4297
SYTL1	2.447
UBASH3B	6.437
CCDC183	2.366
FBXL20	7.8949
AJUBA	3.3877
ALKBH6	1.1443
IGSF21	1.7702
LSM10	-0.3478
TOX2	1.871
C1orf94	1.3549
ATG4D	0.037556
MFSD5	2.1896
DISP1	-1.8261
FRMD5	2.3806
CEP19	-0.083568
FAM83A	1.6703
ARHGAP19	1.0304
COX14	5.0368
PPP1R16A	3.5584
RBM17	-0.41576
PIGY	0.70459
UBL7	4.9687
RERG	9.9525
PHYKPL	2.2219
TMEM128	0.66591
TMEM141	2.124
USP45	3.3032
CFAP300	0.9557
TMEM241	-0.048156
REPS1	-1.3821
TMEM60	7.2743
SMIM3	2.8539
H2AC12	4.8674
H2BC12	4.6782
KRTAP9-4	-0.25497
KRTAP4-1	-0.58815
KRTAP4-5	-0.5764
KRTAP4-3	-1.4658
KRTAP4-2	-0.69597
KRTAP3-3	1.7827
KRTAP2-4	0.57723
ATCAY	1.1233
COL27A1	-0.47582
FBF1	4.6254
PPIL4	1.7643
PAQR8	4.4064
ABCC11	0.52367
LGALS12	0.26699
SHISAL1	-0.38262
SHANK3	0.33325
DGCR6L	0.55297
SYDE1	0.38532
TRIM5	2.0712
ZCCHC3	1.4478
ALG2	-0.2542
MYLK2	3.1403
STRIP1	0.54582
MICALL1	1.3475
TUBGCP6	1.8407
KIAA1671	3.2689
SLX9	1.2402
RGS8	0.92497
EAF1	2.3578
DNAJC14	1.673
NKD1	1.7061
NKD2	2.5746000000000002
SLC22A16	-0.14258
SLC45A3	2.4534
RHPN2	7.1594
ZIC5	2.0376
ZCRB1	5.3394
CABS1	-1.1126
STON2	7.3547
DOCK7	6.9681
HELZ2	5.9032
KNDC1	1.0584
DCLK3	-0.8199
LRRCC1	4.9825
CNTNAP4	-0.028073
ZFHX2	1.6411
KIAA1755	1.6045
ITPRIP	0.22447
UNK	4.8617
CFAP74	4.7894
TSPYL5	2.6601
DISP2	3.0021
TNKS1BP1	2.3828
CIPC	0.53208
DIXDC1	3.8336
CEP295	-0.084959
ZNF518B	4.0831
TANC1	6.9148
FHDC1	1.246
ZC3H12C	2.0725
SSH2	3.3279
SELENOI	0.26416
LBX2	4.0923
GFM1	-0.20307
SCIN	0.58573
CCDC65	3.2761
DNAJC5B	2.3984
TSLP	2.4962
PSKH2	1.3838
SCRT2	0.076055
MBD3L1	-1.1688
GALP	1.4287
GTPBP10	2.9047
PNPT1	5.4161
GGACT	-0.12813
ANKRD13A	3.1083
RRP36	2.6182
TRIM4	3.5158
LINC01621	0.53383
RSPH1	2.3961
UMODL1	0.57249
SERPINB12	-0.84401
SERPINB11	0.78399
WNT3A	5.0005
HPS4	2.4903
LMLN	-1.6576
SIGLEC10	0.62541
GAL3ST3	4.4069
NAV3	1.4749
NAV1	4.0771
NAV2	1.0928
KCNK17	0.73973
CHRFAM7A	-0.58312
ARHGAP11B	-0.86792
ABCC10	7.8163
FGD3	1.3155
FCHSD1	3.267
ATG16L2	2.9733
MVB12B	1.0974
KLHL6	-0.10358
SIGLEC12	-0.61286
SEC16B	1.2447
PLCZ1	0.48933
TRIM15	5.0961
AQP10	0.42853
SLC25A21	4.9738
CFAP91	0.89702
TPD52L3	5.4162
LHX4	2.6483
SLAMF9	-1.6776
ZNF628	0.21748
KBTBD6	2.4929
DYNC2I2	1.4861
TMEM116	6.6059
UBE3B	3.0262
BMERB1	0.49913
PAPLN	6.1094
RHOT2	4.5525
GLB1L2	-0.57236
KLC4	3.8756
SAPCD2	0.45227
RSPRY1	-0.38183
DPH6	-0.17979
MIDN	4.763
SYT8	1.0643
UBE3D	3.8921
FAM181A	-0.23376
LACRT	1.0796
ZNF30	2.1895
PHLDB2	0.57316
VWA5B2	3.327
TMEM250	0.28752
KCNH7	-0.38233
BTBD6	2.2819
TSPAN18	-0.0043073
EFCAB11	1.4398
EMILIN3	2.9585
SYS1	0.2267
WFDC8	1.1818
SNX21	3.1351
ZSWIM1	1.1732
UCN2	4.0433
KIAA2013	2.5151
ZNF551	0.53399
UNC5A	5.1617
OTULIN	0.4058
CEACAM21	-0.38039
EFCAB12	0.67212
TP53I13	3.1207
ZNF616	-0.43505
ZNF766	1.1445
CCDC97	1.3504
THAP3	-1.0971
EXOC3L2	1.9488
ZNF468	6.7115
ZNF160	1.4692
FER1L5	2.0391
CTU1	-0.84596
MACIR	2.0011
FAM110B	2.4876
SAMD1	4.6678
DCAF15	0.58101
TICRR	3.4609
MED30	0.38439
TMEM41A	1.7813
IFT20	1.6126
MCFD2	2.1789
CCDC32	4.9616
KNSTRN	4.1879
ATP6V1E2	2.4836
BMF	4.3642
ZNF622	1.913
ERI1	7.159
GADD45GIP1	7.4472
ZNF835	-0.24011
TMEM263	0.92832
LRRC46	2.7866
SCRN2	2.916
YIF1B	2.0752
MLIP	0.28876
SHF	6.1094
DUOXA1	6.1094
STPG1	-0.15306
MCU	1.6451
CCDC74A	-1.3945
ZNF799	1.0403
TIMM29	-0.14249
ZNF625	0.43904
ZNF700	0.44684
ZNF439	-0.84538
LYRM7	5.4854
STARD13	3.8029
N4BP2L1	0.6695
ZFAND2A	4.6684
COX19	6.8593
ZNF486	0.20751
CARMIL3	0.36909
PPP1R3E	-0.12586
LRSAM1	-0.1311
CCDC126	-0.29391
SEC11C	-1.0364
PYGO2	2.9593
CEP95	0.81371
ANGEL2	-1.7067
PIP4P1	2.1571
PRMT9	-0.32117
ZNF479	-0.31844
CFAP119	3.1416
ZNF598	5.8966
SPOCD1	1.9277
JPT2	1.8139
SPSB3	2.4633
IL33	5.5218
DMAC1	0.36964
ZNF697	-0.053233
TRIM41	2.2693
ESAM	2.2729
ADCK2	4.1033
DHX57	1.0631
ZNF251	2.5708
KIFC2	3.3714
CREB3L1	4.6087
FMNL3	-0.38456
CERS5	4.8834
DPP9	2.4262
CCDC149	-0.85931
AP5B1	6.1094
CCDC34	1.3735
ANKRD30A	-0.57051
TRIM47	5.794
ZNF682	1.2559
L3MBTL4	1.3376
SLC25A46	-0.32814
TMEM67	2.5323
TIGD7	2.8256
IGFN1	2.6038
SCARF2	0.93156
NUP210L	2.1546
GGTLC2	-0.0231
SLC39A13	7.8189
BOD1	-0.6291
MSANTD3	2.9489
LMF2	2.9694
RLIG1	-0.16541
R3HDM4	-1.433
TMEM259	1.7835
DERL3	4.4793
DDX60L	0.78846
LRP5L	-0.048524
CDKN2AIPNL	0.94285
ANKRD40	1.5653
UAP1L1	-0.38498
ZNF502	1.1928
SESTD1	2.0465
BTF3L4	0.11464
CCDC74B	-0.80938
ATP23	3.7316
RCCD1	1.7103
FAAP24	6.1094
RNF185	4.0264
ACBD5	1.6038
PKDCC	4.962
ISX	0.29783
COL23A1	1.9093
PCED1B	1.1093
ANKRD44	0.44714
RSAD2	0.045362
UBXN11	3.2168
MTRFR	-0.37346
RPS19BP1	-0.22777
PLXNA4	0.80116
ZNF830	-0.35489
SLFN11	0.82969
RASL10B	-0.77098
CHURC1	-0.032952
DEPDC7	3.0538
NEXN	2.6099
TDRD12	7.5764
ATPAF2	5.3245
BOC	0.16985
ZNF765	-1.3179
NLRP12	-0.25476
MYADM	-0.88127
ZNF845	-1.5343
SYT12	2.6741
CENPL	0.43298
SMDT1	6.1094
LONRF1	-0.020723
ACY3	2.8057
IDI2	6.1094
YTHDC1	-0.40605
MIDEAS	6.8291
MFSD4B	2.987
LIN52	0.9758
ZNF804A	-0.47408
NEK9	4.8635
CABLES1	3.406
NXPE3	1.438
CHMP7	1.5806
ALKBH8	-0.058718
MYLK3	2.1525
EXOC3L4	1.6301
WDR20	4.0494
CALML4	0.97705
MARVELD3	6.8254
RFT1	3.7307
TTC5	-1.3983
FDXACB1	3.3347
C11orf52	3.7364
TIMD4	0.84207
NDUFAF2	3.4811
ARRDC4	0.28414
COG7	2.0368
ZNF300	1.6369
MYOZ3	2.187
TPGS1	-0.60502
SLC25A51	1.2044
SNX29	3.5342
GGTLC1	0.65103
ZC3HAV1L	3.21
IFT70A	1.9866
INTS4	2.8688
OXNAD1	-1.3544
DSEL	-0.86469
MTDH	4.0941
MTSS2	3.5749
TMEM88	2.9028
MTG1	-1.1591
UBTD2	-0.56225
DAPL1	6.3314
CDHR1	-0.32373
STYXL2	0.81189
RCSD1	1.0712
LMBRD2	1.1719
MRPS36	7.5099
ATP6AP1L	0.1401
ZNF461	2.2297
ZNF585B	6.1094
CAPN13	-0.28491
GLYATL1	-0.24357
TMEM132C	1.1337
SCGB3A1	2.3901
TMEM129	4.0045
MEX3A	4.9809
STRADA	-1.1434
PRR29	2.0247
METTL18	-0.45946
GORAB	2.7563
NAF1	-2.0859
C1orf105	4.0852
CRB3	-0.23142
SPSB4	0.54478
PXYLP1	0.55544
MRRF	-1.532
RBM18	-0.65645
CHMP4C	2.2219
BBIP1	0.75378
LDHAL6B	1.7201
SPECC1	4.9125
BICDL1	5.1538
FANK1	0.024394
G6PC3	3.6304
ASB16	2.2982
ZNF764	1.9048
MOB1B	0.65817
TIMM50	2.4039
TIFA	-0.072526
MGME1	0.77027
DTD1	2.7681
FAM114A1	2.2132
TMEM169	-0.79473
TMEM183A	0.86082
ARRDC1	1.3623
DPH7	1.0859
OTOP2	1.2468
DNER	1.459
BPIFB1	0.21888
DRC1	0.34589
HELB	-0.39966
SHKBP1	3.5194
CENPBD1P	4.468
H2AC25	3.2692
ZNF276	7.842
REEP6	-0.42319
IMP4	-0.51082
HNRNPLL	3.5813
UBE2Q2	6.9965
CCDC102A	-0.71656
MARS2	2.194
ADAMTSL1	-0.79017
PEX11G	2.2702
MARCHF9	1.4905
ZBTB47	1.9287
B3GNT7	1.0669
NT5C1B	2.2584
PKHD1L1	3.3725
COQ10A	4.3045
TEX30	1.5493
NEURL3	1.9611
DMKN	1.809
NAPRT	0.2434
KCNG4	5.1215
TMEM44	0.32126
ORAI3	2.1911
ZNF561	-0.36967
OLFM2	1.4772
PRDM6	1.5466
PIGM	0.0028751
IGSF8	1.8714
CFAP107	0.9691
PGAP3	7.5423
ODAD1	-0.2752
LEMD1	1.2659
HAUS8	-1.1793
MVB12A	0.4681
SP140L	3.3738
OPALIN	1.0335
MYL10	2.5697
SYCE1	1.5137
MGAM2	2.2521
ARMC6	1.4052
ZNF670	0.23401
MAPK1IP1L	-1.4213
TPTE2	0.66084
SDR42E1	-0.47468
ZFAND4	2.0114
TRMT10A	2.5209
CACNA2D4	-0.1435
TBC1D31	1.1308
FBXO44	0.19723
MRFAP1	-1.5257
TADA2B	3.6086
TBCK	0.2698
TJAP1	3.3226
MYOCD	4.564
ACP4	2.7218
CGB5	2.9692
CAPZA3	-0.34872
ARHGAP18	2.6409
CADPS2	0.52334
ACTR8	-0.832
ATP5IF1	6.2822
CLEC6A	-0.20409
CPA5	1.1841
FOXP2	2.9689
PIGS	1.7092
TTYH2	0.71682
MUC16	-1.3317
POM121L2	4.1194
CGB7	6.1094
LRRC4B	0.75685
HTRA3	-0.98069
CAMK2N2	3.317
FTMT	-0.10392
ZNF101	0.79458
LENG9	-1.7798
SFXN1	-1.1575
HSPB9	2.6291
SFXN5	3.0345
ORMDL1	4.9887
ORMDL3	6.1094
PAXBP1	0.15342
TMEM203	7.4922
CGB8	4.4465
SYTL3	0.96388
ARHGAP12	2.8285
RP1L1	7.0484
ABCC12	1.0746
OPN4	1.3551
FOXQ1	-0.25662
GNG8	1.783
H2AZ2	2.5561
EPSTI1	-1.2181
TP53INP1	4.8101
PPP1R14A	1.612
CEP41	1.0123
FNIP1	4.0404
TBC1D27P	-0.096933
TGS1	2.5865
MYL12B	0.3209
EGLN2	6.3331
EGLN3	2.2996
BIRC8	1.3211
CAVIN3	0.259
PRRT2	-0.061895
ERI2	7.2258
SAT2	4.4058
DTD2	5.6907
GTF3C6	2.715
SNX18	0.98805
MRAP2	1.8603
RWDD2A	0.95068
CMTM7	-1.0183
GARIN5A	0.69765
TUBA3E	0.11752
RDH13	2.169
IL17F	0.51152
IFT43	0.31797
STX1B	2.1057
GLMP	3.0973
KRT71	1.1634
FDX2	2.2025
HOGA1	0.83005
WDR89	2.5474
L3HYPDH	4.1302
TP53RK	1.7864
SGF29	4.162
PHF21B	-1.2429
VPS26B	0.29405
GLB1L3	0.10815
NACC1	0.49501
CFAP36	5.5982
MED8	-0.006605
KTI12	0.66726
RPUSD1	0.95439
PLCD3	2.5484
PTH2	0.39278
MTFR2	1.7099
CDCA5	2.5677
AHNAK2	2.18
SAAL1	0.51065
IZUMO4	4.048
SCAMP4	-0.68848
ADAT3	-0.46126
CHST14	3.7031
GOLM2	0.63889
KIF12	5.8479
MISP3	6.1063
SLC46A1	2.1659
C12orf57	4.6584
LARP4	1.8544
GLCCI1	-0.4246
TMEM106A	4.6042
SLC52A3	-0.66997
SFT2D1	1.1166
TEX261	1.5941
SMIM12	3.0859
AZIN2	-1.3592
TMEM54	0.46025
TUBA3D	-1.6393
HELQ	-1.599
CMTM1	0.29676
CYP2U1	0.73536
ADPRHL1	0.14191
MFSD3	4.231
SDSL	0.13741
KLHDC7B	2.1434
CIMAP1A	0.99364
ZBED10P	-0.91811
PIK3IP1	4.0634
HENMT1	0.050018
FAM83F	6.7054
SLC35A4	2.5473
ZNF257	3.7137
DTX2	1.7995
ZIM3	-2.7012
TOE1	7.1675
BUD23	2.4686
TRIM9	-0.081916
TXNRD3	1.1549
UCN3	0.65856
SIGLEC11	0.41901
SLC2A13	1.9166
LACTB	6.1094
EFHC1	3.9073
CGB1	0.8742
CGB2	1.0742
NLRP3	0.48341
MAL2	1.6368
SLC22A9	0.73464
TIRAP	5.9302
ERMAP	0.35766
LRRC37B	0.91305
CYGB	1.5627
CARD16	0.75655
PGLYRP2	-1.356
PGLYRP3	-0.35313
PKD1L2	3.8285
BTBD9	-0.22996
LMTK3	0.56931
CSMD2	0.56562
MBD6	2.9856
XKR4	0.15051
GPRIN1	1.4395
CSMD3	0.45206
SLC25A25	0.76958
STK11IP	1.4835
TUBGCP5	1.016
KLHL32	1.805
FMNL2	2.9552
ELFN2	-0.51463
TMEM132B	-0.50733
SLITRK1	-0.15204
ESCO1	6.1535
CCDC85A	2.4045
TMEM200A	0.6451
MYSM1	0.58992
RNF157	1.8402
GALNT13	1.3087
SORCS1	0.89551
KLHL29	1.3203
SCAND3	6.2476
RHPN1	0.45215
LENG8	-0.71705
PWWP2A	2.8751
SMYD4	0.13405
FHAD1	1.2378
SLAMF6	-1.0662
OSBPL1A	-0.88728
OSBPL5	1.4538
OSBPL6	2.4922
OSBPL7	2.8264
OSBPL8	0.88563
OSBPL9	0.3899
OSBPL10	1.5954
OSBPL11	2.7115
C1QTNF1	3.9319
C1QTNF2	2.1389
C1QTNF3	0.72652
C1QTNF4	5.1622
C1QTNF5	2.304
C1QTNF6	1.7164
C1QTNF7	1.4669
FBXO32	3.5086
TMEM123	0.61293
SMIM19	2.6876
MRFAP1L1	-1.6455
TSGA13	0.44653
PTPMT1	4.5462
FLYWCH2	0.83638
WDR31	0.01513
VASN	4.5937
ZNF618	3.4389
CGAS	0.84944
SLC26A9	1.3085
NT5C3B	1.9472
CCDC124	3.1284
HAUS1	0.19232
SLC26A7	1.5776
MARCHF3	1.4136
ZNF554	1.9916
KCTD12	-0.015899
OMA1	2.5348
DDIT4L	4.9053
RAB42	1.6542
FBXO17	2.9982
PCMTD1	0.018719
GPR146	4.4233
FCRL1	3.3993
FCRL3	3.6429
LRRC42	2.7625
GBP4	2.333
GBP5	0.67208
LRRC56	0.93674
MALSU1	2.3137
UHRF2	4.8667
ZNF689	1.4874
FCHO2	0.84408
ARHGEF25	3.0178
ZNF501	1.8853
TENT5B	1.8934
SLC5A11	2.1499
TNFRSF13C	6.9491
KIR3DL3	-0.041535
NOSTRIN	0.84246
ALPK2	0.81956
ARHGAP33	2.6926
EVI5L	-1.2597
TRMT61A	4.752
RASGRP4	1.5525
C12orf56	-0.20044
DIS3L	1.4754
ARL11	3.7807
FANCD2OS	1.6982
IQCD	0.32429
DHRS1	2.2353
WDFY2	0.53485
RAB3C	-1.3447
NXNL1	0.16268
CTHRC1	-0.72786
TSR3	1.9632
ODAD3	1.9829
ZNF653	-0.15478
RNF166	2.6376
RMI2	0.55508
OSR2	0.11854
LRRC58	0.90464
LYSMD3	1.4465
BATF2	1.1982
SLC22A12	4.4599
DNTTIP1	2.7759
DIRC1	1.9736
FOXP4	3.7076
ZNF526	3.0987
LRRC3B	-0.56748
KLHDC3	2.6075
DNAAF10	3.8969
NUS1	0.15182
FAM210B	1.9174
PHACTR3	0.82686
CYYR1	-0.66162
CMTM5	0.81757
TGM7	2.1296
TM4SF19	1.0897
PABIR1	6.1094
ZMYND19	0.49375
COX20	1.2272
ABHD15	4.0595
TLCD1	1.8629
GINM1	3.3863
MOGAT1	-0.95522
ACSM1	6.8453
C8orf34	-0.79895
PANX3	-1.9712
RBP7	1.4081
SLC26A8	1.1854
LYPD1	-1.2735
IL22RA2	-1.3013
ZNF837	1.1266
TM4SF18	0.15142
GRIN3A	0.64366
GRIN3B	1.9875
TOP1MT	0.89313
OLIG1	-1.3454
CLNK	2.2521
TSEN15	3.8863
NIBAN1	6.4945
MAS1L	6.0769
MRGPRD	0.80391
APOA5	1.9356
MRGPRE	-1.4856
MRGPRF	0.96453
MRPL53	3.3995
MRPL54	3.6986
PPP1R27	2.0158
RPL39L	1.4885
HSPA12B	0.21883
CNTROB	3.0179
SNAP47	1.997
LEAP2	6.1547
SLC18B1	0.74533
LRG1	1.5966
MED12L	0.014435
WDR17	0.92657
ART5	-1.6917
ACAP3	0.80698
ARAP2	4.346
ARAP1	1.0528
AGAP2	1.1855
AGAP1	-0.34982
AGAP3	4.7252
TADA1	-0.97999
CATSPER1	7.5023
THEM4	2.4452
CATSPER2	3.6816
SCGB3A2	-0.83565
SH2D1B	1.146
DCD	0.52358
WFIKKN1	2.8711
RAB3IP	1.8953
SSX2IP	-0.091303
MRGPRX2	0.22118
MRGPRX3	0.37774
MRGPRX4	-0.072957
PLAAT5	1.0009
FTSJ3	-1.0441
SLC16A10	3.7724
GALNT15	1.0201
IP6K3	5.296
DEFB118	3.4631
CIB3	1.191
TAGAP	0.69125
TMC1	1.7831
TMC2	-0.60609
RLN3	4.1077
PARD3B	0.28411
RFFL	0.34946
ZNF354B	0.53672
TRIM6	5.6461
UBE2J2	0.71013
BORCS5	2.9787
OLFM3	3.2756
ANTXR2	3.5804
MUCL1	0.22725
GPR62	1.5022
EXOSC6	0.94802
C10orf71	5.3785
PRAP1	-1.0352
ZNF511	-0.73649
CHCHD1	6.8622
MSS51	3.0194
CFAP70	6.6602
C10orf90	-0.31002999999999997
BTBD16	2.6938
FAM24A	2.3679
PSTK	2.8865
ZNF488	0.71087
PIK3AP1	0.68412
MORN4	1.5531
ZFYVE27	1.0786
MMP21	-0.62165
COMTD1	-0.1339
FRA10AC1	1.2795
ANKRD22	0.72021
SFXN2	5.3136
PDZD8	0.40813
AGAP4	1.7717
BORCS7	3.363
LYZL2	1.8502
AGAP11	-0.28994
GSTO2	-0.62641
SFR1	-0.44685
CALHM3	3.2134
CLRN3	2.6798
ANAPC16	2.6819
PNLIPRP3	1.2717
SFXN4	-0.27066
CPXM2	-0.84076
OR52E2	-0.56133
OR52J3	-1
OR51L1	0.40493
OR51A7	1.1159
OR51S1	0.13375
OR51F2	0.15975
OR52R1	0.033971
IFTAP	-0.27759
OR4C46	5.4469
OR4X2	7.7048
OR4B1	6.1094
OR52M1	-0.77132
OR52K2	-2.0576
OR5P2	1.5577
OR5P3	2.6828
LARGE2	2.4566
SLC36A4	-0.03069
FAT3	4.6189
TRIM64	1.2737
TMEM45B	3.2044
CYP2R1	3.5046
DBX1	-0.31733
POU2AF3	5.1317
PIH1D2	3.0628
NXPE1	1.8813
NXPE2	-0.54792
JAML	0.58757
DNAJC24	7.6536
ARL14EP	5.0286
OR8I2	2.2407
OR2D3	0.33163
OR2D2	-0.28193
OR52W1	0.45151
OR56A4	-0.42544
OR56A1	-0.71201
DEPDC4	3.0396
LRRK2	2.3633
CCDC38	0.86128
TMEM52B	-1.2204
FAM186A	4.1728
NOPCHAP1	-0.29946
OR2AP1	1.4099
OR10P1	0.94202
SDR9C7	3.1422
LRIG3	0.82131
TMEM132D	-2.134
SLC15A4	-0.30683
RHEBL1	3.9827
C12orf54	1.2557
ZNF641	7.7642
OR10AD1	5.5611
TPH2	-0.33792
SP7	3.0943
GTSF1	1.1156
OR10A7	1.9187
KRT74	0.0036398
NEDD1	-7.5512e-6
IKBIP	0.25776
H4C16	2.7908
ERP27	4.9384
FGD4	0.51933
AEBP2	2.2845
ASCL4	-1.1537
ABTB3	-0.1715
SPIC	2.1977
ANO4	1.7111
ALKBH2	-1.1606
FOXN4	3.0416
SPPL3	4.9958
TEX29	1.5143
CSNK1A1L	0.2238
RXFP2	3.4285
TEX26	-0.099742
SLAIN1	-0.023403
PRR20A	0.51852
SPACA7	2.031
TDRD9	0.17538
ANKRD9	4.6554
AK7	3.9357
IFI27L1	0.37189
C14orf28	2.5831
TRAPPC6B	1.3943
CLBA1	1.4238
PLD4	1.9018
ADSS1	1.5218
RNASE11	-0.37786
TPPP2	1.0753
RNASE8	0.13035
MRPL52	1.3604
PSMB11	2.6893
OR4K14	-0.38236
OR4L1	0.20738
OR11H6	-0.31531
LRR1	1.4163
KLHDC1	1.9825
FRMD6	-0.4024
SOCS4	-0.81105
NAA30	0.44879
GPHB5	0.31625
NOXRED1	0.56146
JDP2	0.010658
ISCA2	1.5554
ACOT4	7.5398
TTC8	7.9115
TC2N	-0.040432
SLC24A4	1.4552
SLC25A29	7.1385
DEGS2	5.2145
KLHL33	-0.58777
LEO1	2.701
C15orf40	5.5007
SENP8	2.7311
MTFMT	-0.022105
SLC51B	1.1943
TARS3	0.67116
LRRC28	2.5577
TMEM266	10.374
NIPA1	0.34097
AGBL1	-0.077688
HYKK	2.029
WHAMM	7.0521
FSD2	7.911
PLA2G4E	1.4385
C16orf46	5.3924
NTAN1	1.2878
CEP20	0.17633
DNAAF1	2.6113
ACSM2A	4.5333
DCUN1D3	6.5439
NRN1L	2.6739
CMTM3	0.89335
C16orf78	-2.6757
SPATA2L	6.1094
SPATA33	7.2409
NOXO1	5.7398
CCDC78	2.2451
IQCK	2.9603
ZG16B	1.2432
PAQR4	1.1536
ZC3H18	2.3788
GPR139	0.76699
CDYL2	1.5894
ANKS3	2.3557
UBALD1	1.1129
SEPTIN12	1.7375
KRBOX5	1.295
TMEM219	2.5298
EARS2	2.2127
SNX20	1.4227
TMEM170A	2.2854
METTL23	-0.11991
HSF5	5.2495
OR4D2	0.84759
MSI2	3.7366
SLC38A10	3.0162
CANT1	-1.3518
USH1G	0.33232
CD300LB	0.71257
KIF19	0.064852
ZPBP2	7.6588
CYB5D1	2.6954
OVCA2	2.9164
USP43	0.66733
KRBA2	2.9706
CHCT1	1.6821
SPATA32	6.1343
HEXIM2	3.6992
LSM12	3.8928
CCDC43	2.937
CNTD1	0.74631
TMEM132E	0.66636
WFIKKN2	-0.36727
B4GALNT2	5.657
SPACA3	1.2754
RSKR	0.38344
SEZ6	1.6837
ANKRD13B	4.0678
SLC43A2	2.5869
CYB5D2	0.25242
C17orf49	1.7835
ZFP3	3.2466
GGT6	1.9894
SPNS2	0.52077
EFCAB13	0.92271
MRPL10	2.8095
WDR81	6.0822
TBC1D16	0.83126
AFMID	1.103
GJD3	5.3706
KRT222	0.267
KRT40	1.7693
ZSWIM7	0.62518
MIEF2	2.4389
SLC5A10	3.8552
FAM210A	-0.96426
LOXHD1	1.0321
INO80C	-1.3659
TTC39C	0.10888
DIPK1C	0.91013
CLDND2	-1.143
ZNF816	5.903
ZNF543	0.95619
CEACAM20	-0.30874
RAVER1	2.87
OR7D4	-1.9779
OR7G1	0.02982
OR1M1	0.18819
COX6B2	1.4259
CALR3	2.6002
ACER1	-0.27736
MICOS13	3.4399
MBD3L2	0.67616
TRAPPC5	0.94306
PCP2	1.871
OSCAR	0.48305
ZNF813	-0.37579
ZNF441	-1.7923
ZNF491	-0.50653
ZNF440	-1.2371
SWSAP1	1.7728
CCDC159	0.19023
JOSD2	1.0453
IZUMO2	-0.34989
CPT1C	2.5693
ALDH16A1	1.6852
NTN5	4.6901
NLRP13	-1.0703
NLRP8	-0.68001
NLRP5	-0.7971
ZNF787	-1.0002
ZNF573	6.1094
WDR88	2.6397
TMIGD2	1.0813
EID2B	1.3165
TNFAIP8L1	0.82753
ZNF57	0.33635
IRGQ	-0.84333
ZNF428	-1.0987
JSRP1	4.2214
MOB3A	2.9644
MFSD12	2.2659
GIPC3	1.4921
NDUFA11	-0.54782
MISP	-0.13833
LRRC25	2.8136
OR1I1	-2.675
WTIP	1.6867
ZNF792	3.3511
NR2C2AP	1.2496
HSPB6	5.6479
TEKTL1	-0.85635
CYP4F22	-2.8316
RINL	3.0636
FBXO27	2.3109
PLK5	0.056233
C19orf47	5.1876
OR10H4	-0.58259
ANKLE1	-0.29815
C2CD4C	1.2536
GABPB2	7.1925
TCHHL1	1.3762
RPTN	1.5622
TDRD10	1.5565
SHE	1.5246
KDF1	6.7501
CCSAP	-0.46661
LRRC38	0.53004
AADACL3	0.4135
PUSL1	0.38916
B3GALT6	0.33397
DNAI3	1.7392
KLHDC9	0.082954
AXDND1	0.77582
MAB21L3	0.28785
IFFO2	1.9259
H3C14	3.4159
SLC44A3	1.7588
ATXN7L2	6.1094
CFAP276	1.1782
LYPLAL1	0.72525
OR2M5	0.25005
OR2M3	-1.2437
OR2T12	-0.82334
OR14C36	-0.42982
OR2T34	-0.6442
OR2T10	-0.74802
OR2T4	-0.51211
OR2T11	0.17875
ATP6V1G3	0.73976
ASB17	0.52015
TYW3	0.79718
ERICH3	0.42706
LRRIQ3	-0.3757
TPRG1L	0.62615
PRXL2B	1.6211
MYOM3	2.9272
DMBX1	1.5907
OR10J5	-1.3239
TMCO2	2.4869
ZNF684	-1.1622
TCEANC2	2.3483
PODN	2.8736
LRRC39	2.4526
GJB4	0.52295
HMGB4	-0.72408
RNF19B	0.21051
A3GALT2	1.3749
DCST2	4.074
DNAH14	-0.49411
OR2B11	0.048637
ZNF648	1.2965
TEDDM1	2.1209
C1orf122	3.2101
OSCP1	0.36996
C1orf216	1.1629
KLHDC7A	7.5878
VWA5B1	-0.5241
UBXN10	-0.013152
C1orf87	-0.35306
ARL8A	2.859
SYT2	2.1782
GOLT1A	2.1613
UHMK1	1.5701
FCRLB	-0.15977
WDR64	-0.88273
C1orf131	0.50136
LIX1L	0.8506
SPATA17	0.80738
EDARADD	-1.4853
KLF17	2.9216
TMEM125	6.1094
TSACC	2.7108
IQGAP3	1.8408
NAXE	1.3113
ARHGEF19	3.3413
MRPL55	5.0919
H2BC26	3.1614
DRAM2	0.45655
CIMAP3	0.66068
C1orf162	2.2108
OR10T2	0.42574
OR6P1	0.21819
OR10X1	-0.20341
OR10Z1	0.23672
OR6K6	0.58352
OR6N1	0.93445
TATDN3	1.5587
BHLHE23	0.52282
NKAIN4	0.51615
VSTM2L	0.99323
FITM2	0.78937
WFDC12	-0.01483
SPATA25	0.81136
OCSTAMP	-0.39654
TSHZ2	1.9708
CIMIP1	0.85826
ZNF831	0.11204
TBC1D20	0.40551
SIRPD	-0.041352
C20orf141	4.9586
PROKR2	0.45366
SLX4IP	4.835
CSTL1	0.68551
CST9L	-0.024917
CST9	1.6559
MIR1-1HG	-0.25483
DUSP15	3.4896
BPIFB6	1.2393
BPIFA3	-1.5638
C20orf144	3.5451
CHMP4B	1.8337
PIGU	7.9363
FAM83C	7.6536
GAB4	0.98402
C22orf39	0.55228
TANGO2	3.3112
ZNF280A	-2.0151
SGSM1	-0.56793
EMID1	1.7869
ANKRD54	1.7018
PPP1R21	-1.2418
TRABD2A	-0.12652
TMEM150A	3.1965
NUP35	-0.35997
XIRP2	-0.85605
TYW5	1.2844
NMS	-1.2462
LYG1	0.9277
MITD1	-0.1793
DIS3L2	1.4787
CMPK2	-2.1496
MBOAT2	3.1349
CNTNAP5	-1.1142
TAF8	2.2329
TMEM18	-0.81873
FBLN7	3.1865
NEU4	0.74027
RBM45	2.4385
C2orf73	6.1094
TRIM43	2.2636
BBS5	2.1219
CFAP210	1.7228
ACMSD	5.8261
ICA1L	6.707
FAM168B	-0.34578
OR9A4	2.3752
CIB4	1.2052
REG3G	-2.512
RFTN2	2.7253
CLHC1	1.3104
PLEKHH2	5.2089
AP1S3	2.2648
C2orf76	2.6412
SGPP2	-1.5935
ACVR1C	-0.17567
OSR1	-1.6196
TTC32	3.8186
UBR3	0.94656
KCTD18	-0.028632
FLACC1	1.4662
ZNF513	6.1094
SPATA3	1.532
LYPD6	0.058083
LYPD6B	2.5084
GALM	1.3463
TMEM198	3.161
ZFAND2B	1.0755
TMEM178A	-0.58359
CPO	-0.34009
MDH1B	1.6586
C2orf50	2.5217
SLC66A3	4.1354
TMEM182	0.23582
AHSA2P	2.6564
FBXO36	5.3145
MTERF4	2.1787
CCDC148	0.414
M1AP	1.5445
CPNE4	0.47854
MIX23	7.0227
KCNH8	1.4165
DNAJC19	1.276
OTOL1	2.0774
FAM3D	0.54962
ZPLD1	1.4534
LYZL4	-0.5016
KLHL40	3.2489
TRIM71	-0.03966
FAM131A	2.3433
CD200R1	-0.65673
CHCHD4	6.6367
ZDHHC19	0.41678
CRYBG3	0.10223
DCBLD2	1.3253
LRRC15	0.35315
FAM43A	1.178
TPRA1	2.1238
TMEM42	1.4207
UROC1	2.0357
ERICH6	-0.87809
NUDT16	-0.87181
COL6A6	0.26827
GRK7	3.2818
TMEM207	1.2797
METTL6	2.1597
TAMM41	1.5424
IL17RE	-1.6503
RTP1	0.78988
IQCF1	2.4517
GLYCTK	3.5275
PPM1M	2.4086
SNTN	-0.51913
SYNPR	0.14769
LSMEM2	4.1089
H1-8	2.6718
OCIAD2	3.0554
SCLT1	1.4422
C4orf33	0.53869
SMIM43	1.4148
PABPC4L	2.4196
ADAD1	0.62055
ZFP42	-0.053499
LIN54	3.425
SPATA18	5.4477
FAM241A	-0.39245
TMPRSS11B	-0.11596
GNPDA2	0.59515
SPATA4	1.2596
CPEB2	2.0135
EVC2	1.8948
ARL9	1.4789
AASDH	-0.34776
PDCL2	2.0921
C4orf36	2.6686
PACRGL	-2.2073
TRAM1L1	-1.419
OTOP1	1.4931
ENPP6	0.26961
SLC9B2	6.1094
SETD9	1.0494
IL31RA	0.61904
EMB	1.2899
SLCO6A1	1.9054
C5orf47	2.0222
PPARGC1B	1.2216
MROH2B	1.6981
EGFLAM	0.3128
PRRC1	0.19171
NADK2	-0.70915
UGT3A1	1.611
CAPSL	0.48472
JMY	3.647
C5orf58	-0.63853
ZNF474	-0.96213
CCDC127	0.75003
OR2Y1	1.2215
UBE2QL1	-0.084836
CFAP90	0.50809
ATPSCKMT	0.84505
CMBL	2.3791
POU5F2	-1.1576
DNAJC21	1.0624
AFAP1L1	0.71174
GRPEL2	1.4613
TMEM171	2.2817
TMEM174	2.8527
LSM11	2.268
POC5	3.8418
GPR151	0.82199
STARD4	-1.8465
WDR36	2.2086
NUDCD2	0.024472
UBLCP1	0.39605
ACOT12	0.1905
SOWAHA	6.5513
SHROOM1	7.4482
C5orf24	1.315
ADAT2	-1.5548
RIPPLY2	0.58685
IRAK1BP1	2.4724
CLVS2	0.16288
TAAR9	0.017302
TAAR1	0.42259
STXBP5	1.1901
NCOA7	5.1304
HINT3	-0.15643
PACRG	1.8585
B3GAT2	-0.021113
SDHAF4	1.1931
CD109	-0.55537
RAET1E	1.6088
PM20D2	-0.45118
SRSF12	-0.30582
C6orf141	-0.78276
HUS1B	0.003237
TRIM40	2.757
MUCL3	6.1094
TMEM270	1.4093
TRIM50	1.1837
OR9A2	2.4711
LLCFC1	2.6847
TMEM139	1.9838
NOBOX	-0.05656
OR2A14	-0.13745
OR6B1	-0.54269
OR2F2	0.6855
ZNF786	2.3792
COL26A1	0.96773
PRSS37	1.8662
KLF14	3.0944
SSMEM1	1.4657
C7orf57	0.24711
SVOPL	1.9653
MTPN	0.98994
LRGUK	1.032
ASB10	1.2979
PRSS58	0.9962
MPLKIP	0.35267
SSC4D	2.5053
SPMIP4	0.96535
ASZ1	1.84
CLDN23	7.4668
ZNF572	0.01389
GOT1L1	1.2811
CIBAR1	2.3004
VPS37A	0.26306
NDUFAF6	2.5293
TMEM68	2.7159
ABRA	0.10047
LYPD2	3.1542
NKX2-6	2.6553
TMEM71	1.2989
SGCZ	-1.8393
ADHFE1	-0.39004
UBXN2B	1.4628
PXDNL	0.46485
GPAT4	-0.40429
UNC5D	2.6988
LETM2	1.0179
DCAF4L2	0.55191
RALYL	2.7949
HGSNAT	1.1549
RNF183	-0.20351
NACC2	1.4162
PIERCE1	-1.1672
CARNMT1	4.1224
C9orf57	0.40014
C9orf85	0.55169
CFAP95	0.5883
LCN8	1.5779
DIPK1B	1.3935
PTRH1	1.236
PIP5KL1	6.1094
TAF1L	-0.26118
PTPDC1	2.1291
ARID3C	4.2413
RPP25L	3.6029
SPATA31G1	-0.093961
OR13C5	0.054191
OR13C8	-0.83865
OR13C3	-0.76972
OR13C4	-1.4639
OR13F1	-2.8005
OR1L8	-0.94381
OR1N2	-0.71762
OR1N1	0.85804
KRTAP13-1	-0.56699
TCP10L	1.9842
RNF113B	1.5482
MUC17	1.4867
ASB5	0.57466
ASB6	1.1219
ASB7	4.6188
ASB8	5.7618
MYL6B	1.9642
ZNF358	1.5891
MYO3B	1.5511
RNF32	3.4386
APOBEC3D	1.9023
S100A16	1.8355
CHODL	-0.82113
SELENOM	2.5172
NEK7	1.8114
ZFP28	2.1799
ACTRT2	0.52142
GATA5	5.6018
SLC32A1	3.8537
C20orf96	1.1239
BPIFA2	-0.065749
ZBTB46	6.7474
WFDC3	2.5825
GCNT7	-0.43514
NOL4L	0.98255
CBLN4	-0.11039
CTCFL	6.1094
TRIM69	1.3841
MROH8	2.0117
SAMD10	2.7734
ABHD16B	3.6603
CCM2L	2.2385
BRI3BP	0.65817
MTCL2	1.4527
TLDC2	3.623
RIMS4	0.15037
ANKRD60	1.0657
SUN5	2.8821
MACROD2	5.2734
DYNLL2	2.3252
TMEM37	2.6752
UBE2F	3.9796
ADAMTS14	3.1572
NRSN1	4.5121
SMCR8	1.151
RPL10L	1.9498
TRPM6	0.20926
KRT72	0.029264
SRXN1	-0.41998
ROMO1	6.5665
NEURL2	0.77501
ZSWIM3	1.7065
WFDC10A	2.5424
BANF2	3.2842
NANP	2.9036
DEFB127	-1.0671
SCP2D1	-0.37066
ISM1	1.2417
WFDC6	0.89555
C20orf173	3.2856
RIPOR3	1.2918
CST11	0.22174
DEFB129	-0.57744
ZNF280B	-0.46341
SIRPA	0.38762
SREK1	1.6318
RBBP8NL	4.5544
CNBD2	5.4787
STK35	2.2688
R3HDML	0.79648
DCANP1	1.1589
MIB2	1.922
DUSP19	-0.37374
SLC34A3	5.7826
ITLN2	0.38751
ASB15	2.5737
ASB14	1.0381
ACSM6	3.0241
SAMD8	0.30715
LIPJ	1.6417
TRUB1	3.8891
MPP7	-0.42546
FRMPD2	-0.4819
VTI1A	-0.55854
DYDC1	7.7907
EIF5AL1	1.0197
HECTD2	1.2674
FGFBP3	4.3007
SPMIP5	1.0391
CACUL1	0.89138
SYT9	-0.76828
LDLRAD3	0.55205
PSMA8	0.50366
OR52B4	0.56229
C11orf40	0.26262
OR52I2	1.0252
OR51E1	0.3315
XRRA1	3.0512
UBQLNL	4.8235
MUC15	1.2287
FREY1	2.6076
FAM76B	0.8314
SESN3	-0.45346
PIWIL4	-1.0323
ARHGAP42	2.2599
KBTBD3	0.64485
CWF19L2	-0.17224
POGLUT3	1.5464
LAYN	4.4085
TTC36	2.4632
SPINDOC	-0.0548
PLEKHA7	4.3127
SPTY2D1	2.8885
TMEM86A	0.41616
OR10A5	-0.13832
OR2AG1	0.035447
DNHD1	0.12767
PRICKLE1	5.4783
AMDHD1	0.66416
SLC2A14	-0.75264
OVOS2	1.1915
BCDIN3D	3.8568
ALG10B	1.5418
GLIPR1L2	-0.18187
RFLNA	-0.5584
ZNF664	6.1094
ETFRF1	1.327
CPNE8	0.52133
TMEM120B	3.2194
CFAP251	5.6042
GLT1D1	-0.97892
TSPAN19	0.85512
BEST3	0.48973
E2F7	1.66
KRT80	-1.7507
CFAP54	1.4009
A2ML1	-0.24323
KICS2	-0.87109
C12orf60	4.1821
FBXL14	-1.2637
RAD9B	1.5213
PHETA1	3.7366
FAM216B	0.32851
LACC1	3.0035
HNRNPA1L2	-0.72775
B3GLCT	1.4496
RDH12	5.5423
GSC	0.84715
SERPINA12	1.795
PRIMA1	1.0948
MIPOL1	7.1426
PPP1R36	0.046511
SLC38A6	1.7087
ARMH4	-1.0708
ABHD12B	0.2498
PTGR2	1.023
FAM161B	1.0313
LRRC74A	2.223
ISM2	1.9796
CEP128	1.449
MDP1	-0.060083
TTC7B	2.5015
LRFN5	-1.1479
TERB2	1.9582
C2CD4A	0.20851
LYSMD4	1.5641
FAM81A	0.92479
GCOM1	3.5134
PIERCE2	1.3515
PGPEP1L	2.2226
C15orf61	0.84913
C15orf32	-1.5858
HAPLN3	0.12778
MESP2	-0.10087
TMCO5A	1.2903
SPATA8	0.36924
NRG4	7.4345
ZSCAN29	3.4641
TTBK2	2.1176
CDAN1	1.4444
SLC38A8	2.0156
VWA3A	2.7189
OTOA	-0.36946
ZFP90	6.0566
CARMIL2	2.8148
KCTD19	2.777
CMTM4	1.0138
CMTM2	0.47437
BEAN1	1.7419
TEKT5	0.78085
RNF151	6.1259
PRR35	3.2524
FBXL16	2.8653
C16orf92	3.1312
GSG1L	-0.29365
SLC22A31	4.4382
IL34	2.5095
ZNF597	2.7239
BICDL2	-0.74179
TMED6	2.9338
ZNF785	2.0129
ZNF688	0.54638
PRSS36	2.8397
C16orf89	0.048698
DNAAF8	2.6038
MGAT5B	-0.053077
TOM1L2	6.2379
TEPSIN	1.9387
B3GNTL1	0.78276
RBFOX3	0.92285
CD300LF	2.2208
CD300LD-AS1	1.4852
DNAH2	0.49744
RTN4RL1	0.20766
EFCAB3	1.9748000000000001
SLC47A2	4.2312
CDRT15	-1.3808
CFAP52	1.0806
CCDC42	1.4627
PIK3R6	-0.746
ODF4	1.5873
C17orf50	0.24462
SLFN13	0.91171
SLC35G3	0.63483
UNC45B	-0.18011
CD300LG	-0.29526
KIF18B	1.0659
RUNDC1	5.3963
EME1	1.5466
TMEM199	1.6693
PROCA1	1.8939
DHRS13	2.8543
KCTD11	1.6
NOTUM	2.2511
TMC8	3.2221
TRIM16L	2.2008
WIPF2	3.8335
KRT25	2.6114
KRT10-AS1	0.74291
SCGB1C1	1.2877
STARD6	-0.41109
ARK2N	0.51403
CCBE1	0.29127
CBLN2	1.1611
SLC25A52	1.8296
DSG4	-0.36084
ANKRD29	1.2608
APCDD1	4.6655
VSIG10L	0.71608
C19orf84	-0.54025
ZNF480	0.92851
ZNF534	1.8176
ZNF578	1.1984
ERVV-1	1.2281
SMIM17	-0.2686
C19orf18	1.8723
ZNF418	-0.044874
ZNF417	-0.30664
ZNF548	1.1311
PPM1N	0.79084
KLC3	0.99674
IGSF23	0.89655
LYPD4	0.10404
ZNF560	1.1853
TMEM190	0.94462
HIPK4	3.2315
TMC4	0.67143
ZNF524	3.4867
ZNF784	2.5839
ZNF563	2.0048
SPC24	1.6493
KASH5	-0.079554
DACT3	2.0456
SIX5	2.8667
IGFL2	-1.3776
ZNF420	7.5239
ZNF565	1.8337
NLRP4	-0.4876
ZNF582	0.63526
ZNF583	0.38164
FAM98C	1.2396
CAPN12	5.9064
DPY19L3	3.287
LGALS16	-0.45538
TTC9B	5.6014
TICAM1	1.9507
ZNRF4	-0.77225
ZNF599	1.0825
FAM187B	2.4955
CILP2	5.9978
PROSER3	4.2316
ZNF558	-1.3552
CDC42EP5	-2.4184
ZNF98	1.8448
ZNF714	0.60611
ZNF681	0.48627
C19orf25	0.043028
ATP8B3	0.11947
DIRAS1	2.5485
ZNF555	1.1563
ZNF569	6.3837
ZNF570	6.6956
SYT6	0.95419
C1orf74	1.2697
CREB3L4	1.7107
C1orf127	-0.66059
BROX	0.49213
SAMD11	2.3587
SAMD13	0.18151
C1orf52	2.0553
PHF13	-0.73887
CIART	6.1094
TLCD4	-0.16235
NBPF4	0.91424
UBE2U	-0.23331
SLC35F3	0.65346
HJV	0.79789
ANKRD35	1.4551
FAM163A	1.0536
B3GALNT2	2.8486
MFSD4A	4.0152
PM20D1	1.1854
GCSAML	0.19906
SLC30A7	1.6346
CCDC27	2.5299
KNCN	0.62132
MOB3C	1.8381
GLIS1	5.3545
LELP1	-1.5671
RC3H1	1.1499
DCDC2B	1.4935
ZNF362	1.8478
DCST1	6.1094
CNIH3	-1.2722
MANEAL	2.7879
IL23R	0.43438
NTMT2	1.1336
FAM78B	0.13784
SHISA4	4.6518
EXOC8	2.3463
TRIM67-AS1	0.074545
PDIK1L	1.977
BNIPL	6.1094
CLDN19	0.59129
CFAP57	5.5097
C1orf210	7.2943
CCDC24	2.3369
BTBD19	-0.70278
CCDC17	6.1094
LRRC71	-0.35539
SRARP	6.3282
RNF187	2.5747
PYHIN1	2.0783
SPATA45	1.1068
GARIN4	1.8718
ADIG	1.0871
GTSF1L	0.18641
WFDC5	0.040608
SHLD1	-0.65738
COMMD7	6.1825
BPIFB4	0.68257
LSM14B	-0.068606
LIPI	-0.50762
LCA5L	0.0083215
IGSF5	2.0585
SIK1	1.5922
SLC9B1	7.0364
CCT8L2	-0.8785
XKR3	-1.6092
AIFM3	0.96847
RIMBP3C	3.0477
YDJC	5.0303
C22orf15	5.2577
HSCB	2.1965
CCDC117	1.0666
HORMAD2	6.5587
DUSP18	2.8144
C22orf42	0.96083
ENTHD1	2.2934
DNAJB7	3.4629
CHADL	3.4514
MEI1	5.0706
PHETA2	6.1094
NFAM1	4.6169
PNPLA5	0.88897
CDPF1	1.4644
TTL	0.96186
CKAP2L	2.8618
ZNG1B	1.1057
TEKT4	-0.30197
SMYD1	-1.5558
C2orf15	-0.38565
OTOS	0.96918
COPS9	0.35527
OR6B3	-0.66797
COMMD1	1.1232
PROM2	0.35243
ANKAR	4.6437
FBXO41	5.6415
IFT70B	0.7667
GPAT2	4.828
ITPRIPL1	3.0321
RAB6D	0.3833
FAM117B	1.6458
TCF23	5.7525
GAREM2	2.616
PUS10	1.6103
SEPTIN10	-0.65916
KANSL1L	5.3186
PLB1	0.099656
ZSWIM2	1.9444
ZNF385B	2.2917
ERFE	4.9081
ARL6IP6	1.9169
METTL21A	6.3277
CCNYL1	0.85506
KLHL23	2.8305
PPP1R1C	5.856
SGO2	0.47767
C2CD6	0.28664
SLC38A11	0.81368
CCDC140	-0.34029
SLC23A3	0.047233
GPBAR1	4.7086
FAHD2B	0.20669
LRATD1	0.65604
RMDN2	-0.84169
GDF7	2.1211
SLC16A14	1.6554
ASPRV1	1.6962
WDSUB1	-0.29044
UPP2	1.7265
GPR155	2.4958
TTC14	2.2719
DTX3L	3.6357
TAFA4	0.4015
SGO1	2.3513
PP2D1	1.8068
EFHB	1.1581
PPM1L	3.113
WDR49	1.464
LRRC34	-2.2313
CPNE9	1.1467
DPPA2	1.8395
CCDC80	0.38589
BTLA	1.3481
CCDC12	0.71946
MB21D2	-0.95477
PPP4R2	4.9456
XXYLT1	2.4884
RNF38	-0.073003
GLIPR2	0.81918
ROPN1B	2.4483
C3orf22	2.3094
SLC66A1L	2.949
ZCWPW2	-0.65262
CMC1	-1.3589
NEK10	1.234
LINC02877	-1.4794
CCDC50	0.10494
PYDC2	1.0946
SPICE1	0.65282
CMTM8	1.0638
CCDC13	1.6648
FGD5	1.4372
CNTN4	-1.1217
IGSF11	2.5499
TEX55	3.2076
ZNF827	3.9666
SH3D19	-0.32012
NFXL1	-0.42634
NIPAL1	-1.1913
PAQR3	2.616
SHISA3	2.9273
SCFD2	4.4336
MGAT4D	-1.6254
ZNF595	-0.41173
FAM218A	-3.0027
JAKMIP1	-2.2074
THAP6	1.9013
ODAPH	3.0747
KLB	4.5971
FAM53A	1.9209
PPM1K	2.905
SPMIP2	2.2936
TRMT44	0.85453
RASGEF1B	1.3497
DAB2IP	1.8433
SLC38A9	1.2812
SLC36A2	5.429
SPINK13	1.2072
CREBRF	3.1008
CEP120	2.6446
SLC25A48	1.8636
TMEM167A	1.362
MBLAC2	1.3705
TMEM161B	1.5918
SRFBP1	-1.9944
PLEKHG4B	1.9053
ZMAT2	0.77717
MARVELD2	7.2878
IRX2-DT	-1.3971
IRX2	-1.796
BTNL9	1.5584
ARSK	-2.1844
FAM81B	-0.81188
TTC23L	3.0924
CCDC112	-0.85823
GARIN3	1.1001
PRELID2	-0.44992
SH3RF2	-0.20049
PLAC8L1	-1.3457
RNF145	1.1392
ZC2HC1B	1.1061
SNRNP48	0.9003
CNKSR3	5.8476
RAET1L	-0.31562
SAMD3	1.778
SLC2A12	2.2943
MBOAT1	2.153
HDGFL1	-1.1599
PNLDC1	3.7327
RNF217	1.1059
NKAIN2	-0.42099
KHDC3L	1.7189
CFAP206	0.74086
CCDC167	1.6367
RUNDC3B	2.9027
ABCA13	-0.82865
BMT2	0.28936
CLEC2L	-0.29253
FMC1	3.383
VKORC1L1	5.2779
AMOTL1	0.29274
IQUB	0.01659
LINC03043	2.1776
KCTD7	5.3015
LINC02903	-0.62489
TMEM213	2.8458
GIMAP8	-1.3364
CRYGN	1.5368
ZNF425	2.6696
ZNF746	-0.030246
ATP6V0E2	-0.068059
SLC2A7	0.91132
AMZ1	1.0448
METTL27	2.0931
VPS37D	3.1365
RBM33	1.9785
AGR3	0.65545
PRAG1	7.5435
PEBP4	0.81941
CDCA2	0.57477
TMEM65	2.4351
RDH10	1.3014
ANKRD46	-0.42492
ESCO2	1.7192
FBXO16	0.14922
LRATD2	1.9309
CFAP418	0.60162
VPS13B	0.097486
TDRP	-1.6409
ERICH1	0.42985
SLC7A13	6.8242
TMEM74	-1.3226
FAM91A1	3.4207
C8orf48	2.6909
MCMDC2	-0.16073
CLVS1	-0.40139
NKX6-3	-0.45119
KCNU1	1.3622
SBSPON	-0.022724
CAMSAP1	0.90388
LINC02907	0.10206
DOCK8-AS1	2.3232
LINGO2	-0.30812
NXNL2	1.9542
C9orf163	3.3415
MAMDC4	2.6061
LCN6	0.46403
AK8	3.7787
OR1Q1	-0.79207
TTLL11	0.40427
RASEF	-0.97869
TTC39B	3.3561
TRMT10B	0.55678
TTC16	1.3019
FAM120AOS	2.1601
SAXO1	-0.25965
FREM1	-0.69307
KIAA2026	0.68315
ZNF483	2.2014
SHOC1	0.69886
KIAA1958	-0.84331
TSTD2	0.3277
ZNF782	1.451
LOC158434	1.3506
PRUNE2	-0.40691
USP54	5.6682
NKX2-3	-0.12168
SLC35G1	-0.17516
CFAP58	1.6384
SLC5A12	-0.077206
DEUP1	2.1792
PATE1	1.8848
C11orf65	1.6789
LDHAL6A	2.1048
C11orf42	-0.50214
TMTC2	1.9941
CLEC12A	-0.81121
CLECL1P	-0.13831
TMTC3	-1.3775
C12orf50	0.28436
ALDH1L2	1.2234
LMNTD1	-0.52829
DENND5B	7.8412
TAMALIN	4.0133
SLC5A8	0.54421
PPTC7	1.1078
CCDC63	-0.29286
CCDC60	-0.22075
DGKH	8.6657
CCDC122	2.9502
GPR180	2.4901
STOML3	-1.7393
GARIN2	0.098544
TMEM229B	0.041951
SYNE3	1.4457
CLEC14A	1.8388
FITM1	-1.5246
REM2	3.6349
TMEM30B	1.5751
MDGA2	0.55422
SAMD15	1.9765
NOP9	2.3725
EML5	7.4675
STRC	3.6529
CFAP161	2.4117
TBC1D21	3.0093
DNAAF4	1.1797
OTUD7A	-0.37601
SPRED1	1.6936
CIMAP1C	7.8482
PGBD4	-0.6148
ADAL	3.3713
EXD1	7.1434
FSIP1	-0.0062468
ZFPM1	3.115
ADAD2	2.851
ITPRIPL2	-0.21715
C16orf82	-0.38332
ZFP1	-0.43922
ANKFN1	2.2536
MARCHF10	2.2804
MFSD6L	1.074
SLFN5	-0.27000999999999997
NAGS	3.8527
RETREG3	1.9304
TMEM92	-2.1315
PHOSPHO1	4.2557
RHBDL3	1.6722
TRPV3	0.089932
SLC16A11	1.336
FBXO39	1.1656
SPPL2C	0.20758
KRT28	0.20433
ZNF519	1.9281
C18orf54	-0.52457
ELOA3P	3.4862
ZNF836	-0.40759
ZNF610	-2.0458
ZNF600	1.2549
ZNF320	5.8723
ZNF497	0.86804
ZNF550	-0.014161
ZNF296	-1.018
DEDD2	2.3463
ZNF846	0.047139
OR7D2	-0.93169
ZNF579	1.2978
ZNF791	2.4784
ZNF564	2.7538
ZNF709	0.99029
ZNF433	1.3439
ZNF114	0.02743
ZNF567	2.4059
ZNF383	6.4967
ZNF781	6.1094
EID2	1.1608
ZNF780B	1.2929
PRR22	-0.72806
LGI4	-0.04785
SYNE4	1.4411
ZNF676	1.2086
ZNF100	2.4813
ZNF540	7.0665
DENND2C	5.1108
GBP6	1.5035
PLPPR5	1.3377
FNDC7	1.2061
DENND1B	1.0964
TDRD5	0.0025847
TOR1AIP2	4.3571
CALML6	4.9331
IFNLR1	2.6197
CITED4	-1.0738
CIMAP2	-1.4978
SPRR4	0.6472
KANK4	-0.42667
SASS6	2.4661
SDE2	1.936
CNST	1.8355
FAM43B	0.91883
HFM1	0.51959
PAQR7	3.7983
TTC24	1.0378
CCDC185	-0.33702
UBL4B	0.1102
WFDC13	1.0378
APCDD1L	3.7548
LRRN4	1.4084
TTLL9	1.6351
CCDC116	3.8918
CABP7	6.1094
TMPRSS6	0.43506
APOBEC3H	1.6228
WBP2NL	6.5374
TTLL8	1.2865
DAW1	-0.7135
LONRF2	2.7496
CCDC138	0.30566
ADGRF3	1.697
TEX44	1.6021
OXER1	-0.0053805
TOGARAM2	1.7063
FAM171B	2.1396
C1QL2	1.4081
UBXN2A	0.62459
CLEC4F	1.1727
DQX1	4.0004
PARP15	2.4532
SPTSSB	2.6028
DNAJB8	2.194
GPR156	1.8927
XIRP1	3.3214
RNF168	2.268
CHST13	2.3997
PRICKLE2	1.04
KBTBD12	1.4536
AFG2A	3.8671
BBS12	1.3899
DCLK2	2.926
ADGRA3	0.054184
TRIM60	-0.92636
FREM3	2.8262
MMAA	3.6699
ZBTB49	2.0071
TIGD2	2.93
RASSF6	1.34
RBM46	-0.5229
SGMS2	1.4245
MIER3	1.4715
CDC20B	-0.39803
UGT3A2	1.2164
TENT2	1.6431
DCP2	4.0762
NIM1K	4.6193
LIX1	1.3127
ZNF366	2.4629
FAM151B	0.74882
PRSS35	0.60954
LCA5	-0.2638
OLIG3	-0.22365
TXLNB	-1.5076
DACT2	0.038042
C6orf118	0.48716
ZNF92	3.1168
GALNTL5	0.2518
ZNF679	-0.8924
RNF133	-0.55492
THAP5	0.39408
CCDC71L	1.3949
PKD1L1	-1.3339
GIMAP7	-0.83417
ZNF467	1.7452
BHLHA15	2.3666
BMPER	1.3038
ZNF800	0.99524
CNBD1	-0.052264
SLC30A8	-0.44283
COL22A1	0.09691
SNX31	0.21402
TMEM64	0.75515
ZNF596	-0.45568
IDO2	0.077375
STKLD1	2.7275
KCNV2	-0.28915
OLFML2A	1.8743
TMEM252	7.6273
QSOX2	6.0808
GLIS3	5.2349
ZNF883	-1.5172
ZNF169	2.899
FAM170B	2.3862
TMEM273	1.9783
FUT11	6.6517
OIT3	0.34926
LINC02870	2.3755
PWWP2B	1.0385
SSBP4	1.7147
CLEC4C	0.54715
ACTL10	4.4092
DHX36	6.7204
HTR3C	1.4273
GIMAP1	0.39423
GPHA2	0.85703
S100Z	1.8815
COMMD6	1.4168
PSORS1C1	7.5375
PSORS1C2	8.7604
ADAMTS15	0.94411
ADAMTS16	1.9114
ADAMTS17	1.0866
ADAMTS18	1.4223
COX7B2	-0.32928
GSX2	1.0052
KCNG3	-0.31144
PPP1R18	4.257
ZNF431	2.0785
ZNF721	0.36594
ANKRD24	1.2347
ZNF384	1.5483
ADAMTS19	3.2147
ASXL1	1.2079
SYNPO2	3.1867
SPACA4	3.1752
RHOV	3.353
NLRP6	1.1007
ZNF675	0.47695
CLYBL	-0.049113
SPTSSA	-1.0837
PTCRA	3.2733
POLR3H	4.655
ABHD3	6.1402
PLAC4	-1.5929
PGAM5	1.0218
B3GNT6	1.0144
HIGD2A	1.2996
KRT24	0.079122
CYS1	3.1642
AGO3	0.50676
AGO4	1.7924
SCAMP5	5.8641
SDR16C5	1.1777
PRXL2C	-0.03731
ZNF367	2.183
ANTXRL	-0.18638
PLPP4	-0.050686
METTL15	6.5351
MPZL3	0.95133
IMMP1L	4.274
OR56B4	-0.32861
KRT78	0.082629
RILPL2	0.41318
DNAH10	4.6468
AMN1	4.8578
DTX3	3.3994
TMT1B	0.53184
LINC02909	-0.83079
ZFC3H1	1.5879
MYRFL	1.1543
PLBD2	0.058385
GARIN6	-0.79091
CCER1	1.5571
EEF2KMT	-0.82081
PIANP	2.7549
DCP1B	-0.32282
ANO6	0.32484
ARID2	2.4403
METTL21C	2.2028
VSTM4	0.99544
PAOX	-0.76876
FAM24B	0.7232
ADCY4	2.6076
FAM227B	6.0926
CT62	1.4754
GRAMD2A	2.5057
LCTL	1.466
UBR1	3.053
PATL2	2.193
LDHD	-1.2865
FCSK	1.7105
MLKL	1.5679
ZNF778	6.2439
ACSF3	5.8246
WDR90	4.4587
EME2	1.78
CASP16P	3.8768
NLRC3	5.0395
NSMCE1	-0.78703
ZNF48	4.4681
LKAAEAR1	7.7731
DZIP1L	-0.39633
TTC21A	1.8104
MCEMP1	1.2231
ZNF627	0.86243
DAND5	6.4104
ZNF585A	6.1094
NLRP7	-0.027204
GGN	1.1502
CADM4	-0.75045
THAP8	1.8127
U2AF1L4	4.726
ZNF626	1.6622
NIBAN3	-0.61764
ADM5	3.6809
LCE4A	-0.22952
ALG14	0.54556
FAM76A	0.41118
PDE4DIPP3	-0.2235
FYB2	1.0024
TMEM201	-0.49832
TMEM61	0.20899
CYP4Z1	-0.056138
FAAP20	6.7307
CDCP2	-0.025011
SLC5A9	0.059164
CC2D1B	1.2702
NUDT17	1.3028
TXLNA	1.392
DYNLT5	0.056838
PLD5	0.97524
SPMIP3	0.37601
SPAG17	0.53281
SLFNL1	1.5286
KRTCAP2	7.5082
CRTC2	2.1604
IBA57	6.58
FAM209A	-0.11547
RNF215	3.2005
APOBEC3A	1.3155
APOBEC3F	1.1972
FOXD4L1	1.6403
CFAP221	1.3703
VWA3B	-0.38234
CREG2	0.9515
TET3	3.054
GKN2	0.17903
SPMIP9	-0.67663
ANKRD23	0.81761
APLF	1.4465
PIKFYVE	-0.68359
KRTCAP3	7.4909
FAM237A	1.4852
TMEM17	0.92838
SPRED2	6.4566
TIGD1	-1.5435
ALG1L1P	2.7719
CFAP20DC	-1.839
KCTD6	2.7499
LIPH	2.5794
ARL13B	-0.86368
DHFR2	-0.18325
HTR3D	1.225
RPL22L1	4.5803
SLC51A	1.1349
FBXO45	1.8481
KLHDC8B	7.2141
MUC20	2.4381
GABRR3	-0.97023
CEP112	2.3356
DHRS7C	-0.44915
TVP23C	-0.70417
CENPV	-1.524
FLCN	3.5947
PLD6	4.739
ARHGAP27	1.2592
ZNF385C	1.2165
SAMD14	3.4845
LYRM9	1.0006
SLC16A13	1.8989
SPEM2	2.1458
CENPX	3.0259
LRRC45	2.0418
SLC39A11	2.1956
TRIM65	5.5184
UNC13D	6.1094
RDM1	0.60943
SPNS3	-1.6401
FBXO15	-0.62842
RAB12	0.58475
ZBTB7C	3.6479
ZNF584	1.6734
ZSCAN4	0.49093
HACD2	2.1138
STT3B	2.9336
DNAH12	3.9781
PDE12	4.8202
DENND6A	4.4096
TIGIT	0.61884
C4orf46	0.56385
SLC10A4	3.1496
TIGD4	1.0483
TMEM154	-0.77795
SMIM14	2.2486
TMEM192	-0.44512
RWDD4	0.91997
PRIMPOL	0.40816
TAPT1	1.3671
SPATA24	1.1815
DNAJC18	1.6154
FAM153B	0.10132
RANBP3L	-1.0923
CCDC125	7.2377
GAPT	0.087491
CMYA5	-0.09473
STK32A	0.28031
TCTE1	1.9475
KHDRBS2	0.98213
TRIM39-RPP21	6.9405
C7orf33	1.059
TMEM184A	3.0661
ADCK5	1.6239
TSNARE1	0.357
TUBB	6.642
R3HCC1	0.53226
PRSS55	3.4923
C8orf74	3.5709
HTRA4	1.4908
ADAM32	0.33991
ERICH5	-0.192
LGI3	1.1828
TMEM268	0.26421
C9orf72	-0.78089
CCDC171	1.1158
NAIF1	1.1304
FAM219A	2.3161
CCDC107	1.3824
ANKS6	1.72
SUSD3	1.385
ANO5	2.3184
CERS3	0.9064
PDILT	8.4201
NLRP11	0.22743
HIPK1	0.13097
SLC44A5	1.0668
AMER3	-0.2471
C2orf69	0.85486
DIPK2A	-1.5486
SENP5	1.2395
USF3	0.21714
TRIML2	0.048280000000000003
LVRN	1.3486
SLC36A1	2.3635
C6orf163	1.9809
SAMD9L	0.9866
AMER2	1.0614
ATAD3C	0.62657
USP12	5.6045
PLAC9	5.2231
MTIF3	0.92811
GSX1	-0.24583
OR8U1	2.5167
OR4C16	4.3969
OR4C11	3.0452
OR4S2	3.9518
OR4C6	3.301
OR5D14	4.0536
OR5L1	3.0416
OR5D18	2.7099
OR5AS1	1.9302
OR8K5	2.9252
OR5T2	2.5896
OR8H1	2.4561
OR8K3	2.5296
OR8J1	2.8992
OR8U3	1.68
OR5M3	2.5306
OR5M8	2.2546
OR5M11	2.9153
OR5AR1	3.0945
LRRC55	1.0362
SMTNL1	-0.48499
YPEL4	6.6303
MED19	6.1157
TEX47	-1.3275
ZNF804B	-0.20695
FOLH1B	-0.48405
CABCOCO1	-0.39657
TMEM26	-1.0696
ZCCHC24	3.858
ENKUR	1.8492
ARMC3	1.0275
UNC5B	-0.33896
STOX1	3.6906
FAM241B	1.013
TYSND1	2.6038
ZNF25	1.5477
GJD4	0.13667
CCNY	4.587
RTKN2	1.2575
TBATA	-0.67079
KCNJ5-AS1	-0.31832
HYLS1	0.97089
TMEM218	-0.084617
SLC37A2	0.16003
OR8B12	0.12557
OR8G5	-0.11025
OR10G8	0.87114
OR10G9	0.69896
OR10S1	1.6094
OR6T1	0.63605
OR4D5	0.56771
TBCEL	0.14187
TLCD5	1.2108
MRPL21	1.8139
TPCN2	7.4572
SPATA19	-0.35876
OR6Q1	2.7514
OR9I1	1.9187
OR9Q1	2.4943
OR9Q2	0.65071
OR1S2	0.28077
OR1S1	0.3063
OR10Q1	1.3948
OR5B17	0.52615
OR5B21	1.4522
GLYATL2	1.1015
MPEG1	0.15633
OR5A2	-0.70056
OR5A1	-1.0758
OR4D6	-0.82247
OR4D11	0.40573
PATL1	2.8612
OOSP2	-0.0010514
MS4A15	0.63317
VWCE	1.4324
CYB561A3	1.3757
SAXO4	-0.69321
GDPD4	1.7367
DDIAS	1.6798
CCDC83	3.7427
LTO1	3.2358
LRTOMT	1.2086
ERICH6B	0.22839
CBY2	-0.49438
DLEU7	6.0093
FAM124A	1.2599
SKA1	0.13705
CFAP53	1.412
GTSCR1	0.86235
DOK6	1.0379
ATOH7	7.3228
OTUD1	1.2515
HEPACAM	-0.17523
OAF	1.6908
TIGD3	1.7936
FAM181B	-0.065926
CCDC89	2.7192
LRRC63	-1.2114
RNF152	1.5948
ZNF438	3.2411
SLC16A9	2.0639
FAM13C	1.8182
MARCHF8	3.3585
ZNF22-AS1	0.32334
HNRNPA3	6.1094
ZNF485	2.8158
RASGEF1A	1.9027
REEP3	6.2912
JMJD1C	6.4674
UCMA	-0.42834
RPP38-DT	1.0799
FAM171A1	4.7725
SLC39A12	-0.73893
NSUN6	2.8189
ARL5B	2.8604
LRRN4CL	2.1039
HNRNPUL2	1.6912
ALKBH3	-1.7063
EEF1AKMT1	3.7383
SKA3	-0.12388
MICU2	-1.5618
SPATA13	1.5824
CPNE2	-0.90296
ADGRG5	0.23257
PRSS54	0.48231
CES5A	-0.43166
AK9	1.6354
NT5DC1	4.5873
CALHM4	-0.33631
ZUP1	-0.21842
FAM162B	0.82949
TBC1D32	1.626
BEND6	0.98982
GSTA5	6.1094
OPN5	-0.030819
ADGRF4	2.7584
ADGRF5	2.91
TDRD6	1.115
SPATS1	0.062506
LINC03040	1.863
RSPH9	2.7271
LRRC73	3.6687
OARD1	0.7763
KIF6	3.0847
TMEM217	0.199
FGD2	0.30598
PI16	3.4706
C6orf89	2.5026
ARMC12	3.4375
SMIM29	7.3065
LEMD2	4.0228
ZBTB9	4.0182
ZBTB12	7.7768
C6orf136	4.9379
H2AC1	4.9319
KDM1B	1.4484
RBM24	0.87823
RNF182	1.4215
PHACTR1	2.5709
SMIM13	0.7137
SYCP2L	0.40163
PXDC1	-0.66778
ZSCAN25	2.3906
FAM200A	1.4475
VWDE	0.74099
PRPS1L1	0.5302
POLR1F	-0.047457
SP8	1.2956
JAZF1	3.1159
PPP1R35	3.0486
GPC2	1.3385
BRAT1	1.21
SDK1	1.4426
FOXK1	3.3583
MMD2	0.43887
DAGLB	2.0918
CCZ1B	1.7903
THSD7A	-0.16957
VSTM2A	0.66999
TMED4	4.1536
MTURN	1.6527
PRR15	1.8504
SRRM3	6.7181
RSBN1L	6.2519
ELAPOR2	-0.2573
LRWD1	5.6455
FAM185A	2.7159
FBXL13	1.9716
NAPEPLD	2.632
ATXN7L1	4.7082
CDHR3	0.64782
BEND7	3.2111
LNX2	2.621
ADGRG3	-0.29036
HS3ST5	-0.73515
GPRC6A	1.8785
RFX6	2.2441
SLC35F1	0.67263
FAM83B	3.9216
ADGRF2	2.5951
TSPO2	0.85418
UNC5CL	1.5655
KCTD20	1.6631
PXT1	2.3759
LHFPL5	0.88284
SCUBE3	4.1338
ZSCAN23	7.2604
NKAPL	7.2251
FAM217A	0.77708
TMEM130	0.95076
FERD3L	-1.2865
NYAP1	2.7569
SLC29A4	0.84315
RSPH10B	0.6133
ITPRID1	0.98351
ZNRF2	2.4304
SEMA3D	4.0205
MAPK15	6.1094
SPDYA	0.56492
MS4A6E	0.94846
VGLL2	1.8347
CNPY4	0.26371
DEFB108B	-0.10389
DEFB110	1.2501
DEFB112	1.0713
DEFB113	-0.070521
DEFB114	-0.077479
DEFB115	2.5107
DEFB116	2.7136
DEFB119	2.8464
DEFB121	3.1188
DEFB123	3.3085
DEFB124	2.8663
DEFB125	-0.2895
DEFB128	-0.96066
ATP6V0D2	4.6091
ATP6V1C2	1.7516
CNOT6L	3.8108
GAS2L2	0.028547
CDC26	-0.050954
SLC17A8	2.0408
RNASEH1	0.42058
AFG1L	3.4406
STAC3	6.1094
PELI3	6.1094
POLR2J2	-0.13828
STH	0.16756
SPESP1	0.73309
IL27	4.059
TMEM9	1.9365
ZNF396	3.7186
NEIL2	4.603
STXBP4	0.16661
FNDC5	0.64497
HEPACAM2	0.59744
TECRL	-0.73945
PRR14L	4.9063
EPHX4	0.9528
SERHL2	3.1915
RICTOR	2.5722
EIF4E1B	1.4256
IPMK	1.8511
ZBTB38	6.4952
SLC25A30	-0.16984
LCLAT1	3.9137
CADM2	0.45563
TMEM244	2.0638
GPATCH11	0.82249
ZNF620	0.072941
ANKRD18A	-1.1689
MMS22L	2.2919
WASHC2C	2.1054
EBF3	1.0575
WDR27	1.1534
CERS6	2.8361
MSRB3	1.5694
ZDHHC20	-0.3466
ANGPTL5	-0.79676
YTHDF3	0.95801
RALGAPA1	0.12247
SFTA3	-1.0428
KCTD13	3.095
ASPHD1	3.0581
ETFBKMT	3.6464
METAP1D	2.5732
UBN2	1.0715
LRRC43	0.29158
EHBP1L1	6.1094
SNX32	6.9894
FBXO33	1.3335
TTLL10	-0.045218
TSGA10IP	5.9542
RNF169	2.7931
CALHM5	-1.016
BPIFC	-0.95598
LCORL	1.1125
CNIH2	3.6531
AKNAD1	1.0768
TBC1D28	2.2722
PHYHD1	-0.033278
ZDHHC24	5.3577
MCM9	1.3672
PROSER2	0.1076
SLC41A1	2.5404
C11orf86	2.4103
MEIOB	0.83513
LPCAT4	0.56255
NUDT8	2.7813
LYG2	0.56637
VXN	-0.60029
OR6C74	1.4773
OR6C3	-0.18466
NAALADL2	-1.3511
TMEM256	1.676
OR2T6	-0.5868
ZDHHC23	1.5249
LCE5A	-0.91655
KRTAP15-1	-0.95872
MORN5	-0.57727
OR1L4	0.89989
CALHM1	4.5542
MPV17L	0.45549
TMEM86B	2.0281
CBARP	6.7229
TAC4	1.9785
CFAP65	0.84622
TMCO4	0.72112
CFAP299	0.58053
PLA2G4F	1.3917
TXNDC8	1.6152
MCOLN2	-0.80856
ANKK1	1.1134
LRRC57	2.6574
MYADML2	2.3962
EPGN	-0.413
LHFPL7	1.1858
MBLAC1	0.49261
TCP11L2	0.60406
ZNF718	0.55887
RASGEF1C	1.9521
RNF144B	1.0949
ELMOD2	-1.8687
H2BC1	4.9275
COL24A1	2.8173
OR52B2	0.9266
PCSK9	4.7748
NPNT	0.48743
DYNLT2B	1.5938
PDZD9	2.9428
INAFM1	2.088
SMCO1	2.631
C19orf38	-0.2338
BCL6B	2.5014
CNEP1R1	4.0798
SYT14	2.7936
PAN3	1.2528
ANKRD31	2.0352
LINC01619	2.4571
ZNF549	-1.0152
COL6A5	1.3817
SYCE2	7.6659
TMEM196	0.86501
OR4C3	7.4751
OR4S1	7.4307
HMCN2	1.2233
CDRT15L2	-1.5955
STEAP1B	5.7896
NUDT14	2.7857
PTF1A	2.0778
NATD1	-0.44995
CCDC110	-1.4111
LMNTD2	1.2938
GK5	6.7043
EML3	0.49501
SCML4	3.8942
SERPINA11	1.271
ST6GALNAC3	0.20934
MFSD8	1.6623000000000001
TMEM151A	3.9198
TCERG1L	-0.95741
LYSMD2	2.7597
NUTM1	0.81866
MAMDC2	-0.37046
GLIPR1L1	-0.24587
WDR72	10.512
C10orf67	1.6536
OR51F1	-1.5353
NPB	0.36243
KANK3	1.3747
HEATR9	0.39407
SUN3	-0.26664
SERINC5	-0.44875
FRMD3	-0.18103
CATSPERE	-0.94486
CATSPERD	2.5073
PLCXD2	0.45297
ZNF683	1.4542
ARHGAP30	0.58045
GCSAM	-0.8197
RNF214	2.3588
C9orf43	2.8903
CFAP126	1.1474
NEGR1	0.85103
GPX6	3.6149
SHPRH	3.2897
CCDC96	2.9752
UTS2B	0.9884
SNX33	8.1259
C2orf72	5.7204
FAM133B	-0.38924
ANKS4B	5.4639
SVIP	1.8898
ALS2CL	2.6271
NCR3	7.2026
LY6G6F	6.1094
HSPA12A	0.57491
SGMS1	5.3858
NALCN	-0.099005
TMIE	1.9932
WFDC11	1.988
WFDC9	2.9137
MRGPRX1	-0.18099
ASPM	1.1489
BOD1L1	2.29
TAS2R39	-0.9379
TAS2R40	-0.50356
TAS2R41	-0.31109
TAS2R43	0.057337
TAS2R31	0.64738
TAS2R46	0.23135
TAS2R30	0.57066
TAS2R19	0.88636
TAS2R20	0.91277
TAS2R50	0.99725
IL4I1	4.3863
SPATA31F1	-0.51123
CYP4X1	-0.7404
MAGI3	2.1943
PRSS33	1.6658
PYDC1	0.66545
FDCSP	0.51678
TIPRL	-0.050681
STEAP2	2.9852
NPHP4	-1.7257
OFCC1	-0.52688
SEC14L3	3.131
BEST4	0.16997
HS6ST3	1.9512
MDGA1	2.3777
NPAS4	5.4513
RGL4	2.0486
NAP1L5	2.4137
ADGRF1	0.53503
PGBD2	1.781
PGBD3	1.4929
DAOA	-1.0177
ATP5MGL	6.2987
SELENOH	6.7548
WFDC10B	1.411
IFNL2	1.0024
IFNL3	1.2411
IFNL1	0.56004
AQP11	4.0756
OR51B5	0.36366
OR10AG1	1.7155
OR5J2	2.8748
POC1B	0.29732
ZNF311	7.3463
C10orf53	6.9657
FUOM	-0.99085
JAKMIP3	-0.61946
STK32C	-0.34531
BLOC1S2	1.5385
RBM20	2.7249
MKX	3.9662
C10orf126	2.1853
OR4C13	4.535
OR4C12	4.8895
CSNK2A3	0.56537
OR51V1	0.36048
TRIM49B	7.0862
MAJIN	0.90059
SLC25A45	6.8339
BCL9L	6.9056
FOXR1	2.4424
CCDC153	6.1744
OR8D1	-1.9028
OR8D2	-2.201
OR8B4	-0.14745
LINC02873	-1.7372
OR9G4	2.9687
P4HA3	1.701
PGM2L1	3.0972
KLHL35	0.34373
KCTD21	2.4292
CRACR2B	1.4355
TMEM80	1.7511
CCDC88B	2.6544
TTC9C	1.5997
SLC22A24	0.39616
RCOR2	2.0171
HARBI1	3.7461
IGSF22	-0.044909
OR10A4	-1.0689
OLFML1	0.69637
OTOGL	0.15038
CD163L1	-1.0917
ZNF740	-0.60971
RASSF3	-0.21511
B4GALNT3	4.4678
OR6C6	-1.0995
ANKRD52	4.2382
SLC39A5	4.2663
SPRYD4	6.123
ADGRD1	-0.13407
MORN3	1.6226
LINC02874	-2.3406
DPY19L2	0.56301
CLEC9A	-0.74557
GAS2L3	0.068884
MYO1H	1.8345
HECTD4	5.8652
KSR2	3.2227
GATC	3.4511
C12orf40	1.4267
MUC19	1.1989
GXYLT1	4.3097
TMPRSS12	3.6508
CHAMP1	3.1874
SIAH3	0.50269
KCNRG	2.3728
SLC46A3	-0.20254
GPR137C	-0.43354
PROX2	0.54144
ZDHHC22	-0.49848
TMED8	2.891
C14orf178	-0.2022
LINC02914	0.10807
SLC25A47	6.557
TSSK4	0.0098612
FAM177A1	5.9433
CEP170B	4.7793
TEDC1	2.1372
SLC24A5	2.9915
PRTG	1.5687
REC114	1.1368
GOLGA6L2	1.9024
OR4N4	0.29995
LINC03034	1.135
SAXO2	3.6463
FAM98B	0.29927
PLA2G4D	0.25454
GOLGA6L1	-2.1234
FAM169BP	0.34762
FBXL22	3.273
NOMO2	-1.4022
TERB1	2.6165
CES4A	2.1597
EXOC3L1	1.8193
NPW	6.3654
BRICD5	1.5259
PGP	1.6342
C16orf54	-0.33503
INO80E	2.5957
NUDT7	1.669
ZNF843	0.31295
NHLRC4	3.533
UQCC4	2.0493
TMEM114	-0.85281
CLEC18C	2.5515
FADS6	-0.11146
HID1	0.92637
TSEN54	1.5761
UBALD2	1.8576
TMEM235	-0.65057
CCDC57	3.9676
HEXD	0.33452
VMO1	1.3091
C17orf58	3.8058
MILR1	1.5338
CDRT4	1.8618
KANSL1	0.14671
CFAP97D1	-0.19543
FAM171A2	1.9922
MEIOC	2.6932
TTLL6	4.5548
NEK8	2.5521
PIGW	5.7894
C17orf78	0.01904
CISD3	3.6473
GSDMA	5.018
SLC13A5	0.81615
TMEM102	3.4098
CAVIN1	3.9427
SLC26A11	-0.12444
ENDOV	-1.9619
GDPD1	4.134
NDUFAF8	1.8971
TMEM105	3.369
LGALS9B	2.6986
METRNL	1.5067
LAMA1	-0.43857
KCTD1	1.7293
DYNAP	-2.1343
BOD1L2	0.04483
SIGLEC15	2.4085
PTGR3	2.0112
SMIM21	1.2801
HMSD	0.55769
SSC5D	-0.0032186
ZNF547	1.5344
ZIK1	1.0644
ZNF776	-0.24126
ZSCAN1	0.70286
ZNF780A	1.1279
ACTMAP	3.9115
PRR19	3.9231
TMEM145	4.0557
CXCL17	1.0024
ZNF575	-0.036559
LYPD5	-0.18999
ZNF283	-0.316
PPP1R37	0.63906
NKPD1	0.33712
TPRX1	-0.66753
MAMSTR	7.0934
IZUMO1	7.4715
EMC10	0.79569
KLK9	-1.4931
SIGLECL1	-0.024491
ZNF615	0.029963
ZNF841	0.16688
ACTL9	-0.085521
OR2Z1	0.95709
ZNF763	0.57767
ZNF844	1.3794
SCGB2B2	1.9243
WDR62	1.7888
ZFP82	2.1851
VSTM1	-1.6827
TMEM150B	0.31772
GARIN5B	1.2628
SMIM24	2.3524
SLC25A41	-0.34916
MBD3L5	1.3597
OR10H5	0.5596
NWD1	0.85205
SLC25A42	1.494
ZNF493	0.87011
CIMAP1D	1.2771
ZNF875	6.4053
TAFA3	6.1094
RIIAD1	1.2123
THEM5	1.9179
C1orf167	1.0663
OR2L13	-0.6078
SLC9C2	0.7775
OR14A16	0.47397
CYP4A22	0.32186
C1orf185	4.1606
NBPF15	1.8267
EEIG2	0.82031
SYPL2	6.1094
CYB561D1	6.1094
ANKRD34A	0.26553
RUSC1-AS1	4.9624
RSPO1	2.2036
EPHA10	1.5665
SNHG28	-0.44913
SPATA46	2.4159
ZNF326	0.19949
BTBD8	2.1818
RIMKLA	0.019884
SLC25A34	3.4631
LINC02910	-1.0384
SIRPB2	1.6665
C20orf203	5.7454
KRTAP13-4	-0.72265
SEC14L4	1.9782
SH2D6	2.7767
CCDC150	-0.19424
RNF149	2.4892
ALKAL2	7.1905
CCDC141	6.4953
STPG4	-0.65855
RTP5	0.35195
FAM240C	-0.46062
DNAJC5G	7.6776
ERICH2	1.6909
IAH1	2.5956
HYCC2	1.6941
UNC80	5.5254
RUFY4	1.3876
RGPD4	0.024283
DUSP28	-0.067834
SLC9A9	-0.51465
EOGT	3.6367
EPHA6	-1.1042
FBXW12	7.2591
C3orf38	-0.43991
HTR3E	0.90251
ZNF619	2.1732
ZNF621	-0.62044
RABL3	2.1378
PRR23E	1.549
IGSF10	0.75201
C3orf33	1.2804
CCDC66	1.3531
SLC9C1	-0.67189
TCAIM	1.8852
ZNF852	1.9724
ZNF660	0.82528
SUMF1	0.85142
RPUSD3	-0.10235
PRRT3	2.5566
DPH3	-1.0486
C3orf70	1.869
TPRG1	1.1151
IQCM	0.11697
DCAF4L1	-0.44859
CYP4V2	1.5607
DOK7	6.8925
RNF212	5.4338
AGA-DT	-1.0055
GPRIN3	3.8113
COX18	-0.79018
YIPF7	0.17633
FRYL	3.2611
RNF175	-1.9117
FAM200B	0.40599
STPG2	-0.21492
C4orf54	2.1644
EFCAB9	-0.35544
SH3PXD2B	-0.23239
FAM153A	1.6665
ARL10	4.2268
KIAA0825	0.39584
GPR150	0.57905
DTWD2	0.75312
RELL2	3.3784
RIMOC1	1.603
SLC36A3	4.2454
KIF4B	-0.081879
OR2V2	1.5346
C5orf64	-0.14364
RNF180	-0.25543
SREK1IP1	0.56067
ZNF454	1.6221
C5orf60	0.17537
RGMB	2.6095
CEP57L1	-0.43216
PPIL6	2.5821
DCBLD1	1.6257
CAGE1	1.85
PRR18	0.17038
PNPLA1	1.8275
TREML4	1.7055
RPL7L1	3.9606
POM121L12	0.29445
CNPY1	-0.89857
LINC02860	0.68887
SPDYE1	0.7061
TCAF2	-0.054779
ZNF775	-1.1263
ATG9B	5.1909
ZNF789	1.6324
LSMEM1	0.11866
XKR6	9.4412
NSMCE2	2.9342
ZNF707	3.6315
FAM83H	6.1087
MICU3	2.0298
LY6S-AS1	-0.033436
ZFP41	0.1567
SCARA5	2.0144
TRIQK	-1.6808
DPY19L4	4.2318
FBXO43	0.55688
NKAIN3	1.8096
PPP1R42	-0.68843
CRB2	-0.032748
SCAI	4.0984
CFAP157	1.8594
SPATA31E1	-0.17348
LINC02843	0.37099
LCN12	1.8125
PAXX	0.90157
TPRN	6.1256
TUSC1	0.81997
FAM78A	0.70251
LURAP1L	0.093019
OR13C9	-0.70731
OR13D1	0.17643
ILDR1	6.1094
STON1-GTF2A1L	2.0297
TRARG1	0.55278
LIN9	1.057
TRIM59	2.1935
KRT6C	-0.22856
TRIM42	-1.2748
EIF4E3	2.2061
FAM149B1	6.9329
RFESD	1.3305
VN1R2	1.1392
VN1R4	0.37614
VN1R5	-0.37915
KLHL10	1.6961
DHRS4L2	0.88926
C14orf39	4.0654
CCDC85C	1.3902
H2AC21	3.4055
DDX51	2.0605
TTC6	4.6249
TAAR6	0.46731
KRT73	0.85288
ZAR1	3.1096
RAB37	2.0595
MMAB	3.0655
SERPINA9	1.1782
PPM1J	7.2573
SNAI3	2.2917
H3C15	3.4159
UBAC2	2.3126
CHSY3	1.7726
KRTAP7-1	-1.1984
KRTAP8-1	-1.3097
KRTAP11-1	1.0332
KRTAP19-1	-0.56001
KRTAP13-2	1.7356
KRTAP13-3	-0.47712
KRTAP23-1	0.73803
KRTAP6-1	0.18747
KRTAP6-2	0.18511
KRTAP6-3	-0.0070445
KRTAP19-2	-0.27281
KRTAP19-3	-0.42401
KRTAP19-4	-0.60287
KRTAP19-5	-1.1276
KRTAP19-6	-0.59743
KRTAP19-7	-0.72078
KRTAP20-1	0.32923
KRTAP20-2	0.22281
KRTAP21-1	0.072647
KRTAP21-2	0.29516
KRTAP22-1	0.34808
KRTAP20-3	0.23833
FAM151A	1.7336
NLRP9	-1.1199
NLRP10	-0.84126
NLRP14	1.8712
S100A7A	-0.45041
GPIHBP1	-0.21098
CLEC4D	-0.91391
IFNE	-2.2578
TAS2R60	-0.42467
ANO9	2.0295
HCAR2	1.0526
FFAR4	4.2954
KCNK18	1.8519
ST8SIA6	-0.072172
DUSP29	0.76304
LUZP2	1.2608
CENATAC	3.5207
TMEM225	-0.48869
OR8D4	-0.074414
VSIG10L2	2.934
OR5F1	2.0881
OR5AP2	3.0039
ANKRD13D	2.5233
ANKRD42	1.2044
B4GALNT4	3.3955
OR52L1	0.14332
OR2AG2	-1.424
C1QL4	3.0112
TMEM119	-0.14552
KRT79	-0.35192
TAFA2	0.15016
SLCO1B7	-0.22483
C1QTNF9	-0.30989
RNASE10	-1.0936
VSX2	1.3787
TMEM202	0.19165
PRSS53	2.5702
RAB43	-0.15755
JMJD8	4.0345
CIBAR2	-0.092807
TMEM95	1.8822
METTL2A	2.4135
CCDC144NL	0.74109
C17orf67	3.789
ENPP7	1.795
OXLD1	5.5327
CCDC137	6.2726
ARL16	6.6024
LINC02693	0.70448
MSL1	6.1094
LRRC30	-0.76448
CPLX4	-0.41256
ZNF181	0.66703
ZNF260	7.3616
ZNF546	0.63851
MYPOP	1.4684
NANOS2	1.2638
ADAMTSL5	-1.2707
CLEC4G	0.34178
LINGO4	1.5869
RXFP4	6.1765
ANKRD45	0.76751
C1orf174	1.8516
KLHL17	0.21126
TMEM240	-0.47271
TMEM52	4.9439
BRINP3	1.5128
ZBTB8OS	1.8935
TFAP2E	-0.93282
ZNF678	1.4074
PRSS38	1.0656
CCDC190	-0.10738
ARMH1	0.24352
ZFP69	-0.59311
SLC35E4	3.9935
CIMIP4	1.9439
SPOPL	-0.079526
CYP27C1	-1.2101
MROH2A	0.99089
ESPNL	5.5952
CIMIP2C	0.64872
PRR30	3.6053
C2orf74	1.3985
CCDC39	1.5358
IHO1	6.7508
KY	2.4118
BALR6	0.975
APRG1	1.1792
GADL1	5.8334
PRSS42P	1.0204
CCDC158	6.4936
TMPRSS11A	-0.60288
TRIML1	-2.6889
LRRC66	6.1094
NAT8L	1.716
SLC6A19	4.8319
STING1	1.9507
FAM170A	1.2
ARSI	2.2454
ANKRD34B	3.7829
SLC35D3	0.88351
ZC3H12D	1.1414
MYLK4	2.3255
DPPA5	1.6584
CLPSL1	0.88551
TREML1	0.749
ZNF680	0.31554
UNCX	7.2388
COL28A1	0.90615
ABCB5	0.045831
FAM221A	-1.4103
CTAGE6	2.221
TSPAN33	2.0353
AGBL3	1.7475
KLHL38	1.5644
NRBP2	7.1038
ZNF517	0.65746
TMEM249	0.85022
RSPO2	2.4766
POTEA	0.21409
ZDHHC21	1.738
ACER2	1.7606
LIPM	-0.52211
CYP26C1	7.7731
VWA2	2.6391
NANOS1	-1.0089
LRIT2	-0.34142
HMX3	0.1984
MALRD1	-0.12569
EBLN1	1.687
OR52B6	5.3614
OTOG	3.7315
DCDC1	7.5203
POU2AF2	2.83
MS4A10	-2.013
OR2AT4	0.66006
HEPHL1	-1.2843
OR10A2	-1.1628
OVCH2	1.0609
SMCO2	0.16348
OVCH1	-0.088045
SYT10	0.64615
ACSM4	-0.71763
ANKRD33	3.938
OR6C2	-0.16602
OR6C4	0.70831
H1-7	6.1094
OR8S1	0.65173
FREM2	1.5111
NEK5	-1.285
OR6S1	-1.2685
SLC35F4	1.3055
COX8C	2.6113
GLDN	3.406
GOLGA6A	2.4751
TMC3	-0.035351
ZNF774	-0.47458
FMN1	4.745
C16orf96	1.727
ZKSCAN2	1.868
ATXN1L	6.7345
PKD1L3	5.4888
CD300E	0.10011
SMTNL2	1.8864
NACA2	0.57751
KRT27	2.2528
SLFN14	-1.4842
STAC2	6.1094
ANKRD62	-0.60546
VSTM2B	0.70584
ZNF850	5.2695
NCCRP1	2.5678
SYCN	2.5572
LEUTX	-0.32973
ZNF404	-1.3138
ZNF284	0.53113
C19orf81	-0.72801
ZNF677	1.1823
RFPL4A	-0.24458
ZSCAN5B	1.6286
ZSCAN22	0.45797
NANOS3	0.24775
PALM3	6.6525
RD3	5.016
AADACL4	-0.9711
HNRNPCL1	-0.33998
PRAMEF10	-2.1944
CCDC18	4.4653
OR6F1	0.077066
OR2W3	0.43922
OR2T8	-0.26816
OR2T3	0.77461
MYBPHL	6.1094
OR10R2	0.55996
FCRL6	1.0446
KCNT2	1.6259
BARHL2	1.4706
NBPF7P	1.4961
DYNLT4	-1.0884
OR2T29	-0.022917
ARHGAP40	1.9573
RSPO4	-0.35161
TGM6	0.72604
XKR7	2.95
MSGN1	0.34624
CRACDL	-0.35924
FIGLA	1.5371
NOTO	4.8126
NCKAP5	1.2931
FOXI3	-0.99867
EVX2	6.1094
CDKL4	0.16088
GPR148	-0.20405
LRRIQ4	-1.4048
SAMD7	0.30091
AADACL2	-0.55024
GPR149	5.6324
ZNF860	1.348
TMPRSS7	0.31532
CD200R1L	-0.23124
PAQR9	0.89353
RTP2	3.6166
OSTN	-1.1489
ATP13A5	1.3843
PRSS48	0.10577
SOWAHB	0.50085
LRIT3	-0.7259
MSANTD1	2.7804
SLC10A6	2.5696
HSD17B13	2.8872
PFN3	6.1094
ZNF879	0.29031
PLCXD3	0.78121
IRGM	1.2307
MCIDAS	0.2287
ACTBL2	0.74438
FAM174A	1.1362
MTX3	0.25279
RSPH4A	-0.46871
ECT2L	0.2209
EYS	1.726
ZNF391	5.5424
ZFP57	6.2206
SEPTIN14	3.7729
MACC1	1.3918
OR6V1	1.527
OR2A12	0.19888
OR2A1	0.23647
GNAT3	-0.58434
MOGAT3	1.7586
GARIN1A	0.1687
STRA8	1.5678
KLRG2	2.1699
SLC10A5	2.0563
ADGRD2	0.92425
QRFP	0.31297
OR1J1	0.28617
OR1B1	-0.83898
KIF24	4.0771
IGFBPL1	-0.82099
CAVIN4	6.8606
TUBB8	1.2009
LRRTM1	1.3114
LRRTM3	2.9078
CATSPER3	2.8208
TUBB2B	0.48115
SLC35B2	4.223
SERINC2	3.2144
NME9	2.143
OTOP3	1.4613
C6orf52	-0.62201
TBX10	3.3154
GATD1	2.3917
AMIGO2	1.2242
TMEM255B	-0.41297
RBPMS2	3.9115
ANKDD1A	0.18406
ARPIN	0.066655
ACSM2B	6.1143
CLEC18A	1.8941
CTU2	2.8497
SKA2	6.1299
MCRIP1	2.4122
SELENOV	1.6564
ZNF530	1.1025
SHISAL2A	2.6542
FAM131C	2.3715
MIR3667HG	0.58681
GEN1	1.1711
WDR53	1.5762
LNP1	3.0193
CFAP100	0.63531
SLC6A18	1.9304
NIPAL4	4.7297
HCN1	1.0223
NUP43	3.5142
ZNF713	7.5504
WDR86	1.6605
GJC3	3.5584
NMNAT3	2.3705
PLET1	-0.87335
RTN4RL2	0.71555
GPR142	-0.36296
DNAAF3	2.086
CASTOR3P	2.6381
C6orf58	-0.097922
ZNF429	1.633
RAET1G	1.894
RILPL1	1.7598
LCE1A	-1.3126
LCE1B	-0.38164
LCE1C	0.52954
LCE1D	0.75993
LCE1E	0.48607
LCE1F	-0.43028
LCE2A	-0.027628
LCE2C	-0.7059
LCE2D	-0.30222
LCE3A	0.9195
LCE3B	0.56955
LCE3C	-0.099725
LCE3E	-0.98984
TBC1D26	-1.2438
TAS2R42	-0.03017
ZACN	1.0556
SLCO4C1	0.84684
KAAG1	5.5156
PADI6	-0.27007
ZNF445	1.9572
KRT26	2.5184
RGSL1	1.6122
ANKRD37	-0.72768
KRTAP12-2	-1.2291
SPATA12	1.4849
KRTAP12-1	-0.62984
KRTAP10-10	-0.53679
GPR141	-0.77745
ZNF233	-0.618
TICAM2	0.13723
POLN	2.7625
BMP8A	1.2605
LILRA5	0.41513
BPIFB3	0.77695
DPPA3	-0.061929
RFLNB	0.92155
IRF2BP2	2.6277
ZBTB41	1.8042
NANOGNB	-0.482
TMPRSS9	-0.73869
GLT6D1	-0.31541
PRAC2	2.0328
PRSS41	0.58054
GSTK1	-0.049084
USP50	4.8629
USP41P	0.45694
DND1	1.1813
FBXW10B	-0.77796
NDUFS7	3.5165
PTCHD3	-0.15643
NHLRC2	1.0112
CCDC172	1.9849
GALNT18	-1.4573
NCR3LG1	2.3067
FAM111B	-0.90981
TMEM179B	1.495
TBC1D10C	0.89984
DNAJB13	0.539
KRT77	-0.80392
PTPRQ	0.71808
C12orf42	1.0832
ASPG	1.6094
TEX9	-0.78548
KIF7	3.2374
ZNF710	1.2712
HDDC3	2.5594
SPMIP8	-0.076012
SPEM1	1.926
EFCAB5	3.0632
LRRC37A3	-1.3184
ANKRD30B	1.4965
CCDC178	1.5497
ATP9B	2.8902
PEAK3	2.4625
HSD11B1L	3.1895
SAXO5	1.3089
ZNF699	2.7863
TMEM205	0.26296
YJEFN3	3.3804
SBSN	2.6194
ZNF829	5.1303
ZNF568	7.284
B3GNT8	-0.27778
IGFL1	0.27863
ZSWIM9	0.18124
ZNF773	-1.025
DRAXIN	1.9692
SPATA21	5.8756
SVBP	-0.6288
TEX38	1.1365
MROH7	1.8474
MIGA1	3.9016
PEAR1	0.80168
SFT2D2	-1.8662
MIA3	-0.89055
STUM	0.81038
FAM89A	1.1994
PFN4	1.9015
FAM228B	3.6773
ANKRD36	-0.36125
RBM43	2.5379
CERKL	0.15302
CATIP	3.7125
RBM44	3.9543
AQP12A	0.32115
LHFPL4	1.6797
TOPAZ1	1.644
C3orf62	7.5937
STIMATE	6.2031
NRROS	0.23794
C5orf34	1.2044
MAST4	3.7008
SIMC1	4.2053
GJB7	2.3183
VWC2	0.5863
TRIM73	0.75936
NAT16	1.9999
SLC26A5	0.90039
LHFPL3	0.22715
KCP	2.2429
SPATC1	4.1056
ENHO	1.0623
PTAR1	1.6907
ERCC6L2	2.1098
SWI5	-0.079326
C9orf50	1.0359
PNPLA7	4.4773
AGRN	4.5145
CYSRT1	7.0514
LRRC10	3.1829
RAB15	0.011312
SLC27A1	-0.030886
ZC3H6	2.317
KLHL30	5.0978
PRSS45P	2.3485
USP17L2	-0.4141
CA13	5.2326
ENTPD8	1.987
TRIM74	-0.374
CENPS	2.9375
CATSPER4	2.8937
NHLRC1	-0.12899
RNF148	-0.71941
KCTD8	-1.6328
KCTD4	0.24948
IL31	0.85391
KRTAP10-4	-1.2914
KRTAP10-6	-0.69799
KRTAP10-7	-0.2378
KRTAP10-9	-0.026469
KRTAP10-1	-0.95567
KRTAP10-11	-0.56232
KRTAP10-2	0.61685
KRTAP10-5	-1.7337
KRTAP10-8	-0.066453
KRTAP10-3	0.66595
KRTAP12-3	-0.77702
KRTAP12-4	-0.5606
KRTAP10-12	-0.55457
AMIGO3	4.7198
MRGPRG	-1.8088
ZKSCAN4	8.0766
SUMO4	1.7492
CENPW	2.5677
MTCL3	0.4814
CEP85L	3.7935
NPSR1	-0.96803
C6orf120	1.8335
KRTAP5-1	0.7486
KRTAP5-3	0.87314
KRTAP5-4	0.73038
KRTAP5-10	0.46063
TBPL2	-0.7893
NSUN4	0.84631
THEMIS	-0.98324
RASL11A	5.0896
GPR153	1.2886
PEDS1	0.081939
PEDS1-UBE2V1	-0.2991
ILDR2	-1.0081
SLC22A25	1.2803
SKIDA1	3.3426
WASHC2A	1.9106
SH2D4B	4.9976
GPR15LG	1.3779
SLC16A12	5.1443
CC2D2B	3.1834
ENO4	0.93001
ARMS2	3.6307
TEX36	0.022755
IFITM5	5.9111
OR56B1	-0.88067
INSC	0.17304
FIBIN	1.46
C11orf96	0.41639
SLC22A10	1.3621
SPDYC	2.4675
LIPT2	-0.14902
VSTM5	0.32697
CLEC2A	-0.28236
CLEC12B	-0.61695
REP15	0.75688
CCDC184	7.1081
C12orf75	-0.078006
CFAP73	-0.36319
TMEM233	1.2785
KMT5A	-0.13318
C1QTNF9B	0.39636
SHISA2	0.3203
NHLRC3	-1.5354
SERP2	0.088289
TOMM20L	1.1765
RTL1	0.12273
TMEM179	-1.4811
CCDC9B	0.77243
TNFAIP8L3	5.4593
C2CD4B	1.0673
INSYN1	2.6012
PRR25	1.4278
SBK1	0.63896
C16orf87	1.4938
LINC02911	1.9658
LOC388282	0.5203
C16orf86	3.2585
GLTPD2	1.2368
INCA1	4.7654
SCIMP	3.0957
C17orf100	2.343
SPDYE4	1.3587
TMEM220	0.028094
SHISA6	-0.19664
LRRC75A	-0.21645
TMIGD1	3.3476
CCL4L1	0.45738
SPMAP1	1.8945
CCDC103	1.1249
RPRML	2.3616
YPEL2	5.2205
LINC02875	6.1094
BTBD17	0.67697
LOC388436	0.01972
POTEC	-0.32701
CLEC17A	-0.66732
ZNF728	1.4209
RGS9BP	6.1094
KRTDAP	1.3929
ZNF790	5.8632
CEACAM16	2.2168
BLOC1S3	-0.0047123
MEIOSIN	3.2672
IGFL3	-0.58568
ZNF808	0.069589
ZNF888	6.7926
ZNF761	-0.73807
TMEM238	0.37013
ZNF470	2.3929
ZNF749	1.275
ZNF324B	0.8557
C1QTNF12	0.59326
HES5	2.0496
SMIM1	2.9394
RNF207	0.60738
TMEM82	3.3283
TRNP1	2.465
CD164L2	6.2602
TRABD2B	0.69897
LDLRAD1	2.7326
GBP7	2.4468
C1orf146	0.67563
DIPK1A	1.5116
SLC6A17	3.187
LINC02868	-0.27675
LYSMD1	6.1094
HRNR	1.3128
FLG2	1.6208
CFAP141	1.7544
C1orf53	0.39083
TMEM81	-1.5521
CAPN8	2.0943
COA6	2.8938
LINC02897	0.02228
LINC03086	1.2039
EFCAB8	3.9848
FAM209B	-0.273
KRTAP26-1	0.95258
CCDC188	2.7258
LRRC75B	1.3484
MFSD2B	1.8777
PCARE	0.26117
TMEM247	3.315
TSPYL6	4.0647
C2orf78	6.1094
BOLA3	3.7202
C2orf81	4.2786
C2orf68	2.4745
SLC9A4	6.7911
SP5	0.42602
PLEKHM3	1.3872
C2orf80	0.72162
RESP18	2.3365
SNORC	6.1094
OR6B2	-0.43348
ZNF662	-1.8702
CDHR4	5.1699
INKA1	4.8627
IQCF2	2.8683
IQCF5	3.3214
MUSTN1	5.739
VGLL3	2.1227
PRR23B	-1.345
PRR23C	-1.6006
PLSCR5	-0.20373
ANKUB1	1.7204
LEKR1	1.0363
TMEM212	3.0535
C4orf50	0.044992
LOC389199	-0.75041
SMIM20	0.23833
BEND4	1.4707
GRXCR1	-0.63069
TMPRSS11F	-0.31634
LRRC14B	1.7455
ANXA2R	3.9437
SPMIP10	0.507
PROB1	1.0753
C5orf46	-0.32881
ARHGEF37	0.60478
PSMG4	1.0862
SFTA2	6.1094
CLPSL2	0.71559
BNIP5	0.36122
GLYATL3	0.56333
GFRAL	3.4308
LIN28B	-1.0138
SAMD5	1.6992
IYD	3.1725
NUPR2	5.7162
GTF2IRD2B	0.043626
LAMTOR4	-0.41649
FEZF1	-0.097169
FAM180A	0.33207
LOC389602	4.5212
XKR5	0.5808
NUGGC	4.0519
LINC03042	0.46358
ALKAL1	-0.16247
XKR9	0.023075
LINC02906	0.86884
RBM12B	2.5772
MROH5	1.4362
MAFA	3.6748
SPATA31D4	-0.23129
SPATA31D3	-0.72673
SPATA31D1	0.26622
C9orf153	1.1673
IER5L	0.94361
CFAP77	-0.766
LCN15	1.891
AJM1	2.1651
LRRC26	5.3131
MYMK	0.64765
C1QL3	1.8482
NKX1-2	2.3907
OR52K1	-1.178
OR52I1	1.3469
OR51D1	0.7933
OR52A5	-1.6499
OR51B6	0.082587
OR51M1	-0.55038
OR51Q1	0.24405
OR51I1	1.4818
OR51I2	0.93795
OR52D1	-0.26824
OR52H1	7.6431
OR52N4	0.52814
OR52N5	1.052
OR52N2	0.37299
OR52E6	0.37445
OR52E8	0.39687
OR52E4	-0.31605
OR56A3	-0.13891
OR56A5	-0.056036
OR10A6	0.39457
ACCSL	0.39108
OR4X1	7.683
OR5D13	2.8049
OR5D16	2.482
OR5W2	2.0894
OR8H2	2.2
OR8H3	2.0374
OR5T3	2.612
OR5T1	2.7311
OR8K1	2.2524
OR5M9	2.4118
OR5M10	2.5473
OR5M1	2.7556
OR9G1	3.064
OR5AK2	0.48129
OR5B2	0.72564
OR5B12	1.0644
OR5AN1	0.77642
OR4D10	0.062575
OR4D9	0.82947
OR10V1	2.2837
LRRC10B	-0.95026
GPR152	0.051289
TRIM77	-1.1969
IZUMO1R	0.21023
KDM4E	-0.97046
BSX	1.148
OR6X1	-0.013152
OR6M1	0.0050496
OR10G4	0.51455
OR10G7	0.53056
OR8B3	0.77091
OR8A1	-0.95456
OR6C1	-0.084062
OR6C75	-0.58529
OR6C76	-0.79982
OR6C70	-0.13076
OR4N2	-0.92098
OR4K2	-0.86086
OR4K13	0.12584
OR4K17	0.2631
OR4N5	0.51811
OR11G2	-1.2132
OR11H4	0.28233
RNASE9	0.07758
OR5AU1	-1.4178
SERPINA2	1.191
OR4M2	0.66656
KBTBD13	1.5995
UBAP1L	2.7287
SKOR1	2.0325
ANKRD34C	-0.47385
GDPGP1	3.3799
OR4F6	0.65829
OR4F15	1.6156
C1QTNF8	0.56425
PTX4	2.6842
PABPN1L	0.79116
ARL5C	2.9169
KRT39	2.0312
ONECUT3	0.35939
LOC390877	1.4034
OR7G2	-0.21928
OR7G3	0.25548
OR7A10	0.93002
NUDT19	7.4499
ZNF793	7.3234
ACP7	2.7304
ERFL	1.913
PINLYP	-0.18894
ZNF805	2.0125
HES3	1.0699
PRAMEF12	0.071427
PRAMEF18	-0.26218
PRAMEF17	-0.19423
PLA2G2C	0.4675
FRRS1	0.84066
VHLL	3.2813
OR10K2	-0.071337
OR10K1	0.74785
OR6Y1	0.016923
OR6K3	0.092851
VSIG8	-0.90779
OR11L1	0.77931
OR2L8	-0.66899
OR2AK2	-1.9425
OR2L3	0.35422
OR2M2	-0.78789
OR2T33	-0.72157
OR2M7	-0.8765
OR2G6	1.2887
SPINT4	0.71804
LOC391322	0.02707
PTRHD1	2.8776
SULT6B1	-0.25573
DYTN	1.0658
TRIM61	-2.5792
HELT	-1.1797
OR2A25	0.064209
GDF6	0.58973
SMPD5	3.5359
FAM221B	-0.42375
OR13J1	-0.18509
OR13C2	-0.0046332
OR1L6	1.3521
OR5C1	0.61112
OR1K1	1.3927
LCN9	-0.8653
ELFN1	1.3061
AGMO	1.2567
IQCA1L	1.6844
GRID2IP	2.3871000000000002
OR2A5	-0.60917
MUC21	3.9815
SPRED3	1.1093
TMEM200B	1.2975
SLC25A35	4.382
MEX3D	1.8656
EEIG1	5.9223
HEATR4	6.887
MYO18A	1.0191
SHC4	0.81603
CTXN2	3.0146
MIR1915HG	3.5521
C10orf120	-1.4493
EEF1AKMT2	7.0508
FOXI2	0.14569
FAM180B	6.2459
PCNX3	6.1094
TRIM49D1	1.2328
C11orf87	-0.1046
COLCA1	4.863
HOATZ	2.3273
PATE2	1.582
PATE4	0.51977
SNX19	-1.2678
C12orf76	2.883
SERTM1	-1.3853
ATP11AUN	0.94035
PLEKHD1	-0.58662
C14orf180	-0.54116
LINC02694	-0.51148
LINC02915	0.18165
ST20	2.6533
FAM174B	-0.31133
LOC400499	-0.3575
KNOP1	2.4244
LIAT1	-0.48534
MED11	2.0668
GRAPL	0.77191
TMEM132E-DT	1.9763
TEX19	-0.96131
ZNF516-DT	2.0896
PRSS57	2.0374
VMAC	-0.77172
LOC400682	2.3815
ZNF880	-2.0825
ZNF772	0.92746
PRAMEF4	0.95735
SH2D5	1.0456
NCMAP	0.56217
C1orf141	1.4284
C1orf226	2.4585
CLEC20A	-1.004
FAM177B	0.42566
DEFB132	0.13812
C20orf202	-1.3873
LRRC74B	-1.0682
CHCHD10	5.6368
IL17REL	0.61433
LINC02898	4.3464
EML6	7.3232
PAIP2B	1.9079
RGPD1	-0.024267
ANKRD36C	4.4525
FSIP2	0.24014
C2orf66	-0.051248
ASB18	1.2485
LINC02991	0.68367
IQCF3	1.7614
FOXL2NB	-0.12161
C3orf80	1.4344
NICOL1	2.5535
DTHD1	2.0327
PRR27	-1.8742
AMTN	-1.4817
CCSER1	-0.70505
C4orf3	3.4095
RGS7BP	1.8564
C5orf63	0.53065
STMND1	0.88303
MCCD1	5.9726
SAPCD1	6.1094
RAB44	5.0159
CRIP3	7.3384
KLHL31	0.62753
TCP10L2	0.13912
LINC02902	2.5136
LRRD1	3.3046
PRRT4	-0.87216
RAB19	2.7599
OR2A7	0.56625
USP17L1	0.33795
RBIS	4.7874
SAMD12	0.02699
HACD4	-1.9981e-5
TMEM215	0.98898
TOMM5	1.3492
LINC02872	0.31078
CENPP	4.6392
C9orf152	1.4921
SNX30	5.3618
WDR38	3.4337
LCNL1	0.72038
LINC02908	1.2355
CIMIP2A	5.3118
GOLGA7B	1.148
OR51T1	-0.11777
OR51A4	0.029174
OR51A2	-0.73051
FIGNL2	2.7166
RNF223	4.4043
LDLRAD2	3.0869
OR2T2	0.34323
OR2T5	1.1238
OR14I1	0.78707
SRRD	1.9265
ANAPC1P6	-1.0103
VWC2L	1.9061
OR5K2	-0.11743
CFAP99	1.152
OR2A42	0.73683
SOHLH1	-1.3742
KPNA7	-0.38218
SPACDR	2.8188
GRIFIN	3.9815
IGLON5	0.53225
UFSP1	3.1738
IFITM10	3.6671
OR2T27	0.65227
OR2T35	0.85582
OR4A47	6.275
OR5H14	0.63627
OR5H15	0.28825
OR5K3	-0.21693
OR5K4	0.94003
OR6C65	0.0065785
OR6C68	0.13589
LOC403312	2.9201
PLPP6	0.2205
APOBEC4	-0.25742
DEFB133	-0.042883
ZBTB34	2.8124
HAPLN4	3.7675
CUEDC1	0.74827
SPINK6	1.2146
CTXN1	0.11051
TEX56P	0.61342
C16orf74	0.84751
SCGB1D4	0.89465
DENND10	-1.0267
GTF2H5	2.0286
ANKHD1-EIF4EBP3	2.5315
DUOXA2	7.2083
ERVFRD-1	0.9308
TAFA1	1.2652
TNFSF12-TNFSF13	4.8871
CDRT15P3	0.87237
NOMO3	1.8899
LOC408186	-0.90388
SPINK14	2.0695
FNDC9	3.3245
TBC1D3B	1.5695
DNAJB3	-1.269
ACBD7	0.39877
C10orf105	-1.3083
C10orf62	0.54955
AGAP6	4.347
C10orf55	3.7766
DDI1	-1.2925
LINC02913	-0.044671
IDNK	2.7865
LCN10	0.44168
BLID	-0.69328
DENND6B	5.3464
C8orf82	3.0984
PIM3	0.52958
STX19	-0.88177
RGS21	-0.0023973
ASTL	5.1326
LHX8	0.54853
KRTAP5-5	0.70371
MXRA7	2.402
IFIT1B	3.1456
KRTAP5-2	0.61652
KRTAP5-6	2.822
TMEM41B	-0.40685
SLC22A20P	2.3567
KRTAP5-7	0.19133
KRTAP5-11	-0.60929
CARD17P	1.9351
IQSEC3	4.2484
ZNF705A	1.0329
SMCO3	4.258
H3-5	1.9319
DBX2	-0.22491
PLEKHG7	0.37067
ALG11	-1.2441
MZT1	3.5151
RNASE13	0.98816
CCDC88C	1.571
GOLGA8B	1.6566
EIF2AK4	2.5219
UNC13C	0.58879
COMMD4P1	1.3205
SMIM22	1.5237
NPIPB4	0.762
NPIPB15	0.89276
CTRB2	0.64433
RNASEK	1.7518
GPR179	-0.88582
HSBP1L1	4.8546
PLIN5	1.2724
ZNF506	0.28895
PSG8	0.52553
PRAMEF11	-2.3753
HNRNPCL2	-0.3207
UQCRHL	3.6626
MICOS10	1.9087
CFAP144	1.4814
ZYG11A	1.1672
BCL2L15	2.5431
H2BC18	2.9843
ETV3L	1.4694
LRRC52	-0.090643
RHEX	0.61341
TRIM67	-0.20838
MAP1LC3C	1.0519
PIWIL3	-0.6085
SHISA8	6.8575
CIMAP1B	3.6309
CAPN14	-0.083216
TMEM89	4.6698
IQCF6	2.8437
UQCC5	6.1903
MTHFD2L	1.0885
TMEM150C	-0.89707
CFAP96	-0.92653
MARCHF11	-0.94542
C6orf226	3.4067
TMEM151B	2.0157
ZC3H11C	-1.116
OOEP	1.9838
CALHM6	1.367
ZNF716	-0.34839
LOC441239	1.8074
TYW1B	0.19947
SPDYE3	2.4102
AKR1B15	2.4215
CTAGE15	-0.66251
OR4F21	-1.559
AARD	-1.5252
LRRC24	3.203
SPATA31C1	-0.045443
NUTM2G	1.6345
ANKRD18B	2.9161
STPG3	4.237
NRARP	4.1322
CDNF	-0.17381
FRG2B	0.9502
OR5B3	0.49592
TSPAN11	1.8262
OR9K2	1.5787
OR4Q3	-0.15263
OR4M1	-0.2505
TARM1	-0.93172
ANKRD65	0.46463
PRAMEF25	1.2416
OR10J3	-1.4175
BECN2	0.30651
OR2W5P	1.9305
OR13G1	0.15738
SULT1C3	1.2694
GALNTL6	-1.3695
OR2B3	5.3028
OR2J3	5.07
OR14J1	7.1415
OR10C1	3.3629
PTCHD4	1.251
RFPL4B	0.93369
ZNF727	0.1985
OR2A2	-0.3947
FOXB2	-0.24835
SPDYE5	2.0428
LMOD2	3.1748
IGFL4	-1.033
ARHGEF35	-0.3976
SULT1A4	-0.66852
TARP	-1.0488
TRIM6-TRIM34	5.0303
FAM120A2P	0.72717
POTEE	-0.87705
PALM2AKAP2	3.4132
KPRP	-0.85952
LCE6A	-0.22636
LRRC37A2	0.85495
GIMAP6	-0.87829
LRRC18	0.39803
PPDPFL	2.1068
IGIP	3.9848
COA5	4.5328
TRIM72	1.1973
CISD2	7.0896
CCDC73	3.0169
EID3	-1.0519
GPX8	0.61331
RNASE12	-1.0151
PHOSPHO2	1.6137
RBMXL1	3.4103
CHAC2	0.85295
FBXO47	3.2217
ARK2C	-0.35694
PJVK	2.9584
TYMSOS	-0.99358
WEE2	1.5768
TIFAB	0.24248
CLEC18B	2.894
C18orf32	1.843
MS4A13	1.817
SPRN	-0.87241
ARGFX	1.5115
DPRX	-0.7876
DUXA	-1.1736
LURAP1	3.1982
C8orf58	7.3254
PCOTH	0.4089
SLX1A	3.5918
CKMT1A	3.8819
POLR2J3	1.5522
DNAJC25	-0.50849
CCDC157	3.2893
ATXN7L3B	-0.22658
DNAJC25-GNG10	-0.69658
BOLA2	-0.52139
PEF1	2.5299
PRR5-ARHGAP8	0.93918
ASPDH	1.3157
FBXO48	-1.5195
H4C15	-0.14819
CLLU1-AS1	2.7636
CLLU1	2.72
PRR9	-1.0799
UGT2A2	0.64798
CPLX3	6.1094
NPS	-0.83386
CYB5RL	-0.92081
DEFB135	7.5575
DEFB136	7.2378
DEFB134	7.4871
CTXN3	-1.3659
HIGD1C	2.4419
SERINC4	4.0988
FAM229B	0.62613
ZNF704	1.7569
MBOAT4	3.7131
ACOT1	1.77
ACOT6	7.1537
TMEM91	1.4111
HEPN1	-0.10065
FAM110C	1.9661
TRIM64B	0.084409
MROH6	-0.055361
MIR205HG	-0.56699
AKAIN1	-0.2924
TRIM49C	0.35209
UBTFL1	0.32504
RAD21L1	0.78723
SCX	1.9617
NPIPA2	1.3129
CPSF4L	1.5076
INSYN2A	2.0594
FAM163B	-0.51258
TMEM232	0.048373
SMIM5	-0.35312
C11orf97	-1.0686
SMIM15	3.4361
FAM25A	1.6019
GRXCR2	-1.1458
TMEM72	1.9444
MAP1LC3B2	2.9393
C15orf62	6.0037
LINC01750	0.84095
LINC00452	1.0468
BTBD18	6.0927
TMEM253	2.2808
SPINK9	1.8029
LIPK	-0.76949
LIPN	-1.5679
RNF224	6.7821
ZNF862	0.094457
SLC35G6	1.5211
CCER2	2.6931
CCDC168	0.70782
MS4A4E	0.63518
GOLGA8N	-0.29932
GOLGA6L4	5.6178
MPHOSPH10P1	2.9858
KRTAP24-1	1.2239
KRTAP27-1	0.32992
PGA3	-0.41441
ZFP62	0.095513
PGA4	1.3879
TMPPE	-1.0113
CTAGE9	1.0687
CBLN3	1.146
RNF222	2.4575
PRR21	-0.83737
TMEM88B	1.1337
FNDC10	1.8294
C18orf63	4.8609
FAM25C	-0.9819
SDHAF1	2.5534
ARL14EPL	0.34643
PIRT	-1.443
WIPF3	1.4942
DRGX	3.6666
SYCE3	2.22
LOC644277	3.4002
DEFB131A	-0.035954
NKX2-4	1.6626
CLDN25	2.0965
PAK6-AS1	1.3703
FAM83G	3.9077
PHGR1	2.9615
MEIG1	0.89354
RASSF10	2.0482
ALG1L2	1.0903
SMIM23	0.9032
EVPLL	0.5219
CLRN2	1.2171
CCNI2	0.29867
LINGO3	0.31431
TMEM200C	1.0667
USP17L4	0.62794
PRAMEF19	0.072211
TMEM191C	-0.63084
ARRDC5	0.24043
MT1HL1	-0.34072
CCDC154	1.6737
SEBOX	1.4343
TMEM14EP	3.7018
S100A7L2	-0.28523
SPATA31C2	-0.36798
SLC35G4	-0.25987
CBY3	-0.44765
C16orf90	5.3643
LACTBL1	6.1094
SPINK8	4.6201
ARIH2OS	6.1094
C19orf67	6.4809
FABP9	-0.040162
FABP12	1.1847
C3orf84	7.0297
LINC03007	6.9176
C4orf51	3.2354
URAD	2.1074
LYPD8	1.0443
SBK2	1.1207
SYNDIG1L	0.53196
LINC02618	1.7572
TRIM64C	7.1091
ZAR1L	-1.626
SETSIP	1.8152
FAM227A	-0.30763
RNF225	1.0681
SH2D7	1.3229
ZNF285CP	-1.0358
PRSS56	-0.72779
HRCT1	-1.1453
C6orf132	-0.44231
GOLGA6L10	-0.61142
SPATA31A1	-0.22857
STMP1	1.1294
SERPINE3	1.1203
ASCL5	-0.60804
RD3L	-0.076888
GMNC	0.2622
TEX22	-1.0519
ANHX	0.34499
PPP1R3G	0.92856
OR7E85BP	-0.13858
ANKRD33B	-2.0726
CASTOR1	3.9028
SKOR2	0.84804
GOLGA8J	1.0028
ZDHHC11B	4.7182
ZBTB8A	0.5042
GOLGA8K	-0.87092
FAM228A	3.8906
NBPF6	-0.57158
TRIM43B	3.2187
FAM230A	0.53994
KRTAP4-11	0.69134
PRB2	0.23174
POTEI	0.0754
ASAH2B	6.8295
MATCAP1	2.0605
NCF1	2.2304
SPAG11A	-0.10547
AQP12B	0.75961
RGPD3	-0.58656
LGALS7B	4.7493
SFTPA1	3.2496
GPR89A	2.6848
TMEM236	0.7807
PHLDB3	-0.0039382
H3C13	3.0051
GOLGA6C	4.0295
GOLGA6D	6.1094
MBD3L4	1.3597
MBD3L3	0.59241
TMEM183BP	2.2753
GSTT2B	1.4089
GOLGA8M	0.31074
POTEJ	-0.23515
MZT2A	-1.8285
ZG16	0.42569
FAM72B	1.293
ACTR3C	-0.22855
OCM	-1.4295
ZNF732	-0.92246
LGALS9C	2.0607
NME1-NME2	0.79345
LRTM2	-0.60866
FER1L6	0.41393
BOLA2B	3.9786
IQCJ	0.14552
PCP4L1	0.080855
MSMP	-1.3836
PPAN-P2RY11	3.475
H2AC19	3.4159
INS-IGF2	6.1094
TMEM51-AS2	5.7245
RNF208	7.707
RGPD8	1.3739
BHLHA9	0.95666
MUC5B	0.096499
TLCD2	2.5786
GXYLT2	1.467
MROH1	3.3237
PTMAP12	0.57779
ZBTB8B	-0.23809
NUTM2A	1.5236
RSPH10B2	2.4872
NALF1	2.4452
KRTAP4-8	0.63188
KRTAP1-4	0.46494
FAM157A	-2.0193
CLEC19A	0.21074
KRTAP2-2	0.37903
D2HGDH	1.4025
KRTAP19-8	-1.203
KRTAP9-1	-0.36686
GTF2H2C	3.4517
DEFA1B	-0.043316
OVOL3	2.1084
POTEF	-0.73463
LOC728392	0.726
USP17L30	0.17652
GGT2P	0.55894
METTL24	0.44438
LOC728485	5.3178
DNLZ	4.1352
SERF1B	-0.81863
GOLGA8H	-0.63867
UQCC6	-0.19353
MS4A18	1.6359
CCDC169	1.0495
DCDC2C	0.72306
CCDC30	1.2367
DHRS4L1	0.44258
MEIKIN	3.347
CDK11A	1.5151
SLC35E2B	1.5926
EIF3CL	1.3793
LOC728715	-0.12107
NPIPB8	1.8687
NPIPB6	1.3269
CROCC2	1.3534
ANKDD1B	4.3599
C1GALT1C1L	2.8354
C12orf71	2.1805
NPIPB11	-1.1384
ZNF736	-0.5575
ELOA3BP	3.2562
ZNF705D	1.5164
RPEL1	7.3037
SLC15A5	-0.23566
TEX46	7.0572
GASK1A	0.42249
AGAP5	4.4755
NPAP1L	0.42093
FLJ45513	1.8574
CCR2	3.6319
PRR20B	-0.14922
SFTPA2	2.3318
PRR20C	-1.6296
PRR20D	1.08
PRR20E	0.70311
NUTM2B	0.80456
TP53TG3D	0.4057
ZNF286B	1.5222
OC90	-0.55731
PLIN4	3.8436
TRIM49D2	1.3006
LMO7DN	2.5943
CCDC61	0.53617
MBD3L2B	0.33839
RAD51AP2	1.2715
TMEM242	-0.64207
FAM72A	0.65954
SPDYE6	2.0729
PRR23A	-0.72633
ZNF812P	0.55958
CCDC175	4.3257
ZNF878	1.4508
PRSS44P	2.1329
CEACAM18	0.21853
FHIP1A	1.8871
UMAD1	1.9936
RGPD2	0.74313
TBC1D3	-0.84043
TBC1D3H	1.2602
CRPPA	-0.04596
SHISA7	0.56909
MORN2	0.71011
RFPL4AL1	-0.21968
BORCS8	2.3006
SHISA9	0.86101
SEC14L6	3.3938
ZNF814	0.18068
ZNF726	-0.55906
MOSMO	2.7296
CIMIP2B	1.3964
TMEM229A	-0.71598
TEX50	0.6855
LOC730183	1.4178
ACOD1	0.74266
ANAPC1P4	0.86883
ZNF735	-0.33369
KRTAP2-3	0.37229
RFX8	0.89077
LOC731631	1.9216
COMMD4P2	1.9708
CSKMT	1.3975
CEMP1	2.9249
LUZP6	0.98994
PRCD	1.5245
RELL1	-0.15611
PSAPL1	0.53612
TVP23A	0.63697
UQCC3	1.7043
DDTL	1.0788
SIGLEC14	0.56628
POM121C	2.0828
ZSCAN30	2.4351
TMEM170B	0.77203
ZGLP1	2.2459
MINAR2	2.7083
C8orf88	-0.39018
FAM229A	-0.73686
UBE2Q2P13	0.93411
HGC6.3	2.1616
TRAPPC3L	0.11177
SCP2D1-AS1	-0.13456
CTAGE4	-0.011062
TEKTIP1	2.4203
OST4	3.4665
LINC01960	2.8613
ZBTB42	5.6224
SIGLEC10-AS1	1.2929
BTNL10P	1.8383
LOC100129098	0.72839
KHDC1L	0.42561
DEFB131B	1.4797
KPLCE	-0.2822
LOC100129307	-1.6018
SMIM10L1	0.29067
LINC03041	0.91545
MKRN2OS	0.27778
MUC8	2.9394
ZNF730	0.11033
FAM47E	7.6555
TCF24	-0.46659
IZUMO3	0.72749
LOC100129697	6.1094
CCDC152	-0.94308
ZNF737	0.44432
TMEM269	-0.80119
HMGA2-AS1	4.9185
KIF28P	-1.196
CCDC166	4.3777
C8orf89	0.98106
C17orf107	3.7089
TMEM262	1.3677
LOC100130357	2.1214
LINC03048	4.4183
SPAG16-DT	1.4954
TMEM221	0.169
CD300H	1.4025
LINC02881	0.13608
SPMIP1	1.5471
LRRC70	2.3158
LRRC69	0.31062
SBK3	1.059
CREB3L2-AS1	0.086127
TSTD3	3.3986
SMIM6	-0.82708
SYCE1L	1.025
LINC02901	0.146
SPMIP7	1.9283
ZNF316	2.4533
DPP9-AS1	0.48869
LOC100131107	1.645
BSPH1	0.39714
TSTD1	0.7509
NEMP2	1.779
ANKRD63	2.3985
C11orf91	0.19619
SP9	0.59887
CD300LD	1.5954
ZNF705EP	-0.56517
PET100	2.1326
ZNF717	-0.36351
INSYN2B	1.1036
KRTAP25-1	1.3167
ZNF705G	0.70392
FOXO6	1.7514
FAM240A	0.26879
NPIPB5	0.41733
KRTAP4-9	0.72572
FAM157B	0.49001
NBPF10	1.2413
CLDN24	1.6429
KRTAP4-7	0.57886
DPH3P1	0.97323
SHISAL2B	0.10683
DEFB108F	-0.78659
GOLGA6L3P	3.0473
DEFB130B	2.1833
LOC100134391	-0.71084
TEN1	0.87511
UPK3BL1	-0.16315
JMJD7	2.946
PLA2G4B	3.3839
C17orf99	2.2868
CTAGE8	0.97615
GALNT13-AS1	0.89349
KLLN	2.0208
PATE3	0.52226
SRRM5	-2.0839
ERICH4	1.0422
EPOP	3.5025
TOMM6	1.239
C5orf52	2.6119
C2CD4D	1.5265
ARHGEF33	0.056705
ERVV-2	1.2044
MEF2B	2.9818
RASA4B	4.7871
FAM86KP	-0.049024
LOC100287036	4.0935
USP17L10	-1.729
USP17L11	-1.729
USP17L12	-0.75308
ZNF729	2.2494
MANSC4	0.37142
LOC100287290	-0.012284
USP17L17	0.047979
PRSS46P	2.391
USP17L18	0.047979
LOC100287387	1.4782
USP17L19	0.47132
USP17L20	0.92763
LOC100287477	-0.26277
SMKR1	1.7871
ANKRD66	1.6015
TTC34	0.28686
TIMM23	3.0051
KRTAP22-2	-0.55935
KRTAP21-3	-0.20392
NPIPA5	-1.0844
ERVMER34-1	1.133
MTRNR2L7	0.10726
USP17L15	-0.19295
FOXL3-OT1	-0.87184
LIMS4	-0.13704
TMEM239	4.794
TMEM225B	1.7468
LOC100289561	3.0953
ZNF605	-1.1569
ZNF783	0.080766
ZNF587B	-0.11992
GPR75-ASB3	1.5581
TMED7-TICAM2	0.11839
PET117	-0.37932
SPDYE2B	-0.16315
ANKRD61	0.79519
SAP25	2.7384
ZBED6	1.486
IGLL5	-0.72895
KLRF2	1.6647
MTRNR2L1	1.9099
MTRNR2L2	5.4291
MTRNR2L3	2.4464
MTRNR2L4	1.7921
MTRNR2L5	-0.91081
MTRNR2L6	-0.6857
MTRNR2L8	1.1808
MTRNR2L9	1.4909
CCDC180	0.15915
CCDC179	1.4183
IQCJ-SCHIP1	0.78976
TEX48	0.40289
LOC100505502	2.9531
ATP8B1-AS1	0.24136
LOC100505555	-0.20083
LINC02708	3.3777
INAFM2	1.2443
LRRC3C	6.5314
UBE2Q2P16	4.9473
KRTAP9-7	-1.459
SPATA1	-0.18418
KRTAP16-1	-1.5618
SPDYE18	0.36336
NETO1-DT	-0.17593
ZNF475	1.0972
UBE2E2-DT	0.1391
TMEM210	5.3643
PPP5D1P	-0.817
APELA	-1.7225
LRRC72	0.0067528
ARL17B	-0.045664
PELATON	3.1178
GVQW3	0.90607
TMEM35B	0.54689
KRBOX1	-1.4957
PTMAP9	1.5001
EDDM13	-0.40663
RPH3AL-AS1	1.0938
LINC03106	1.5068
PRKCZ-AS1	7.0748
SPMAP2L	0.025651
LINC02809	4.7775
C16orf95	0.47105
LINC02876	-1.3523
OCLN	3.4329
SLFN12L	1.8075
CASP12	-0.37085
ELOA3DP	3.4115
MAP3K2-DT	-0.15595
GFY	0.5953
MRLN	1.4001
TPBGL	-0.27196
LRCOL1	2.2081
GIMD1	-0.079791
SMLR1	7.1544
LOC100507221	0.36379
ZNF865	3.6692
SMIM18	4.9348
TMEM178B	2.4907
MICA	7.3768
CCDC28A-AS1	-0.20201
FAM131B-AS2	1.7435
LINC03103	1.4924
TGFBR3L	0.15208
NPIPB9	1.495
KRTAP9-6	-0.55573
RNF212B	1.9021
MUC22	6.9515
LY75-CD302	4.4942
ARPC4-TTLL3	0.4519
MSANTD3-TMEFF1	4.4509
RBM14-RBM4	4.5353
CENPS-CORT	2.9229
ATP5MF-PTCD1	1.6041
CCDC169-SOHLH2	0.98569
RNF103-CHMP3	2.316
STIMATE-MUSTN1	6.9329
EPPIN-WFDC6	0.68729
ARPIN-AP3S2	-0.16154
NT5C1B-RDH14	2.3838
PHOSPHO2-KLHL23	2.6567
FPGT-TNNI3K	-1.6312
RPL17-C18orf32	1.8659
TGIF2-RAB5IF	2.4427
GIMAP1-GIMAP5	0.41001
PMF1-BGLAP	7.3354
TLCD4-RWDD3	-0.24963
SAA2-SAA4	0.54743
ST20-MTHFS	2.6694
POC1B-GALNT4	0.16774
KLRC4-KLRK1	1.6353
NEDD8-MDP1	-0.085546
BCL2L2-PABPN1	-0.58102
CORO7-PAM16	5.4915
ZNF559-ZNF177	3.4192
RPS10-NUDT3	5.9746
ZNF816-ZNF321P	6.0508
HSPE1-MOB4	2.187
CKLF-CMTM1	0.37886
SYNJ2BP-COX16	3.8644
CHURC1-FNTB	1.341
NDUFC2-KCTD14	1.3034
COMMD3-BMI1	-0.70249
MICOS10-NBL1	1.9849
C8orf44-SGK3	0.1843
ZHX1-C8orf76	0.72274
KRTAP29-1	-1.1941
FXYD6-FXYD2	3.6661
ZNF664-RFLNA	4.4327
BIVM-ERCC5	-0.21326
TVP23C-CDRT4	0.68913
RBAK-RBAKDN	0.51154
TNFAIP8L2-SCNM1	6.1094
URGCP-MRPS24	2.1117
ISY1-RAB43	-0.0022627
FAM47E-STBD1	7.7357
LOC100652758	-1.8156
KIAA2012	2.2617
LOC100652833	0.45217
LOC100652871	1.2103
LOC100653133	-0.19743
CEP295NL	1.4211
MYZAP	2.9107
FSBP	2.723
GDNF-AS1	1.4485
CYP3A7-CYP3A51P	3.472
TMEM265	2.5861
PTGES3L	5.6392
PTGES3L-AARSD1	5.7771
LOC100996318	1.7657
FAM230D	0.3953
PITX1-AS1	6.2191
CYYR1-AS1	-1.3458
LOC100996598	4.0168
LOC100996637	1.6597
LOC100996664	2.9145
SPEGNB	6.1094
LOC100996701	2.2072
FMC1-LUC7L2	3.4359
PYURF	0.70459
FAM218BP	-1.0242
GOLGA8R	0.91368
NPIPA7	-0.91842
ODAD2P1	2.2962
ZNF891	1.3884
LOC101060341	1.676
SNTG2-AS1	0.49498
LOC101060400	4.304
IFNL4	1.1175
LOC101927245	3.6358
LOC101927262	7.3273
MALT1-AS1	0.57222
LOC101927375	1.5245
LOC101927401	5.9548
AFTPH-DT	2.2372
DMTF1-AS1	0.080178
PANO1	2.9117
LOC101927469	-0.60349
LINC02688	2.166
HDLBP-AS1	1.9863
ANO7L1	7.2305
LOC101927572	1.9439
DNM1P50	-0.91778
CCDC182	0.62773
GOLGA6L19	0.24249
ALDH1A3-AS1	0.36301
OLFM5P	4.8357
LOC101927764	3.7524
FAUP4	6.1094
PFKP-DT	-1.9404
LINC02801	0.26688
LOC101927855	6.1094
FAM230G	0.61602
ZNF516-AS1	2.1064
HELZ-AS1	-0.3405
ARHGAP11A-DT	-0.34369
KBTBD11-AS1	-0.053268
LOC101928093	0.60675
LY6L	-0.85565
LOC101928120	2.7119
C21orf140	-0.19479
LOC101928343	0.84231
LOC101928344	1.1978
ATXN1-AS1	2.1411
C5orf67	1.5099
LOC101928499	1.7687
TBC1D3P6	6.9585
LOC101928596	4.2422
MEI4	1.2529
ARMH2	-2.7052
LINC02692	1.4288
LOC101928675	0.14809
LOC101928728	6.6487
LOC101928764	-0.98799
LOC101928868	6.1094
COMMD5P1	1.5116
LOC101928948	-0.084985
CCDC92B	0.35272
GTF2IP13	-0.35263
LOC101929141	0.56782
TSBP1-AS1	6.0861
LOC101929185	-0.21204
LOC101929256	0.62302
LOC101929322	2.3338
CFAP97D2	1.3751
LOC101929372	0.91497
LOC101929373	0.79889
TEX52	2.5796
LOC101929479	2.4218
FANCD2P2	1.6986
LOC101929536	0.055474
LOC101929552	1.7284
LOC101929578	6.1094
LOC101929601	-1.2126
LOC101929627	-1.2126
LOC101929748	2.7972
