,baseMean,log2FoldChange,lfcSE,stat,pvalue,padj
AC008569.1,95.56481643,0.084371863,1.423877587,2.091980795,0.036440234,0.135467798
AC156455.1,16.61871626,-0.003300493,1.711574227,0.816042626,0.414475756,0.690174581
OAZ3,14.06991445,0.527999799,1.924894567,1.657024484,0.097514525,0.288123315
NDUFA13,5602.345756,5.800517977,0.977932443,20.19943504,9.90236E-91,1.70586E-88
CCDC18,137.9647932,-0.299076022,2.014028535,-2.248626996,0.024536237,0.099011753
AC079336.4,22.64705558,-0.649626051,0.788289598,0,1,1
AC083837.1,262.6009866,-1.535480959,3.428434398,-1.274567901,0.202462225,0.462274619
ITPR1,935.3533311,-1.080310743,0.968023353,-4.303547449,1.68085E-05,0.000143243
TNIK,556.2876348,-1.070102071,1.319775188,-5.984437434,2.17139E-09,2.96705E-08
AL117190.2,16.25288574,-0.165761458,9.662757015,-0.452269523,0.651074829,0.865078114
RAPGEF1,778.9000599,-0.270843809,0.570672777,-1.480269329,0.138801385,0.366427092
ATAD3C,74.91619659,1.289697447,2.335286409,0.152569275,0.878737957,1
CEP72,19.76733589,0.074938707,1.908734405,0.360522412,0.7184565,0.910469526
NUPR1,827.161285,6.195288656,16.15432744,1.200782888,0.229835431,0.498252226
SPEG,17.23300431,0.080165626,2.16301815,0.283392288,0.77687614,0.947699901
FBLN7,19.90731823,-0.175146033,1.430555527,1.073334737,0.283120955,0.562104929
ZNF600,111.4024754,-0.286585901,1.507706332,0.623529874,0.532936377,0.783925619
CPED1,125.4006072,-0.043590979,22.54953983,-0.015197701,0.987874456,1
AC079807.1,19.3207015,0.121568301,1.164965596,1.769440606,0.076820374,0.241954988
AL158206.1,109.6578056,0.177181897,1.791507138,0.779262246,0.43582525,0.707106451
ARL14EPL,50.29489901,0.52525228,2.130911317,-0.451321035,0.651758187,0.865496816
BPHL,875.2839435,0.774732531,2.13088981,4.608928015,4.0475E-06,3.83182E-05
AC090644.1,31.32564938,0.001825062,11.11571146,-0.074321816,0.940754318,1
BICDL1,898.5755313,-1.185454577,6.090902412,-2.446178745,0.01443794,0.063454583
GASK1A,37.50984596,-0.189806251,11.03870789,-0.286066557,0.774827145,0.946771054
GRK2,185.8520647,1.370674999,1.463739103,5.866617276,4.44776E-09,5.91828E-08
IL1RL2,81.90728588,0.451314416,1.482624624,-0.8805394,0.378567171,0.659450613
RXFP1,84.79788203,-0.627710045,1.57516455,2.545460807,0.010913361,0.049991072
RHOB,2254.088001,5.171708819,2.511905099,9.306279016,1.32389E-20,3.4895E-19
AC009185.1,26.11634475,0.155565406,1.282169516,1.086669504,0.277182896,0.555081694
ARSE,375.0258495,0.147783681,1.319265281,3.709345626,0.000207796,0.00145156
AP003068.2,38.69525856,0.061977998,16.28448923,0.006669174,0.994678808,1
AC110611.1,21.12090028,-0.107459376,1.110124745,1.346650306,0.178092884,0.427910847
AC025164.1,144.8084412,2.63107579,1.827293823,4.938405295,7.8764E-07,8.04911E-06
WWTR1,1227.461174,-0.732467706,1.46501507,-3.72496387,0.000195343,0.001369532
LRP2,2050.136021,-0.057891017,89.73270773,0.052224391,0.958349898,1
ENPP2,499.4240443,0.918150545,1.452074629,3.797132075,0.00014638,0.001046019
SCLT1,551.1737791,-0.464961118,0.834559968,-0.291762028,0.77046858,0.944011905
BAG3,693.9972295,2.245860457,2.702390433,4.630973266,3.63951E-06,3.4694E-05
PPM1F,150.7383849,0.125686843,1.217403355,1.002864563,0.315926213,0.596660175
NIPAL2,102.5605197,-0.606335232,1.11735031,0.0279916,0.977668851,1
ICAM3,304.9344118,0.54868363,25.56229261,0.516621434,0.605420451,0.832809224
C17orf97,140.7881605,0.085894386,24.89594669,-0.007631231,0.993911218,1
PKIB,144.0131243,0.024307403,28.59245594,-0.01930429,0.984598362,1
EFNB1,180.3902632,2.008928099,2.516480042,3.592137865,0.000327976,0.002206406
CTSB,2080.127334,3.038165989,2.025514978,3.914606978,9.05516E-05,0.000673517
EBF1,521.873087,-0.618178442,1.301274976,-0.213860737,0.830655659,0.981008379
MAGI2,3374.709038,-2.907567541,1.273537199,-3.942853001,8.0518E-05,0.000604951
MLLT3,766.7126531,0.116609015,0.765077383,-5.568120562,2.57502E-08,3.15644E-07
AC067945.4,27.47365481,0.638557569,2.913748567,1.867121788,0.061884582,0.206274128
LDHB,10765.11181,5.50661829,1.889153802,10.58203191,3.61042E-26,1.20937E-24
KCNB2,35.71893296,-0.089034443,1.913538105,0.355930713,0.721892455,0.912964933
AC008393.1,26.76105693,0.417895165,1.551812846,2.133469038,0.032886269,0.124952279
AL022328.4,31.45781345,0.343615815,1.495517353,2.010240276,0.044405765,0.159368457
AJUBA,73.23121036,0.225881917,1.492198085,1.167232043,0.243116674,0.513879613
LINC01320,1871.391715,-1.228132549,5.294111388,-1.248847931,0.211720699,0.473232063
CCDC153,29.18301735,0.379603449,1.38505036,-0.766539043,0.44335563,0.712060784
CTSV,122.638414,0.609026067,2.054482872,2.383358447,0.017155481,0.073318143
EGFL8,71.77087867,0.156861019,1.337481114,0.628431273,0.529721456,0.781021379
IL12RB2,106.9402335,-0.060314413,2.949415397,0.259794766,0.795022088,0.958936995
RGS19,122.271757,4.150607671,2.567092638,4.684556958,2.80566E-06,2.71749E-05
POLD3,314.8586303,-0.051482453,0.96970227,-0.642040419,0.52084694,0.772422818
RASGRF2,338.4406207,0.319744551,1.86224504,-1.251767418,0.210654626,0.472241775
AC015802.4,15.12456517,-0.08690615,1.547710263,0.587673295,0.556751604,0.799848506
PLEK2,65.12917422,0.503790559,1.707393107,2.893688349,0.003807459,0.019908159
PWRN4,16.54536175,0.051237961,1.684474185,1.148784231,0.250644963,0.522917812
AC114971.1,20.88498378,-0.066083525,2.038893872,3.8721718,0.00010787,0.000787156
WDR81,98.71004397,0.011681625,1.868009922,0.300698394,0.763644494,0.93997827
PTGFR,103.9749995,-0.063109855,47.73177553,-0.076069037,0.939364174,1
ZNF665,87.20218333,0.285008097,1.356729974,1.39051294,0.164373173,0.407917304
AC061708.1,14.82070307,-0.122417624,2.004664453,0.87177349,0.38333196,0.662724626
AC092353.1,33.34062738,-0.449907543,7.182915029,0.577492728,0.56360665,0.80490205
KCNQ3,114.8505055,-0.252909755,10.8043332,-0.410022928,0.681789129,0.885701552
ZNF793,103.2964741,-0.065212912,38.11940777,-0.109739789,0.912615744,1
AC092650.1,48.28103073,0.149490235,1.383456297,0.550157209,0.58221155,0.817763864
BATF3,25.1883736,-0.02431101,1.193762896,1.476622695,0.139776805,0.368020424
WSCD1,48.20853207,0.146501604,1.464439709,0.646212429,0.518141791,0.770700426
ELMO1-AS1,70.24270315,-0.918311097,2.908500116,2.776923779,0.005487605,0.027486472
CRB3,210.7742125,6.546033662,1.068055113,5.189499876,2.1086E-07,2.33543E-06
AP001011.1,193.6476268,0.479453595,1.788056318,2.008046823,0.044638316,0.160024466
FSTL4,186.3202142,-0.065451001,48.22593087,-0.057499049,0.954147663,1
LINC00989,25.57376442,-0.02690284,2.315212244,0.236274764,0.813219468,0.970811559
TNFRSF4,57.88645048,5.281223271,3.46828285,0.360482486,0.718486351,0.910469526
KLC3,37.34219955,0.333970186,1.637112771,13.01610279,9.91012E-39,5.31127E-37
ALOX5AP,298.6808986,3.751725327,2.873956945,4.589448383,4.44419E-06,4.19092E-05
RUNX1T1,193.1474365,-0.720009196,1.6145142,0.205497484,0.837183464,0.984435504
LINC01707,13.93412695,0.067099753,1.863996521,0.889320496,0.373830859,0.655429598
CD27,63.29395926,0.466816783,2.112367277,1.975682435,0.048190756,0.169667802
KCTD17,26.9728642,0.440484771,1.765764617,1.152448313,0.249136897,0.52078519
LARGE-AS1,22.40496152,-0.240184793,2.089396915,0.829847604,0.406624952,0.683526617
CRTC3-AS1,71.66341259,-0.042388911,1.431254869,-0.602644395,0.54674528,0.793866905
FAM3D-AS1,31.13677771,0.027484008,1.799107401,0.768926343,0.441937038,0.711272373
PANTR1,504.2532542,1.191679698,5.908950671,14.91534504,2.6192E-50,1.9142E-48
PLSCR2,110.1552835,0.282698372,1.315871956,-0.537800003,0.59071513,0.823263343
PALD1,92.83358738,-0.483394098,2.343257301,0.790469452,0.429253655,0.700990601
C6orf201,13.91595939,0.062685398,1.746066118,1.026325241,0.304738304,0.585036898
FLT1,1038.716012,0.327233048,3.117716398,1.023416216,0.306111095,0.586039638
AC091132.4,29.82860941,0.166183933,1.485052915,0.83201153,0.405402436,0.682570519
LINC02666,61.06582961,0.005031853,1.312216797,-0.91526641,0.360051788,0.644640801
PRSS22,105.8924911,0.588247565,1.457140378,2.699733574,0.006939502,0.033827883
REPS2,297.7037906,-0.053520444,40.26717494,-0.056009161,0.955334509,1
TPRG1-AS1,16.78716292,-0.072065365,1.584853981,1.125989082,0.260170141,0.533899457
LINC02691,20.10070279,-0.016348546,1.702994651,0.825037857,0.409350098,0.686066782
CHAF1B,22.24830645,0.556313009,1.430074237,2.553836169,0.010654337,0.048920701
PAK5,30.82849514,-0.108434742,2.056445193,0.709379505,0.478089003,0.739979149
CYBRD1,142.2744387,0.040509843,40.32698704,-0.019483361,0.98445551,1
CENPO,27.91459417,0.023641863,0.862028374,2.231580517,0.0256427,0.102409971
ACSL5,131.9811023,0.069507636,34.14830126,-0.003421493,0.997270049,1
TAGAP,259.3961281,5.092261474,4.49843404,3.708373312,0.000208595,0.00145609
CD226,113.0968682,0.026278837,1.032256021,0.650520379,0.515356143,0.769278789
PCAT6,25.24536061,0.493477682,2.115908294,1.710017301,0.087262674,0.266568402
METTL1,33.78284786,0.056713811,1.715792614,1.461519743,0.143872862,0.374911794
AC012313.6,19.24798967,0.361963111,1.215381627,1.592567715,0.111257201,0.316607144
LINC02341,40.4701388,-0.073798609,14.08281821,-0.060872821,0.951460495,1
ANAPC2,87.9451376,1.178930309,9.728562524,2.663358842,0.007736486,0.037149768
TNC,210.9512851,-0.080768158,1.996114764,-0.188699777,0.850328126,0.990116528
LRRTM3,14.16045065,-0.168233485,2.551566184,0.682067221,0.495196446,0.752545702
NR3C1,895.9182431,0.35273735,0.930169152,2.468317719,0.013574977,0.060379256
COLCA2,51.92605508,0.024805175,33.88877443,-0.087534651,0.930246543,1
SCO2,262.8241946,3.106981621,2.496000445,2.472205902,0.013428215,0.059917664
AC004253.1,19.19529327,0.036403306,2.385153902,0.366222782,0.714198844,0.90811552
TINAGL1,672.5105848,4.001578759,25.54846943,4.523692205,6.07701E-06,5.61541E-05
ERRFI1,1441.850099,0.570030939,1.119768708,2.322857305,0.020186819,0.084523545
AC022144.1,27.85164394,-0.045855582,1.250083583,1.540495163,0.123439701,0.339749728
MEIS1,183.0616499,-1.502165811,3.448624984,-1.625720223,0.104009186,0.301778242
RPH3A,13.98175833,-0.051477678,2.989617786,0.4146612,0.67838994,0.883904342
AC083855.2,33.07417863,0.027826083,4.042097386,0.241904012,0.808854541,0.968671954
TCEAL2,141.1627222,0.468058474,1.847206538,3.044167498,0.002333252,0.0129809
AADAT,51.19572778,0.274984348,1.374499751,1.566402341,0.117254455,0.328060827
TH2LCRR,21.79962509,0.062628987,1.78692513,0.451659822,0.651514067,0.865387153
KLHL1,20.57283011,-0.011693818,3.305344765,0.56087972,0.574879536,0.811866913
JUNB,5423.345564,6.174911025,2.329217008,11.93573917,7.70712E-33,3.33411E-31
OAS2,53.18240388,0.610701546,1.879849517,0.933039838,0.3507994,0.634451033
CYGB,29.32168217,0.189586648,2.44566604,0.558604214,0.576431864,0.812748257
OLFML2B,24.38929081,0.044609386,1.696270509,1.149470703,0.250361941,0.522519623
PCBP3,83.43493905,0.301986385,2.02801354,0.235523059,0.813802784,0.971296655
LRIG1,123.0142649,-0.72830899,0.643601819,-0.086707676,0.930903875,1
RASGRP1,196.4816419,0.932378789,1.713829496,0.485635047,0.627225943,0.848389049
ATOH8,67.75922415,0.044776251,1.828595679,-3.467281194,0.000525752,0.003394863
TSSK3,16.11085326,-0.042030182,1.75434471,0.701450937,0.483021643,0.743649823
TRIM9,24.1507511,-0.055142439,1.475454121,0.859897996,0.389845273,0.668107963
SLC27A2,813.6211524,-1.87370928,169.5861414,0.769102143,0.441832676,0.711223064
PPP1R26-AS1,82.83665306,-0.137080182,31.89518656,-0.199677581,0.841732748,0.98716413
LINC01843,16.26254086,-0.038108485,2.285500413,0.910893773,0.362351347,0.646359222
TM4SF18,253.2818087,2.718884336,2.635928598,3.776816841,0.000158845,0.001125924
C11orf21,22.06022714,0.595603604,3.930896818,1.571443724,0.116079616,0.325718458
AL662844.4,31.57107678,0.328814204,1.292510701,2.43513512,0.01488623,0.065010167
MPP3,49.77004118,0.197669133,1.49421214,0.179360583,0.85765458,0.993968492
AL031963.3,26.40649713,0.371853291,1.90067027,1.809911972,0.070309439,0.226923774
LINC02028,15.48329096,0.042089801,1.606187141,1.016883028,0.309209078,0.589280912
SLC16A4,823.0883626,0.619610837,1.780888745,1.216250719,0.223889428,0.48976447
VPREB3,17.68737698,0.395269891,1.696194489,1.474100928,0.140454419,0.369300566
HBA1,57652.78544,8.464142346,37.3094809,-1.283157629,0.199436857,0.457869434
IGHV4-39,32.95969735,0.110039123,308.495956,0.097871403,0.922034408,1
ATAD2,107.0148253,0.33760038,1.075991883,0.923158219,0.355924758,0.639881875
FAM214A,444.1054604,-0.624120323,0.347362829,-3.264183015,0.001097802,0.006694373
ITIH5,247.9717091,0.860501145,7.268233405,12.46025038,1.22984E-35,5.99205E-34
IGKV1-6,30.41407921,0.123296852,162.3427099,0.251003522,0.801811386,0.963872204
SLC19A3,62.37617348,-0.228053939,2.115163163,-0.333798139,0.738531888,0.923836777
LINC02208,56.11639131,-0.537691019,3.095241409,-0.364041731,0.715826847,0.909252149
IPO13,125.8399035,0.86507928,2.306171292,1.963343132,0.049606317,0.173137532
AL050403.2,85.52288029,-0.011743805,1.302542631,0.356925178,0.72114782,0.912307295
PADI4,21.61596779,0.025142951,3.808813621,0.822056378,0.411044811,0.686856549
MYO10,995.3320871,-0.060942646,0.244361228,-28.79126418,2.7593E-182,9.1789E-180
AC007389.1,102.4872832,0.145199581,1.26984133,21.96522181,6.1954E-107,1.3282E-104
MPZL3,204.9713443,1.128398428,3.766729074,-1.562265559,0.118225442,0.329820948
LINC01507,15.62609613,-0.121344009,2.335969939,0.943121097,0.345618966,0.628854425
PADI2,78.1399543,0.470411067,1.62513559,1.011318338,0.311864092,0.592118263
AC012409.2,171.6921848,-0.582751381,2.351515265,-0.62773368,0.530178418,0.781456257
AL592429.2,123.6086007,-0.337528245,1.493944969,-1.320089103,0.186805271,0.441477326
SNX30,316.5181491,-1.754950517,1.852783653,-1.517194319,0.12921763,0.348981657
AC079848.2,33.31603805,-0.043959938,1.745633966,-0.212549864,0.831678081,0.981310964
IGHV1-18,31.14187136,0.098924841,249.7391222,0.418587389,0.675517708,0.882338723
GMDS-DT,1212.591532,-1.854226379,0.639226546,-12.23083842,2.12731E-34,9.91411E-33
Z93241.1,65.58495809,1.02278422,7.197163034,-0.647729652,0.517159822,0.770245432
AC010542.5,16.70792641,0.273366615,1.879221188,0.430705637,0.66668242,0.87647096
PSAT1,860.3335651,0.190866486,56.03214076,0.12473752,0.900731353,1
LINC02694,220.1777256,-0.881671821,3.681287502,-0.65284429,0.513856667,0.768042381
MYADM,380.4483948,3.582854995,1.265247216,8.041810306,8.85209E-16,1.8247E-14
LINC02086,50.88383439,0.933539619,1.233082618,0.562873352,0.573521127,0.811254885
RAB3D,26.52027688,0.197717778,1.450551075,0.378379031,0.705149043,0.901361179
AGO4,243.8077691,-0.175992462,1.031456758,-1.554283264,0.120116864,0.333074845
AC073332.1,112.8419751,-0.252461217,0.719213429,0.492052863,0.622681974,0.845700831
FNBP1,1002.190929,-0.376233954,2.597586144,0.416472212,0.677064497,0.883131585
AC097532.3,24.67309834,0.205728973,1.557253421,1.18201604,0.237199336,0.50710148
KRTAP5-AS1,27.33805511,0.098061215,1.504843088,0.622583773,0.533558078,0.784280782
AC009139.2,14.2895412,0.041910874,1.780819913,1.003696397,0.315524974,0.596252581
SMIM10L2B,17.21807219,0.253703036,1.732965246,1.123561081,0.261199274,0.535100743
FGF12,154.6481825,-0.437520878,1.607552891,0.07434047,0.940739476,1
LURAP1L,134.7170716,-0.384613543,1.94531645,0.789835381,0.429623913,0.701282892
SIGLEC9,23.02104146,0.34936942,2.174796861,1.315367957,0.188386269,0.443642289
CYP3A7,53.99538165,-0.027871075,2.73371679,0.868164243,0.385304426,0.664159865
LINC01435,213.1944443,-0.389252859,1.986411545,-0.447347916,0.654623875,0.867632457
USP44,55.39105464,1.002559559,2.96279117,0.54177247,0.587975258,0.821549869
AC073167.1,61.13675087,0.046620574,11.52306944,0.101755337,0.918950878,1
GLIS1,130.3415927,-3.10290906,4.610645461,-1.918616388,0.0550329,0.188798857
C19orf71,16.53640641,-0.267439615,1.9039329,0.852223348,0.39409014,0.671931351
AC004949.1,13.51082476,-0.08164099,2.527288613,0.960353036,0.336877566,0.618667025
THSD8,35.05031551,0.232514804,1.161951954,2.054561578,0.03992137,0.145603575
PIEZO1,246.2893538,1.224594254,2.3784098,-1.482436245,0.138224256,0.365328601
PPP2R3B,55.56665406,-0.10155635,1.077727696,-0.498108244,0.61840775,0.842743264
ZDHHC11,23.84935947,-1.010418246,3.276810116,0.03249346,0.974078531,1
AC015922.3,31.73530689,0.102893086,25.70403784,0.107247418,0.914592698,1
AC004160.1,65.85567429,0.092245883,1.541580529,16.48220399,4.9256E-61,4.70468E-59
KCNJ8,24.76524225,0.176962412,2.122991015,0.420647888,0.67401222,0.88126861
AL356488.3,26.53826072,0.539991287,1.547029107,2.165062255,0.030382918,0.117335473
AC005355.1,21.07688167,-0.002305224,2.125774183,0.778049869,0.436539615,0.707186845
AC105402.3,14502.86753,4.471778101,35.50383394,0.8755135,0.381294568,0.660858517
AC012499.1,20.21570929,0.088135325,1.49013394,1.106909344,0.268333125,0.544340653
STUM,68.4474714,-0.095637202,12.48926991,-0.154521689,0.877198411,1
FREM1,583.8759842,-1.07814114,5.816059472,-1.846743659,0.064784301,0.213010958
SLC25A48,161.2495807,-0.0436789,1.418824721,-1.012906749,0.311104704,0.59125829
STPG2-AS1,17.43038899,-0.098021056,2.149607391,0.567540644,0.570346921,0.809791925
INMT,46.35838938,0.149745065,1.589106961,1.461013735,0.144011672,0.374974521
ZEB2,986.7769687,-0.043058975,2.256534809,0.835736223,0.403303313,0.680347315
TAC1,14.30663434,0.300529517,2.197408705,0.488641581,0.625095469,0.847427768
HBG2,12668.49953,0.36416895,72.8645026,0.746798551,0.45518517,0.720809478
AC007533.1,15.22399848,-0.139894394,1.446086585,1.092710283,0.274521024,0.551730065
SLC3A1,2332.751388,0.629225885,1.672893781,2.79136039,0.0052487,0.026413252
SYT2,25.94221042,-0.056030274,1.486374923,1.209515787,0.22646475,0.493495695
ADRB2,65.14425126,0.465409503,1.643720438,3.021231853,0.002517485,0.013854067
TOX2,80.83080899,-0.508040793,1.545316204,1.609640843,0.107476286,0.309222706
AC018754.1,53.00974115,0.281819638,1.704718254,1.788777265,0.073650694,0.234855502
TYRO3,62.18354187,-0.145183985,4.121653189,0.013513128,0.989218412,1
SLC38A11,314.5776624,0.684538562,1.903242181,4.325687267,1.52057E-05,0.000130856
FECH,300.2800942,1.017678814,2.294779123,3.056242596,0.002241298,0.012563512
LINC00885,34.73835481,-0.226468309,1.166326316,1.332290076,0.182764887,0.435118635
EHHADH,849.3143994,-0.211338423,0.870590439,-0.27472443,0.783527961,0.952049293
BMP1,52.22774071,-0.047007835,20.24393371,-0.032049192,0.974432821,1
LINC02303,113.6430553,0.016018321,2.846504864,0.9087126,0.363501852,0.646364558
GRK7,14.94358544,-0.12977083,2.574331982,0.468413836,0.639488676,0.855875035
CTSH,2152.211786,4.08110735,1.012567975,13.16346216,1.42408E-39,8.03396E-38
GIPC2,919.5505133,-0.414805761,7.607670153,1.932337905,0.053317813,0.183895939
MKRN2OS,31.96560827,0.33995812,1.513085931,0.510004656,0.6100482,0.836598611
TMEM252-DT,54.83685492,-0.161108192,9.766546693,-0.144297486,0.885265564,1
AC147651.4,12.90797651,0.439223965,1.760195737,2.024944897,0.042873023,0.154731033
QPCT,76.0457655,6.542455808,2.132723691,11.56813088,5.97706E-31,2.37287E-29
AC009975.1,42.2012341,-0.264813448,1.855468189,0.15167867,0.879440381,1
SLC4A3,21.32166109,0.040957049,1.670049828,0.817946005,0.413388019,0.689242002
SERPINA1,2533.405515,7.7583701,3.006065762,6.280379764,3.37747E-10,4.88493E-09
AC092640.1,15.96920842,-0.087083812,2.056349701,1.216254764,0.223887888,0.48976447
HID1,56.99869439,0.573395102,1.207743044,2.928845797,0.003402232,0.018047633
AC079921.1,83.90965866,-0.020111794,0.700758612,2.948681116,0.003191331,0.017141853
DIPK2B,72.32071555,0.540001775,1.832479232,0.96785187,0.333118355,0.614453684
EIF5AL1,20.84636736,0.574920409,2.368406193,0.239295235,0.81087666,0.969814919
AC079385.1,24.44894606,-1.417920201,2.579977425,24.70298201,9.9342E-135,2.522E-132
ZSCAN21,77.07369664,-0.141970336,0.61190005,2.975741989,0.002922807,0.01578741
ZNF829,26.48546056,0.075612834,1.706725862,0.340268477,0.733654354,0.920359369
PRDX1,6900.689564,8.442742879,2.950955007,8.740256902,2.32581E-18,5.49928E-17
CR381670.2,104.2420827,-2.328253314,2.403332678,-1.551554154,0.12076894,0.334114702
MUC15,253.7485573,4.741218675,2.391352377,6.094839097,1.09548E-09,1.5316E-08
CRIP3,17.38217306,0.046618891,1.946502019,0.964964287,0.3345627,0.615940146
CKAP2,95.48272851,1.022135481,2.740414932,3.689091526,0.000225056,0.001558591
LCN2,116.8829418,0.558898371,2.334920223,1.018378695,0.308498023,0.588338247
AC002467.1,32.25297608,0.656827608,2.219670741,2.891282137,0.003836735,0.02005037
PLEKHO1,130.4993096,0.169774063,1.466459858,3.636494918,0.000276373,0.001888223
LINC01422,58.22759267,-0.190732788,9.984457982,-0.143640163,0.885784624,1
HIST1H1E,109.5002659,2.67728118,3.006465942,2.242000581,0.024961335,0.100375989
TCIM,933.2209953,3.63084244,2.391400263,3.656472562,0.00025571,0.001757003
ARHGAP6,1993.715529,-0.896985441,1.549841275,-3.286089821,0.001015886,0.006246178
MS4A4A,103.4451925,2.958112322,3.946755862,0.119674252,0.904741197,1
LRTOMT,94.07148162,1.585936174,2.047151156,4.35768752,1.31444E-05,0.000114651
HOXC-AS2,33.1197449,0.269436289,2.182199981,0.86487664,0.3871065,0.665541956
CEP170,299.2723412,1.278984312,0.982064523,10.42170267,1.97387E-25,6.38992E-24
CCDC39,14.47574625,-0.079848251,1.481195592,0.603633705,0.546087199,0.793150137
AMBP,62.89027314,0.502415697,1.812350382,2.064371104,0.038982544,0.143224086
S100A16,615.5431936,4.925306944,2.09567784,7.496162164,6.57135E-14,1.21212E-12
BAZ1A,627.1113942,-0.290085179,0.246645632,-3.055553733,0.002246453,0.012577793
MUC1,1243.201906,2.919304558,2.021748883,2.450423456,0.01426883,0.062879491
RNF19A,1024.621546,0.038463559,0.573081182,1.580530144,0.113985509,0.321525791
DIPK1B,85.68241459,0.099571568,1.427375453,1.479754466,0.138938784,0.366614457
KCNK13,113.1679437,0.18693761,1.215062848,-1.363089677,0.17285425,0.419955006
CCDC141,21.98844175,-0.151230284,1.88994237,1.013815694,0.310670705,0.590666199
UFSP1,20.36797204,0.46647261,2.473117452,1.095502625,0.273296496,0.550300835
AC119403.1,25.5739697,-0.097578994,5.952052227,-0.099887617,0.920433547,1
TRAF3IP3,208.6148629,0.291656057,32.68799936,0.267281536,0.789252402,0.95616199
TACC1,2071.472188,-0.033936419,0.364332945,1.934784131,0.053016791,0.183119579
SP140,170.3096682,0.27131685,1.87953802,1.397935584,0.162132412,0.404785553
FNDC10,24.75498048,0.422092328,1.962768775,1.380920848,0.167303299,0.412043637
SIM1,501.6449009,1.090277999,2.872382694,-3.890630525,9.99841E-05,0.000735208
FCGR3A,361.5169804,7.284524516,5.196774187,5.030627557,4.88877E-07,5.12073E-06
HAS1,17.74099318,0.113873177,40.28432976,0.246832816,0.805037613,0.965875505
AL118506.1,31.6279939,0.469769642,1.162868167,4.343833687,1.40018E-05,0.000121361
IMPA2,1396.377769,0.868737678,1.339783605,4.309151378,1.63882E-05,0.000139909
SLC5A8,68.6101174,0.092506069,1.682193247,0.35330268,0.723861537,0.914256644
LINC00955,19.73842973,-0.128108541,3306.229307,-0.305621291,0.759893007,0.938760047
DOCK5,454.2443355,-0.88218806,1.411074613,-1.208688267,0.226782631,0.493965238
CERNA2,69.40729682,0.253300048,1.525153531,0.280154504,0.77935897,0.949139408
IGLC1,1031.145093,3.429234918,9.632435283,0.360459379,0.718503629,0.910469526
NKD2,15.03315437,-0.66971693,1.248851619,0,1,1
LIPE,46.17084843,0.096551078,0.818847144,3.723611774,0.000196393,0.001375891
DSCAM,62.19439198,-0.583242024,2.090297429,0.655286749,0.512283151,0.766586896
HSD17B2,45.64932241,-0.047974614,2.715164195,0.185136348,0.853122093,0.991694039
PIH1D2,50.08370268,1.434105131,1.721614017,3.745090772,0.000180329,0.00127073
ANKH,350.7384176,-0.352446884,1.21368762,-4.055214275,5.00884E-05,0.000392848
NDUFB1,4474.440068,4.553424217,2.071241912,9.656184226,4.62781E-22,1.27192E-20
PKD2L2,58.85112412,0.326111825,0.329412377,0,1,1
GREM2,21.04690429,-0.059500751,2.282244934,0.764941865,0.444306163,0.712722766
PPP1R18,167.1514835,2.333463683,3.147014922,5.143933746,2.69044E-07,2.92283E-06
C1QTNF6,36.39410868,0.218841841,1.30525406,0.878101127,0.379888842,0.660227833
ROBO3,37.66998035,0.022555052,20.97977383,0.013170345,0.989491889,1
DENND2C,117.208034,-0.171174189,1.642041103,0.362432349,0.717028969,0.909676284
PTPN20,130.8138408,-0.124622821,1.195314061,22.78307998,6.7476E-115,1.5877E-112
LINC01569,33.0643172,0.251858542,1.637839973,1.017613171,0.308861826,0.588735434
LINC01091,214.4988886,-0.094004406,48.36864509,-0.124661161,0.900791806,1
LCAT,41.77666774,0.052496913,1.482343327,0.136354582,0.891540976,1
HOXA11-AS,15.39524048,0.358091621,1.77331474,1.020587376,0.307449973,0.587851936
FAM102B,144.2529845,0.352216819,1.342383646,1.531150204,0.125732274,0.343998653
AL117327.1,16.65305964,-0.026433212,1.409726037,0.169712641,0.865236132,0.99804354
FXYD2,46456.79244,5.124649012,1.203236272,10.08575519,6.38721E-24,1.93766E-22
AC006449.2,13.73520492,0.295653493,1.5320836,1.718536432,0.085698815,0.262956893
ANXA1,1742.666526,1.876987905,1220.927153,7.241835713,4.42652E-13,7.73598E-12
RMRP,30.49376337,0.204185766,2.148107136,0.497062499,0.619144979,0.843509619
PALM2-AKAP2,823.5806859,-0.458364314,0.474989081,-1.061949071,0.288258806,0.568131094
LINC02613,40.45565565,-0.152525232,9.015174566,0.143471702,0.885917658,1
PEA15,249.9124634,3.286065699,2.101357644,6.995349118,2.64599E-12,4.34114E-11
CARD16,281.885527,7.674606751,3.583507545,-0.411580639,0.680646825,0.885051883
CLUH,277.425034,-0.023845371,36.31098418,-0.025430686,0.979711435,1
MFGE8,229.3951976,1.660376878,2.844607427,-0.564991219,0.572079737,0.810780403
PDCD1,18.28047872,0.773589748,3.095846117,1.835539375,0.066425811,0.217290369
EML2-AS1,12.87666477,0.410467218,2.175762971,1.260819612,0.207373846,0.46861923
LYG1,119.9599879,-0.370958424,2.255657792,0.812757889,0.416356884,0.691427827
MTHFS,938.2315578,0.40135083,1.845856793,3.489673483,0.000483611,0.003139566
STC1,511.9730279,2.695524184,2.725697666,1.597704452,0.110108767,0.314638412
CDNF,42.21907522,0.461283562,1.5572327,1.315325045,0.188400684,0.443642289
B3GALT6,70.63284054,0.119751398,45.60505164,0.199054655,0.842219991,0.987469161
CA12,3185.208072,-0.227598722,1.856419516,0.244646016,0.806730531,0.967014094
LINC01139,140.8831322,1.203344663,5.808063648,2.259244027,0.02386821,0.096909351
ARMC3,22.02979183,-0.063640633,1.607455691,1.016682213,0.30930463,0.58932834
AC108047.1,44.19578552,1.268043015,2.033355462,0.415824322,0.67753856,0.883308481
ARHGEF26-AS1,18.89959847,-0.194313585,1.825656743,0.423937404,0.671611465,0.879825612
DBI,5113.939601,7.271156427,3.050592909,7.665590639,1.7801E-14,3.3938E-13
FBP1,2835.525054,1.663806293,68.24666642,6.101504255,1.05075E-09,1.47334E-08
HAPLN2,14.28022805,0.251901642,2.096687398,-0.541463052,0.588188458,0.821549869
MIR4300HG,32.62974625,-0.223797389,4.037453602,0.485407198,0.627387527,0.848389049
IGHG2,238.2496514,0.356403492,4.468789931,-0.347268618,0.728389524,0.916734996
AL603832.1,19.50287717,-1.391687382,3.18645297,0.526004706,0.598884937,0.82913935
RAB44,25.33966361,0.174540608,32.54003822,0.050557078,0.959678466,1
FAM184A,247.1463851,-0.962098809,2.763450675,-1.926681399,0.054019347,0.185701643
FRAS1,1363.37897,0.111382956,0.926554691,-2.662871743,0.007747694,0.037166585
AC104781.2,18.05577118,0.138380492,1.619483135,1.030116267,0.30295543,0.583122712
ASPHD1,39.38170621,-0.278571003,1.321260582,0.634991515,0.525433949,0.776905307
C6orf99,41.22217454,0.121461607,6.684690318,0.302216798,0.7624868,0.93997827
RERE-AS1,17.07120721,0.05402608,1.705888137,0.867498707,0.38566882,0.664383412
CWH43,82.52175205,-0.011214659,38.42054716,-0.060387321,0.951847157,1
LINC01033,31.05763032,-0.12894316,1.785319167,1.774997129,0.075898361,0.240141519
PROZ,57.80168224,-0.24832327,1.33794881,1.510230257,0.130984681,0.352078355
AC007277.1,14.36406552,-0.127067357,1.778642046,0.702371931,0.482447245,0.743285424
M1AP,23.85360189,0.314356372,1.613002558,14.37118903,7.84723E-47,5.2571E-45
CTF1,49.83281295,2.486332707,2.137732374,2.577067743,0.009964242,0.045992843
TBC1D13,190.5404066,0.199474348,1.216795773,0.904104881,0.36593979,0.648103756
GNAL,112.0430356,-0.192540094,1.467642915,0.889388298,0.373794432,0.655429598
ABCA6,66.24140734,-1.69283117,3.521046726,-0.939224022,0.347615738,0.630821863
ZPLD1,47.94142983,-0.092612036,2.824265134,1.157064019,0.247246206,0.518180349
PADI3,15.51140439,-0.055339667,20.2159994,-0.677581627,0.498036999,0.755196939
AC025810.1,23.86254241,-0.592599416,15.8324946,-0.461586501,0.644377877,0.859794381
PTGIS,61.83888177,0.233105454,1.376480812,0.859657606,0.38997781,0.668107963
AP001825.1,24.65089246,0.052184761,1.562071864,11.54925207,7.44656E-31,2.94414E-29
RUNDC3B,95.95289343,-0.835866508,3.140253563,-1.049606182,0.293899214,0.573924558
PCLO,546.7118348,-0.495344764,1.395819765,18.43953718,6.32806E-76,7.92815E-74
ERICH2,18.51258461,0.286665834,1.644735155,1.414616905,0.15718085,0.396113808
PIGZ,43.14872029,0.170446724,0.984555727,2.796553639,0.005165084,0.026087338
AC106897.1,19.78737966,0.175643765,1.56015109,1.666517455,0.095610395,0.284432561
AL023284.4,20.45040684,0.025333903,1.653314053,1.257762257,0.208477749,0.469617826
CASC9,40.5108879,-0.203857843,3.377832954,0.098624355,0.921436532,1
PDE6G,20.39446616,0.305333666,1.826748916,1.498370073,0.134037127,0.357578744
NEBL,1266.886791,0.170312508,1.035680551,-2.181272255,0.029163285,0.113397103
HPGDS,31.03998381,0.060840418,2.250350589,0.38602333,0.699479391,0.89691971
ARHGEF35,103.6957084,0.756054185,1.955960378,0.889524909,0.373721043,0.655429598
AC009315.1,51.19647469,-0.017695949,1.65741741,13.04157581,7.09748E-39,3.86833E-37
AC008731.1,57.79430998,0.027079874,22.20051059,0.007382779,0.994109448,1
AL139383.1,199.2976428,-0.278453166,2.749481771,-7.189279264,6.51342E-13,1.1281E-11
COL21A1,41.70152144,-0.533479218,1.18036348,0.564476825,0.572429668,0.810976199
SYNE1,2287.380336,-0.59705882,1.8870433,-0.545279605,0.585561229,0.819632788
LHFPL4,14.69554874,0.104217928,1.230457507,1.136298756,0.255831551,0.529047583
SEMA3F-AS1,22.4840173,-0.186592033,0.955082869,1.507800191,0.131605673,0.353157143
S100A4,3398.34377,7.576625938,2.818216038,6.814219809,9.47767E-12,1.50133E-10
CPB1,13.84356812,-0.027562028,4.289043347,-0.398004321,0.690627,0.891898082
CLEC1A,61.27960375,0.646384442,1.579221442,1.871562511,0.061267154,0.204939055
BMP4,43.67290655,0.169933479,8.54703638,0.196536669,0.844190134,0.988697612
AC020916.1,637.8868848,-0.083052984,14.11753928,4.219700212,2.44627E-05,0.000202221
ADM5,13.61750754,0.230941455,1.958318169,0.753220976,0.451317136,0.718790839
LILRB4,44.57288981,0.468902456,2.408691449,1.698614836,0.089391779,0.271268479
ECHDC3,673.9064024,2.460783716,2.338450227,4.331248591,1.48266E-05,0.000127936
FABP4,135.9612029,3.205938843,4.336165837,1.263444245,0.206429572,0.467558722
ABCA2,111.7620807,0.658963851,1.891180976,-1.255131339,0.209431085,0.470951441
NUP210,176.253722,-0.379926573,1.177390833,-0.414968049,0.678165293,0.883764727
AC097515.1,78.3512062,-0.151756248,9.628564835,-0.11324965,0.909832634,1
AL590434.1,16.73497929,1.414468093,1.162832003,0,1,1
AL591501.1,42.45536984,-0.258997061,2.218241333,-0.284816181,0.775784975,0.947081983
AL035701.1,27.03133748,0.21864539,1.064227477,1.566845185,0.117150883,0.327866135
ROGDI,246.5338375,2.375139872,2.108301178,3.81098018,0.000138417,0.000992056
DCHS2,16.3212983,-0.168319175,2.992119251,0.393026172,0.694300151,0.89400875
CLMP,50.2373079,-1.104698917,11.02744063,0.237598627,0.812192415,0.970185764
LCMT2,35.07760138,0.447843666,2.454126151,2.815294821,0.00487325,0.024808574
BICC1,3488.951155,-0.80022518,2.350631699,-4.574167484,4.78117E-06,4.4999E-05
PLXND1,163.8320085,0.997418055,3.250605092,1.554527976,0.120058529,0.333029667
LINC02336,85.83785746,-0.379682547,2.216872612,-0.522183961,0.601542252,0.830710487
IL17RD,73.38250559,-1.08200455,6.8817684,-0.410344792,0.681553039,0.885514096
CCL3,652.5008531,9.322114113,8.279991555,2.604065868,0.009212505,0.043184177
TFF1,17.65260514,8.481826134,3.540056609,0.385216717,0.700076859,0.897374629
GBP5,51.36326225,0.88445545,3.245191621,2.61175582,0.009007857,0.042327055
KCTD11,29.13040888,0.394719192,1.520404489,3.056031189,0.002242879,0.012565073
GATD3B,722.4189294,-2.588140259,2.52977189,4.038921496,5.36975E-05,0.000418433
STK4,637.0489262,1.000470766,1.971275257,1.016103007,0.309580337,0.589394486
TMBIM6,5420.541154,4.998075411,2.462522358,5.12230146,3.01829E-07,3.24971E-06
ZFP3,39.15947804,-0.07015842,1.252727349,0.869860518,0.384376634,0.663223286
AL691432.2,56.16996377,0.357606446,1.601421555,2.562491387,0.010392417,0.04783189
ATP10B,44.84774035,-0.043971837,3.20239452,0.572142719,0.56722529,0.807559382
PDPN,13.8244893,-0.164006919,7.754668255,0.329687239,0.741636297,0.926037453
PYCARD,268.335685,7.783965735,3.350321593,7.740468453,9.90512E-15,1.91877E-13
LOXL3,16.3065897,0.028822908,1.436947297,1.072900467,0.283315776,0.562260295
MYO1E,1476.481894,0.860024371,6.591005796,-1.338687717,0.180672357,0.431742934
ELL2,1035.236505,0.556047167,1.262900064,1.604669004,0.108566667,0.311061073
AP4B1-AS1,15.68218768,0.042567853,1.23997711,1.002039191,0.316324665,0.59671178
AL590822.1,18.02199844,0.044277441,1.592652597,0.41674752,0.676863092,0.882988269
MAPK4,156.0610347,-0.061528573,73.80469095,-0.037196083,0.970328662,1
CERKL,85.78581543,0.219882627,1.473784685,0.147165051,0.883001745,1
PRIM2,286.7952674,-1.046575072,1.465640562,-8.366583122,5.93131E-17,1.30638E-15
DGKE,139.3979775,0.033372263,1.261110611,1.553333938,0.120343376,0.333465598
GRAMD2A,32.64282005,-0.084602119,7.706709292,-0.010618824,0.991527564,1
CHRFAM7A,17.79416554,0.03812741,2.32759969,0.569971656,0.568696922,0.80881899
SV2B,17.53637356,0.121387201,1.296990038,1.883755434,0.059598064,0.20025863
AL031768.2,32.25656895,-0.244283481,1.544283022,0.716941625,0.473410116,0.736228125
PRKCG,40.31989058,0.111887452,4.400887741,0.527095221,0.598127465,0.828328404
LINC02785,17.15524173,-0.146795914,2.183969001,0.982653342,0.325778081,0.607300706
NPTXR,25.51397426,0.276234002,1.362576759,1.088934904,0.276182593,0.553800348
CAMK4,208.8956845,0.030275966,3.53066511,1.23371026,0.217310889,0.480441175
EIF4EBP1,278.5404325,4.02904657,2.381105552,5.555850757,2.76263E-08,3.37723E-07
LINC01138,440.0456331,0.135541869,1.546607696,-2.459613007,0.01390869,0.061690636
PARD3,2240.515962,-2.132792788,0.828610926,-8.885939792,6.33827E-19,1.55191E-17
HHLA3,131.9372106,1.054241992,4.13944681,3.202194936,0.001363847,0.008131662
CXXC4-AS1,23.49160687,-0.202840736,1.896651918,0.35998923,0.718855188,0.910675771
AL359704.3,86.7712986,0.117120883,1.772398082,-5.520323125,3.38377E-08,4.10606E-07
ATP2A1,23.12882058,-1.591365185,1.548319732,0.89577026,0.370375476,0.652241601
AL133480.1,36.64389739,-0.124423912,1.555454513,0.950935798,0.341636968,0.624317453
SPAG6,16.75840302,0.060989928,1.280402327,0.159644573,0.873161065,1
NHSL2,111.9803163,0.031369285,0.650847712,2.227036499,0.025944835,0.103382825
ARPP21,15.77293432,-0.184401663,2.026439728,1.466551812,0.142498017,0.372541564
LINC02284,46.58246669,-0.140409069,18.50796977,-0.137279402,0.890809951,1
C17orf100,30.73652612,0.086954722,1.610696973,1.463804442,0.143247388,0.373815833
SLC22A18,401.1143632,1.804852455,0.988709546,6.196799021,5.7623E-10,8.19895E-09
RAB25,288.2599435,4.164601962,3.861209138,5.735365295,9.73024E-09,1.25659E-07
LMO7,1159.475641,0.412673478,0.2519682,-13.19939076,8.84475E-40,5.04883E-38
TMEM174,425.2330511,0.082393334,1.799225784,2.511052859,0.012037167,0.054415441
LYVE1,50.93341814,0.150499729,1.700228949,1.337414723,0.181087301,0.432101417
MRPS6,1834.811791,2.825008705,4.597584636,2.127904781,0.033344979,0.126346824
S100B,26.37494511,0.89732151,10.017418,0.706216687,0.480053395,0.740972016
AC011446.2,14.01509618,0.31241704,3.278144705,0.16647536,0.867782872,0.999006975
ARID5B,1853.882433,0.239722654,0.728536118,0.897416573,0.369496672,0.651456247
PRMT9,310.9366623,0.865973883,9.977205956,1.466869688,0.142411508,0.372424509
LINC01088,62.59217551,0.045316033,1.472729627,0.575113397,0.565214608,0.80617155
NCCRP1,33.85327389,0.473621773,2.259034012,1.085047746,0.277900509,0.555492161
AC105384.1,17.14295859,0.127884963,1.84293904,0.702118817,0.482605068,0.743285424
CCDC170,40.27869935,-0.037021527,6.837562518,0.092069951,0.926642462,1
AL031289.1,16.55544903,0.253074433,1.548159757,1.902579751,0.057095403,0.194558768
SLC2A6,41.4765195,0.193523798,1.322687615,2.13417092,0.032828792,0.12488145
RALGAPA2,804.6162485,-1.182574866,8.279750894,-1.300534154,0.193417958,0.449831978
AL137856.1,68.75643013,0.049235984,1.642630659,1.520163234,0.128469955,0.347838804
MARC2,597.4094303,-0.195306111,1.275185262,0.953213541,0.340481887,0.622560418
AL139815.1,21.65881035,-0.010761504,1.806786764,0.598066468,0.549795583,0.796236643
AL133453.1,51.71320367,4.536770522,1.513619065,8.918218208,4.7385E-19,1.17512E-17
AC058791.1,127.0852994,0.479623719,1.317698552,4.015656658,5.92805E-05,0.000458236
CRYM,480.1532449,-0.201877648,3.534817081,3.010688561,0.002606561,0.014311605
FAM86C1,38.0018652,0.03861289,2.913408493,0.693398012,0.48805981,0.747231418
ATRNL1,140.315298,-2.266052601,2.355144865,-1.695779818,0.089927586,0.272124034
CPXM2,127.8089338,-0.028351676,2.482267271,-0.360178494,0.718713656,0.910616055
NPY1R,147.3816675,-0.034668425,66.49066428,-0.017567006,0.985984278,1
LYPD6,53.52019699,-0.186944055,8.56452864,-0.061154069,0.951236509,1
SDR42E2,27.1286988,0.250964021,1.147556708,3.567183733,0.000360838,0.002399041
PPP1R15A,1216.960769,4.477676264,4.993211645,5.878655563,4.13612E-09,5.51883E-08
TUBB3,27.68293617,0.069575694,3.051537056,0.120004655,0.904479461,1
ZNF549,54.64523068,0.097281019,0.474923159,0.278596788,0.780554278,0.949810731
NR2F2-AS1,1262.883935,-1.273452765,7.958997857,-1.905452141,0.056721323,0.193490312
SLC7A8,1079.808446,0.592188699,3.008327244,1.862643211,0.062512481,0.207521645
IGF2BP1,26.85914083,0.17668064,1.549234579,1.776910851,0.075582909,0.239300401
A2ML1-AS1,59.36920304,0.138225742,1.405803127,0.724827697,0.468557742,0.732012395
MBD5,1618.061102,-1.34786253,0.598464582,-11.65848689,2.07701E-31,8.38363E-30
AC106729.1,23.33049393,-0.089739348,1.458641086,0.430058908,0.66715279,0.87648413
PDLIM2,417.5486721,2.510944598,3.51562055,3.705933066,0.000210614,0.00146912
OVOL1,87.10418339,0.368735639,1.877173491,2.07930744,0.037589102,0.139139704
AL590226.1,50.50643333,0.033054012,1.956970169,1.435625496,0.151108936,0.386363081
AL359636.2,27.33865437,-0.106942704,1.132761538,1.018725917,0.308333105,0.588338247
NTNG2,13.36391045,0.106975148,1.934581839,0.948265542,0.342994288,0.625975979
FHIT,3756.421129,-1.84655257,0.664275404,-4.667905466,3.04286E-06,2.93251E-05
CDK5,110.1028427,5.731771716,2.710322309,-0.247220511,0.804737572,0.96582525
AC023424.3,193.4987497,0.490519299,1.002366382,2.791910483,0.005239785,0.02639593
AK4,1915.461693,-1.531457545,417.6130781,2.110989071,0.034773251,0.130528232
CALD1,1807.372078,-0.138244408,1.139692969,0.14536856,0.884419887,1
AC107464.3,14.69339242,0.193764512,1.699924527,0.948351941,0.342950317,0.625975979
GUCY1A2,66.28078508,-0.296450986,2.713933013,-0.38655777,0.699083627,0.896578004
CA3-AS1,61.35859308,0.137596572,17.45866278,0.088088516,0.929806324,1
CD96,443.7919776,-0.142382728,1.325147387,3.678789265,0.000234344,0.001620584
AL355075.4,40.90787368,0.469588256,5.691605916,0.716712477,0.473551525,0.736228125
LINC02535,54.10335942,0.289461253,18.16341211,0.313979668,0.753536481,0.9347263
ADRA2C,34.57702345,0.398879959,1.803929919,1.795930196,0.072505619,0.232225003
AC007448.5,37.52430356,0.002652771,1.186581275,0.955361941,0.339394694,0.621161186
LINC00924,73.3911886,-0.070631084,1.953633639,0.13046959,0.896194912,1
DIAPH2-AS1,56.16610522,-0.029845427,15.25627379,0.078647662,0.937312876,1
AC025171.2,51.74160791,0.393861866,1.080626568,20.85657873,1.32841E-96,2.41796E-94
MOGAT1,24.09242381,-0.237820542,2.781638494,0.400323474,0.688918281,0.890606598
PARD3-AS1,15.15127341,0.225811525,1.825498129,0.931713404,0.351484658,0.635138581
LINC02506,35.18626838,-0.099469455,2.535400958,1.060557301,0.288891136,0.568761794
MIR4458HG,668.2056785,4.397194738,3.461521193,5.034906615,4.78082E-07,5.0131E-06
SLFN13,38.4820199,1.838464321,1.470166046,2.738970043,0.006163199,0.03041247
CXCR4,1743.606066,7.645788776,7.486060094,6.226708924,4.76335E-10,6.80771E-09
ZNF669,36.86355731,0.18955243,1.044094439,2.947846668,0.003199957,0.017169071
AL022238.2,39.72598719,0.191636006,1.477006686,0.658067614,0.510494685,0.765460917
ANKRD20A1,17.21853261,-0.040290345,1.807243622,0.76348942,0.44517157,0.713502265
GPR153,14.56385961,-0.07459962,1.673330885,1.168297737,0.242686688,0.513195633
RANBP17,285.580978,-1.653247872,2.229315757,-1.678778407,0.093195238,0.279992047
MYLK3,18.77424008,-0.093854322,1.449989189,0.835858485,0.40323452,0.680347315
LIMK2,248.4809871,-0.362736071,0.697048371,-0.390683064,0.696031519,0.894809907
PPP1R1A,695.1308182,4.968753114,3.128860723,3.563784784,0.000365546,0.002421991
FDXACB1,20.18657121,0.399887354,1.539867774,-0.484979455,0.627690919,0.84868035
LINC02296,13.66132681,-0.0282589,1.948468528,1.156394148,0.247519974,0.51864144
AC005225.3,13.84775792,-0.23141267,0.950272159,1.145694478,0.251921589,0.523994733
DHTKD1,424.4475456,-0.503302815,1.099635462,-0.00067754,0.999459401,1
CD86,162.9956558,3.160590508,3.863070201,2.450602803,0.014261723,0.062879491
AC005759.1,48.79381809,3.22754854,0.354642929,0,1,1
AP006621.3,143.4936118,-0.317866418,1.507953712,-0.304689498,0.760602649,0.939321538
MANEA-DT,16.11432571,0.332310345,1.859066524,1.476628906,0.139775139,0.368020424
DNM3OS,30.73215275,0.044844575,1.765729071,0.211495822,0.832500392,0.981680881
GRK6,129.3005364,0.014323345,1.356130462,1.382937723,0.166683962,0.410937947
RPGRIP1,18.19045084,-0.040053255,1.020003842,1.619976446,0.105237337,0.304597836
MIR205HG,78.26273708,0.144693169,2.145127589,-0.107969426,0.914019945,1
DENND3,181.1996335,0.328696848,0.689710047,0.403760214,0.686389056,0.888924046
MDGA1,21.81524458,0.070848756,1.709851717,0.981665293,0.326264769,0.607672673
AC093019.2,27.72128488,0.202385133,1.313730195,1.014373587,0.310404523,0.590509255
GRK3,214.455883,-1.267382062,7.944083329,-1.364587209,0.172382827,0.419202706
CUX2,28.44477789,-0.0120015,2.965256793,0.850321341,0.395146455,0.672732319
PMEL,24.62217486,0.134349452,1.385362701,1.908595644,0.056314274,0.192578449
FAR2,158.2170547,-0.012129934,0.742598239,1.355647471,0.17521136,0.423799029
SLC47A1,402.7493909,-1.304922285,87.52883587,-0.438281387,0.661182317,0.872498475
LINC02669,13.82005404,0.262191758,1.803896107,1.030501133,0.302774821,0.583122712
AFF3,378.8431901,-0.639839748,3.295177387,0.07888065,0.937127554,1
CACNB1,16.68531871,0.024253801,1.753220057,0.606975706,0.543867035,0.791883343
POP7,271.4810932,6.380006124,2.973544351,7.307816806,2.71518E-13,4.85961E-12
SMIM35,29.81189956,-0.117826998,1.666906632,0.26958125,0.787482427,0.954643749
RHCG,1103.426971,1.24564857,5.592950196,3.210716638,0.001324044,0.007923731
AHSP,95.11062545,0.772532074,3.758511331,0.066621733,0.946882844,1
FOXP2,490.6730692,0.304460679,1.129033757,-1.671760668,0.094571526,0.282580349
EZH2,122.972021,-0.059109777,1.246372125,0.116333524,0.907388218,1
AL354836.1,27.06303857,-0.219270421,5.674031134,-0.478938881,0.631982109,0.851124334
AC009478.1,66.23320004,-0.227765795,1.281935967,-1.780139189,0.075053184,0.238327212
DDX10,634.4686183,-0.379511878,0.841932705,0.181025772,0.856347347,0.993575163
AC008050.1,34.52561174,0.107099588,1.462972162,0.828041259,0.407647134,0.684639956
ANKRD36C,286.2711363,-0.867541949,2.108327252,-1.960244014,0.049967276,0.173894053
TENM3,238.3153247,-0.172766849,35.50553689,0.060813177,0.951507996,1
FGF9,297.653834,-0.287161518,1.259924439,0.642052199,0.520839291,0.772422818
PTK2B,344.0481227,0.22495745,1.283600678,-0.969509633,0.332290976,0.61339668
PLVAP,448.7004881,2.248615706,1.946859888,4.399502766,1.08499E-05,9.61478E-05
CYP17A1,234.9910057,-0.257997662,1.499512443,2.300860098,0.02139954,0.088601444
NGFR,14.55786007,0.249496334,1.33253062,-0.142964094,0.886318539,1
RBFOX1,1058.903016,-0.273411588,104.8870189,0.090005331,0.928282978,1
LINC00645,232.7194666,0.016012558,1.842212152,0.957437534,0.338346461,0.620337618
F10,42.99028467,-0.240373299,1.231187061,2.193924791,0.028240817,0.11065766
CCDC80,128.2241614,-0.416635052,3.377989948,1.25039114,0.2111567,0.472628464
OVCH1,19.39562797,-0.009602737,1.856492996,0.899098064,0.368600429,0.651205644
LINC01117,217.2502068,-0.08829781,0.714027633,-1.248111303,0.211990299,0.473387343
TRAF1,120.2029587,0.289873994,2.000173498,1.07522702,0.282273101,0.560998889
SMOC1,23.51550245,-0.21491775,1.460061317,0.679750678,0.496662341,0.75370483
GLYCTK,203.5595864,0.985118373,3.302136077,1.434102238,0.151543089,0.386858457
TOMM40L,39.5015493,0.218145169,1.544719254,1.827484823,0.067626906,0.220032635
LMO1,14.67072437,0.028384543,1.716221196,0.881993692,0.377780219,0.658674457
AL353622.1,30.54696785,0.185010653,1.389331055,0.809934478,0.417977835,0.692466456
ADRB1,21.12007364,0.389971223,2.101740485,1.494681609,0.134997556,0.359459405
SLC39A5,479.2450942,-2.95157421,30673.5209,2.11076926,0.03479215,0.130548373
CLDN8,408.71911,4.579504227,3.023626981,3.216023525,0.001299802,0.007788315
UBE2E2,1371.131427,-1.228084316,2.875204344,-2.47178788,0.013443926,0.059960034
TOX,817.7258493,-0.65434522,0.769597319,-1.069875284,0.28467545,0.563993757
CCDC173,85.34502486,0.038575609,35.36255614,-2.31659E-05,0.999981516,1
AC079630.1,84.97892889,0.694273611,1.850912216,1.113257842,0.265597707,0.540874652
AC069224.1,13.75142367,0.207224285,1.792032228,1.426088347,0.153842842,0.390866973
NTM,95.7968759,0.170139472,1.514418394,10.41107309,2.20719E-25,7.12134E-24
COL4A5,432.4035506,0.181273409,0.735915571,-2.294137183,0.02178262,0.089878929
AL137779.2,38.97535373,0.221283071,1.526711926,1.176438412,0.23941973,0.509301462
KIRREL1,224.4339082,-1.445721353,1.741389853,-4.797701265,1.60497E-06,1.60115E-05
LIPN,17.79704363,0.600699116,3.687378825,1.299585167,0.193743186,0.450479758
LINC00578,33.55164893,-0.162998452,1.78663203,0.344858561,0.730200705,0.917572646
AMN,900.1915063,0.662010874,2.364310028,2.521262806,0.011693448,0.052985765
NPIPB5,252.769802,-1.709587939,2.123966585,-2.341900026,0.019185853,0.080894199
NGEF,57.09491858,-1.659394724,3.094056183,-0.155120208,0.876726552,1
AC018628.2,27.99719843,-0.07354825,2.461510876,0.229408181,0.818551678,0.973886415
AL121601.1,33.66240297,0.418883299,1.556495575,0.648730541,0.51651256,0.770019575
AJM1,23.74050705,0.013019149,1.564008888,1.00213948,0.316276232,0.59671178
LINC01829,45.91096446,-0.284537732,1.408043344,0.074875053,0.940314126,1
GPC6,953.2824216,-2.030634015,1.897797586,-2.27600184,0.022845899,0.093506318
RNF144A,199.9787283,-0.043900031,25.43145452,-0.026846349,0.978582285,1
ST7-AS1,18.80915256,0.411012532,1.919832324,0.919222327,0.357979295,0.642139506
SLC26A6,56.89228303,0.108165179,1.479945139,-0.191843448,0.847864836,0.989702716
SLC2A14,51.79014886,-0.15728853,4.739697554,0.63803132,0.523453293,0.774968155
SKIDA1,31.47827714,0.177230256,1.604992924,1.333680084,0.182308725,0.434576789
EDA,229.8261694,-1.678325772,1.372852962,-3.090810078,0.001996113,0.011360766
DERL3,30.35362582,0.284948597,1.69684125,0.716287901,0.473813596,0.736239435
AC010997.3,57.42047172,0.171231131,1.420789898,18.5732151,5.29362E-77,6.99556E-75
WNK1,2513.213721,-0.113594725,0.459067192,-2.427351206,0.015209524,0.06630198
TAC4,21.75361935,-1.430937882,0.937722901,-1.79923E-14,1,1
LINC01544,64.07925096,0.32613771,2.02089393,1.292840097,0.196066369,0.452887982
COL9A3,38.87561659,0.416398018,1.896876884,1.864385771,0.06226755,0.207136224
INSYN2A,69.93084254,0.582131818,1.885960825,1.331967521,0.182870862,0.435118635
AQP6,150.1660469,0.113973894,1.738246348,0.638236449,0.523319774,0.774968155
FER1L6,46.28935546,-0.150892223,1.873204782,-0.41596283,0.677437203,0.883308481
SORBS3,207.4503044,2.196758939,1.744378443,2.267714036,0.023346642,0.095031668
AC145146.1,16.08295248,-0.194869759,1.320726916,1.124844859,0.260654781,0.534439251
AC007666.2,17.59618692,-0.309765408,2.802164263,0.634727282,0.525606297,0.776972716
AC016766.1,28.20726804,-0.29592734,3.31280619,0.575455139,0.564983522,0.80617155
PDZK1,2716.898566,0.677784709,0.920340861,4.321846225,1.54729E-05,0.000133037
PDCD4-AS1,21.86212727,0.120332025,43.77946248,0.20807985,0.83516662,0.983701386
AC009495.1,30.01811963,0.055917629,1.48813523,0.080886813,0.935531967,1
MAMLD1,85.11199046,-0.190825305,1.792029221,-0.36504294,0.715079353,0.908756491
CDHR5,303.4250677,0.003661657,115.820924,-0.00303154,0.997581185,1
MRPS2,289.9688588,4.154977559,2.597750701,6.398466001,1.56946E-10,2.31507E-09
ZNF418,33.83622174,-0.110638371,19.96273301,-0.031435381,0.974922325,1
SLC10A7,245.6808015,-1.080376622,3.836810366,-1.471003923,0.141290056,0.370891203
AC093898.1,74.54813735,-2.199615357,2.811090017,-2.231002055,0.025680993,0.102458453
ANK3,2951.463785,0.427535263,0.724588671,-2.48695032,0.012884339,0.057704373
AC010320.4,14.41818485,-0.033525352,1.937669012,0.704388582,0.481190815,0.741982838
FOXC2,32.58905851,0.086655814,4.439532424,-0.232264454,0.816332619,0.972297157
ULBP2,20.82302335,0.603108552,3.370850907,1.374227561,0.169371047,0.414911755
NR1H4,569.7770616,-0.429214421,1.603413947,0.793170984,0.42767821,0.70012077
USH1C,459.1331726,-0.066334521,3.797166192,0.878134228,0.37987088,0.660227833
AC026801.2,23.7582917,0.675033755,2.213876568,0.622601185,0.533546632,0.784280782
UBA7,90.42576706,1.745461685,2.078588295,3.046120564,0.002318149,0.012904316
CLDN3,547.5181614,5.899682851,2.247790405,2.450613164,0.014261313,0.062879491
NEXMIF,129.171456,-1.624272543,3.193251968,-1.040700144,0.298014736,0.578809776
PRRX1,20.15404632,-0.071970273,2.431778777,-0.873502639,0.382389169,0.661568922
RUNX3,283.9138683,1.319791931,5.870268612,2.142782697,0.032130551,0.122612116
LEAP2,156.1444004,0.152601179,1.424144096,2.983436947,0.002850308,0.015473786
SLAMF1,47.94881388,0.381123012,1.683705053,2.21707102,0.026618239,0.105531809
AC018521.5,342.603684,1.901488608,2.419437745,5.555660519,2.76564E-08,3.37723E-07
MYCT1,92.6902032,0.512598949,1.492447282,3.048224675,0.002301977,0.012836518
STAC,102.4437797,-2.053622887,2.067144612,-3.922353753,8.76881E-05,0.000653731
AL807752.2,25.17114393,-0.018472597,3.251463227,0.638680921,0.523030527,0.774827318
AF121898.1,17.05864191,-0.027269132,1.563578456,1.36601635,0.171933832,0.41867787
SLC6A19,477.2604322,-0.109765604,30.02788015,0.744592178,0.456518298,0.721854125
TACO1,295.0139122,3.066337302,2.509326945,5.086508701,3.64715E-07,3.88345E-06
SLC16A11,47.6581974,3.370887157,2.070974581,4.52269978,6.10558E-06,5.63455E-05
AC022706.1,19.53737883,0.136522525,51.43677687,0.275476074,0.782950505,0.951885395
HAS2,18.02791043,0.15166344,2.443222667,0.26614189,0.790129934,0.956624432
TIGIT,52.89870435,0.431694396,1.603902912,2.223263067,0.026198066,0.104219689
AC026992.1,127.3027907,-0.119944802,2.248751845,0.741994748,0.458090518,0.722776313
DLEU2,816.1262237,-0.105433154,4.23641039,-0.049286088,0.960691307,1
IFI6,673.4727984,6.795895256,1.949772342,11.72347917,9.66207E-32,4.00043E-30
CEBPA,36.22900709,0.483689656,1.541791416,2.453504943,0.01414716,0.062518391
ZNF391,26.78364581,0.071833421,1.27658719,0.685206532,0.493213603,0.751070501
PHACTR2,764.6927935,-0.393368448,1.059071938,-1.446861124,0.147935823,0.381587403
IKZF1,336.8661141,0.37946738,1.850685242,3.669953508,0.000242595,0.00167165
ENPEP,1100.604545,-0.84029348,9.015230851,-0.256913305,0.7972457,0.960125617
NYNRIN,42.17701264,0.087533314,6.612649341,-0.088991477,0.929088684,1
FAM153CP,70.82992715,0.001944465,10.64970808,0.306452785,0.759259924,0.93832699
UBASH3A,19.44848579,0.333397395,2.677957911,1.098588093,0.271947774,0.548532495
RSPH1,79.84971179,0.72316288,2.434307719,1.395785567,0.162779078,0.405665142
AL356010.2,12.88304397,-0.022783107,2.380550347,0.626574665,0.53093808,0.782097978
CYP7B1,276.0351943,0.104457058,0.700486813,-1.478431646,0.13929228,0.367145527
AC010331.1,18.99794505,0.265015945,1.597230105,1.075349244,0.282218397,0.560998889
PATL2,86.57824012,0.882949837,2.55516951,1.692567779,0.090537769,0.273455809
TNXB,82.67611776,0.012588346,0.995603225,0.389471397,0.696927466,0.89547939
SLC22A6,1208.072329,-2.871434771,10.32516639,-0.487986578,0.625559348,0.847580201
AC010280.1,27.36408087,-0.244821568,1.746534153,0.032482479,0.974087288,1
LINC00551,106.9430769,0.20102273,1.819100151,1.203564684,0.228757876,0.496474068
AC138512.1,18.89729695,0.212391209,1.441047434,1.260054285,0.20764978,0.468787058
RRP12,207.3106006,0.038453948,47.8990447,-0.040476414,0.967713311,1
TMEM30B,123.7110607,4.97448239,2.929468851,4.371387895,1.23459E-05,0.000108372
KPTN,49.24165791,0.42896759,1.088433728,3.852354178,0.000116988,0.000847919
LINC02680,15.48899154,-0.238763425,2.236126763,0.597965406,0.549863016,0.796236643
TMEM273,40.10171535,2.214663568,0.535143621,0,1,1
LINC01671,43.18541291,0.25004797,1.814967942,0.304223319,0.76095776,0.939321538
C11orf97,17.00324539,0.313872403,4.418789687,0.921441075,0.356820192,0.640823283
TARBP2,92.20146479,1.40724042,2.077337182,5.357888893,8.42E-08,9.7985E-07
TRIM35,81.58263956,0.167469136,0.954591372,2.128448764,0.033299894,0.126275351
STARD13-AS,125.5844776,-0.694020831,2.210533523,-0.467586126,0.640080588,0.856192102
SMCHD1,1211.103483,0.291998389,0.579311502,0.111941602,0.91086971,1
EFEMP2,184.3914721,2.658082704,1.589683067,5.6137707,1.97965E-08,2.47059E-07
SOX9,188.6647942,1.35928824,5.01759176,1.972471753,0.048555778,0.170706118
HES4,509.5185099,3.78423016,2.139225399,5.064618921,4.09218E-07,4.34293E-06
AL024474.2,16.27711078,0.061911256,2.067148424,0.484516064,0.628019667,0.848886889
PCDH15,224.9712981,-1.454313549,9.123462183,-1.683031512,0.092368991,0.277682661
TRPC7-AS1,36.42743644,-2.772077182,3.44967296,0.955755669,0.33919569,0.62103261
NKAPL,23.91581301,0.295677524,1.523414228,1.772687643,0.07628048,0.240876527
KDM4A-AS1,32.07008101,-0.094158724,5.800338495,0.283015208,0.777165179,0.947827115
LINC01004,530.1871288,-0.771789312,1.4189122,-1.122809097,0.261518581,0.535527436
SIDT1,133.5037169,0.00544014,1.364649212,0.569252183,0.569185012,0.809274549
LINC01031,13.72412571,-0.380373693,1.547512091,0.589432537,0.555571155,0.798956463
FANCI,34.12000606,-0.065957544,1.574778199,0.938549876,0.347961898,0.631009678
ZFP36L1,2223.205162,1.663276743,1.566689864,3.581460707,0.000341679,0.002285834
IQUB,129.5112989,1.104053556,4.543801075,-1.428943064,0.153020599,0.389393225
AC148477.4,27.53845048,0.534734695,2.27799159,0.510940125,0.609392983,0.836365644
FAM66B,21.2821917,0.007403068,1.727910841,0.224764667,0.822162355,0.976077566
GABBR2,32.34349569,0.034884739,2.216149155,0.98911104,0.322608817,0.603140941
GVQW2,22.45818068,0.105459861,1.237196426,1.010819623,0.312102769,0.592238461
KDELR3,51.92541755,2.17156416,1.50826447,6.741114284,1.57177E-11,2.44957E-10
AC093916.1,17.46194269,-0.011551674,2.640646398,0.81212523,0.416719777,0.691569877
ARID5A,211.2500477,0.234268979,3.871920109,1.748095229,0.080447539,0.250833035
AC117509.1,17.13874487,0.038774488,1.55481549,0.721836469,0.470395025,0.73322624
GPX2,191.8801075,0.531536078,3.246370054,0.929049894,0.35286323,0.635919985
FAM161B,24.89866571,-0.027537792,3.10491379,0.685391673,0.493096798,0.751070501
STK32B,464.3543937,-1.830045856,1.988532274,-1.865836293,0.062064273,0.206606407
SCARA3,56.9932414,2.510395454,2.158621578,1.745596884,0.080881024,0.251696529
RAP2C-AS1,316.3094397,-1.152448425,17.85472657,-1.086914122,0.277074765,0.55504321
CACNA2D2,30.76821464,0.41087482,1.381671854,2.317729233,0.020464041,0.085387805
STC2,21.66563175,-0.089589787,2.703476646,0.355670232,0.722087541,0.913008183
LINC02453,25.57824016,0.237580561,1.414013893,2.234980638,0.02541862,0.10174831
LINC00346,13.36418671,0.326909683,1.907410227,1.004030566,0.315363881,0.596252581
AC027601.6,48.17160215,0.359244166,1.511193928,1.040905543,0.297919389,0.578741108
OLFML3,37.8861111,3.939485709,2.568824023,1.563826119,0.117858409,0.329177784
CHRDL2,29.48681522,0.465556342,1.958519007,1.458266438,0.144767117,0.376230706
UGT8,411.8373896,0.547859195,1.463845246,-1.137594046,0.255290034,0.528336225
ABHD17B,226.1503651,-0.01103469,1.890377881,1.116229203,0.264324037,0.539330925
CA2,2659.682213,3.599892971,1.383144666,8.769409656,1.79605E-18,4.32083E-17
AC008736.1,20.20151033,0.355029492,1.683030916,1.794167006,0.072786517,0.232892712
FILIP1,128.401187,-0.322787249,1.007313125,2.01932874,0.043453063,0.156473197
OSBPL7,42.56275705,0.533964386,0.732391476,3.200706039,0.001370913,0.008163703
CCL3L1,199.4551079,9.2387771,7.81017004,-0.98943704,0.322449359,0.603081948
GAL3ST1,163.608508,0.494885115,1.140715061,4.418023575,9.96076E-06,8.86452E-05
AC097459.1,34.87185153,0.091313198,1.91405761,0.407539002,0.683612154,0.88723348
DNAJC18,89.82169631,0.379367538,1.367875425,1.581046272,0.113867458,0.321507622
U91328.2,80.86471666,0.08368499,1.637180259,1.250623114,0.211072014,0.472628464
FSIP1,127.0729185,-0.005817977,38.5585855,-0.050744197,0.959529358,1
ZNF358,245.5903748,0.734029769,2.229921322,2.050548761,0.040310911,0.146857762
CACFD1,121.8411827,0.378749885,1.383624598,3.6331956,0.000279933,0.001909838
ETFB,2839.334964,4.752647115,2.459945094,7.974578851,1.52901E-15,3.1119E-14
AC012494.1,51.76723172,-0.420866945,3.881401514,0.112077244,0.91076216,1
SEMA4G,42.67827169,0.165426533,1.141256257,0.758663805,0.448053694,0.71609907
HTRA4,16.65900161,0.079534579,2.334007417,0.300201798,0.764023234,0.93997827
HIST1H2BK,26.6177833,1.241255024,8.648170418,0.727296822,0.467044144,0.731147618
LINC01943,17.27336983,0.395241429,2.331290689,1.259172926,0.207967878,0.4689638
ZNF707,26.82483145,-0.080897628,1.839671991,0.452210045,0.651117673,0.865078114
LCMT1-AS1,24.58734446,0.096203241,1.437440847,1.197261559,0.231204623,0.500096636
BMPR1B-DT,18.04730894,0.537261511,2.204024871,1.234597647,0.216980285,0.479983676
CYP27B1,132.2737954,0.072457442,3.043953598,0.71295626,0.475872824,0.738418069
JAZF1,435.8234831,-0.698339793,0.505417587,-4.139161638,3.48577E-05,0.000282582
CYP3A4,19.87732579,-0.018362148,1.965169768,0.776203872,0.43762862,0.70808597
KIAA1328,574.4155972,-1.332220397,2.379974198,-1.423415434,0.154615761,0.392292808
RSPO3,22.0856007,0.137719992,1.89285372,0.911329057,0.362122021,0.646206277
PPP2R5C,1056.428715,0.456524227,0.740960094,-0.660498399,0.508934046,0.764034662
NRXN2,101.4873043,-0.129512958,3.486586255,1.142753363,0.253141007,0.525624471
AC105290.1,14.91691896,-0.043386288,2.045724625,0.67907524,0.49709019,0.754235461
CCDC196,21.32228757,-0.185803768,2.281568769,0.852400766,0.393991695,0.671931351
PPARGC1A,1470.473603,-1.446453946,2.148311538,-1.073095285,0.283228366,0.562202479
TMEM252,40.33374572,0.055383359,2.102425446,0.918269324,0.358477883,0.642794821
WFIKKN1,14.33436635,0.09126915,1.654638948,0.897598714,0.369399525,0.651456247
MTRNR2L12,6679.266807,3.927059943,106.9710339,1.521332234,0.128176485,0.347239133
SAMD15,21.07643629,0.019369441,1.868155011,0.713861017,0.475313125,0.73766823
LINC02511,27.22118374,0.026154932,1.669188589,0.260272362,0.79465369,0.958732385
AC079447.1,249.5857159,-0.724977059,0.509474527,-0.691194119,0.489443559,0.748282411
TECTA,15.4689595,-0.082853397,1.931572548,0.766629095,0.443302072,0.712060784
AC137056.1,143.3462039,0.159400323,7.350949521,-0.491137306,0.623329337,0.846460884
C16orf96,18.28754585,-0.115188645,2.495852196,0.85726437,0.391298795,0.669301325
TEX11,22.0408891,-0.435354228,2.915485739,0.396340267,0.691854025,0.892526849
AC022424.2,15.49982028,-0.156319323,2.373428965,0.857853663,0.390973274,0.669187067
TRABD2A,43.74946211,0.201878448,6.534618359,0.502742632,0.615145232,0.840448404
LIX1L,119.0376614,0.230652101,0.882518583,2.92782171,0.003413457,0.018083263
MTUS2,51.27892004,-0.002879121,1.326163768,1.663936964,0.096125027,0.285240891
ADAMTS5,61.93048111,0.673141238,1.953945625,0.506780833,0.612308607,0.838166121
GAPT,33.62466438,3.936539551,2.047834665,2.207744696,0.027262075,0.107565333
ZNF786,71.37150802,-0.667995237,1.045026962,0.749578578,0.453508557,0.719966184
HTRA1,354.096821,0.277413963,1.605854219,-1.601918923,0.10917354,0.312428696
RASSF4,498.7757119,-1.501331162,2.22121774,-1.223704053,0.22106389,0.486229673
RHD,33.34848535,-0.090775831,9.45981458,-0.132115386,0.894893027,1
SPSB4,18.5368187,-0.293326418,0.951180097,1.474452352,0.140359838,0.369253165
AC026689.1,62.48731385,-1.482200028,3.881163424,0.043937397,0.964954306,1
EIF3K,3620.828617,3.732643774,0.866677636,15.89658219,6.69174E-57,5.66273E-55
CDH5,153.9273907,0.309918538,1.516968159,0.731361042,0.464558655,0.729070659
AC096751.2,36.64775643,0.167944891,1.186166989,2.846115519,0.004425614,0.022709519
CREB5,603.0094242,-0.467434244,1.697298445,-0.175254982,0.860879284,0.996149988
NCR1,26.72059624,0.385124859,2.857039747,0.924159459,0.3554033,0.639301814
FAM167B,186.1677211,3.994032894,2.990094447,2.692724783,0.007087074,0.034442825
AC009118.3,16.52045488,0.11984092,0.92350019,1.394167107,0.163267148,0.406461466
ZNF107,99.58624149,-0.021137352,26.64048541,-0.0492708,0.96070349,1
TLR1,58.90883717,0.250649757,1.41332975,2.711932696,0.006689217,0.032740172
AC233976.1,30.88980396,-0.241672782,2.571930697,-0.393612439,0.693867196,0.89357053
GALNT15,93.11144569,0.536690939,1.471324325,2.020840449,0.043296284,0.155966861
FMO2,81.17412507,0.273665788,1.485193406,0.481208963,0.630367991,0.85028906
RCAN2,833.9233202,-0.960511297,1.994306891,-2.809396991,0.00496344,0.025214484
GFRA2,22.3833876,-0.003170449,1.436927075,1.724528813,0.084612422,0.260784676
WDR24,49.7652383,0.476300551,1.059941729,5.057919147,4.23856E-07,4.48349E-06
LINC01213,13.1337447,0.287810871,1.856394952,1.11103613,0.266552798,0.541925151
SLC22A7,203.5532519,-1.837199601,8.662571088,0.418732708,0.675411489,0.882338723
AL121935.1,25.2107072,0.194768109,2.5848435,0.687593199,0.491708992,0.750179578
C22orf39,54.16854957,0.808581163,3.138434864,2.437744233,0.014779227,0.06460136
FGGY,676.7122231,-1.746879485,1.440893448,-2.307228864,0.021042065,0.087421533
CDH6,533.0736459,-1.268276848,7.370929281,-0.655433091,0.512188952,0.766586896
DNAH1,56.1634828,-0.05813058,41.5201229,-0.076381062,0.939115936,1
APOC3,122.6729445,1.022247873,25.61693775,0.827581825,0.407907365,0.684783473
CYB561D1,42.41139724,1.164778847,23.01869813,4.952449068,7.32852E-07,7.5131E-06
HS3ST3B1,68.52806433,0.59720083,1.602268421,-1.572170855,0.115910933,0.325339764
ANGPT2,159.1430848,0.602394145,1.842941662,-1.865674898,0.062086864,0.206606407
PHB,1681.962134,5.73079951,2.944332997,7.0008576,2.544E-12,4.2024E-11
AC010789.1,51.06264093,-0.415856557,2.548887814,0.876855984,0.380564866,0.660858517
MRPL49,243.1943049,4.611403608,2.203618579,7.315273431,2.56858E-13,4.61435E-12
SLC44A4,229.9517101,2.155829999,1.890163171,18.31696714,6.05971E-75,7.30725E-73
MADCAM1,22.33484267,0.324526954,1.719175057,0.942203897,0.346088259,0.629352203
AC138207.2,19.39211339,0.582259264,1.292373335,1.580319066,0.114033816,0.321568027
AC113414.1,245.6099813,-1.782118129,2.133633198,-2.244017394,0.024831282,0.099964308
GNPDA1,460.7422029,0.770434951,3.007993751,3.069304129,0.00214558,0.012089479
CTLA4,28.99254644,1.111804639,9.427694218,1.792273308,0.073089197,0.233706159
HOXD9,136.7561794,1.087954936,4.59291573,-1.85381406,0.063765766,0.210667242
HES1,1633.914039,2.902601413,1.095401113,7.079412426,1.44767E-12,2.44583E-11
AC104472.4,13.74231074,0.2413208,1.521672836,1.147678404,0.251101349,0.523140437
AC024084.1,13.46630694,-0.151233475,1.875710424,0.83687092,0.402665128,0.67958546
KIF21A,506.3701831,-0.372743283,0.752218178,-0.598328308,0.549620892,0.796236643
AC137494.1,19.56611328,-0.061417731,2.031668974,1.42096734,0.155326254,0.392744921
AC008966.1,46.37538136,2.552877178,1.335582475,7.026098863,2.12388E-12,3.53662E-11
AL445248.1,46.22399226,-0.094588488,5.54207363,0.611171817,0.541085839,0.789775651
PWRN1,688.8328702,0.932808039,16.67265844,-0.731143208,0.464691685,0.729160814
VWA3A,22.04200621,-0.037652769,1.129762868,1.23701488,0.216081558,0.478608941
LANCL3,13.26472075,0.196487675,1.295517442,1.366252274,0.171859795,0.418669556
BORCS5,315.5730686,0.156949363,0.524184478,-1.134271355,0.256680741,0.529827726
CDCA7L,36.46237555,0.233399688,1.58832488,1.143568462,0.252802647,0.525147963
OAZ1,5874.108139,6.841501118,0.98930213,35.70939225,2.8261E-279,1.8176E-276
LINC02446,32.95349681,0.600183126,3.028179457,1.293588145,0.19580772,0.452887982
AL691420.1,14.56283917,0.019192659,2.98304175,0.748510675,0.454152189,0.719966184
PCDHB5,18.37377975,0.286508173,2.389645149,0.82691987,0.40828248,0.685074263
LINC02755,16.04786709,-0.236328769,2.912687844,1.256233165,0.209031446,0.47049145
CAND2,39.34357572,0.40735621,1.284494653,1.879184306,0.060219332,0.201822182
AC005695.2,43.11114989,0.134178053,1.299941982,0.955619163,0.339264676,0.62104105
ZNF385D,336.4047821,-0.064142261,1.008246961,-2.167762988,0.030176724,0.116679302
F3,89.84799286,0.220628049,1.623362935,1.003836829,0.315457269,0.596252581
AL096794.1,19.94890881,0.188419589,2.271629791,0.939036049,0.347712236,0.630878304
MGP,2477.893284,3.452242842,4.152971333,3.075977939,0.002098134,0.011871376
LACTB2,796.5544047,0.64057331,39.2908171,4.283196409,1.84227E-05,0.000155489
GREB1,40.12866959,-0.379220286,2.277230446,-0.348408357,0.727533527,0.916135744
LRRC23,458.0817641,0.680413463,26.30398136,2.855756508,0.004293443,0.022125449
CD3G,169.8472374,5.739418385,4.607530926,-0.652757747,0.513912467,0.768042381
CYP4X1,26.63308062,0.175057828,1.610095094,0.748516833,0.454148476,0.719966184
SDK2,48.88603555,-0.200976376,1.79325524,0.43707568,0.662056464,0.87299873
IQCA1,135.8061194,0.232231889,1.191916946,-8.066288018,7.24677E-16,1.50021E-14
C3orf85,279.0524654,-0.177322655,5.87643664,1.665117318,0.095889352,0.284804366
IRF1,656.2759614,3.262505232,1.650211454,6.253054606,4.02501E-10,5.76958E-09
AC004148.1,30.44212972,0.120625836,1.338345498,1.20378751,0.228671718,0.496474068
BMP2,40.5531605,0.183334799,1.650801712,0.400755125,0.688600421,0.890472957
JAG1,408.0402405,0.072402581,0.778567298,0.770281395,0.44113299,0.71057104
DUSP7,42.31941137,2.312635233,0.679926514,0,1,1
NPSR1-AS1,217.5644396,-1.888204265,6.687767905,-0.26311123,0.792464848,0.95787792
HTRA3,18.23442253,0.111617025,2.551818475,0.707832798,0.479049096,0.740488164
ST8SIA6,98.69151092,0.255564753,1.183010249,18.69244714,5.70358E-78,7.97427E-76
AC231533.1,13.28732138,-0.197978989,2.402557794,0.937148077,0.348682394,0.631806735
SESN1,457.9760191,-0.315970207,0.352192659,2.603594435,0.009225185,0.043222612
LOXL2,100.4045327,1.749542406,1.011744729,3.255030631,0.001133801,0.006883437
CATIP,50.15799637,0.355425875,1.310511999,1.162545351,0.245014015,0.515884826
CALML3-AS1,14.77361656,0.074034499,3.262176105,0.889301334,0.373841155,0.655429598
AC092343.1,15.71830695,0.134961692,1.776983295,0.482173601,0.629682628,0.85028906
SAMD12-AS1,96.89886399,0.057935658,0.993111941,-1.902225204,0.057141719,0.194558768
LRMDA,2902.077508,-1.904444539,1.433590452,-2.765371004,0.005685809,0.028346769
AC098484.4,20.10870959,0.119016358,1.546975346,0.213660917,0.830811491,0.981008379
AFF1,2000.326575,0.847000439,0.510018982,-5.048540667,4.45198E-07,4.69379E-06
L3HYPDH,174.0164791,0.021981064,1.35077928,0.160926318,0.872151434,1
AL133351.1,59.454011,0.311039633,2.484246416,0.958596978,0.337761815,0.619818953
NPAS3,653.1327523,-0.060482656,0.722965042,-4.920496992,8.63247E-07,8.79382E-06
NR1D1,70.26006587,0.437640899,2.270118056,5.376352853,7.60098E-08,8.90967E-07
KCNN2,36.00818914,-0.05183138,1.922086169,0.523499968,0.600626373,0.830230315
KANSL1-AS1,234.8180435,4.014086333,2.945699561,4.25546966,2.08611E-05,0.00017424
COX6A2,74.3558699,0.694789241,5.932124712,1.71634929,0.086098132,0.263915252
GLMN,200.058439,-0.338999039,1.072302252,-0.367146966,0.713509396,0.907837661
EIF4EBP3,356.4881205,3.739085311,3.250491273,2.902464828,0.003702387,0.019411375
RTN1,118.3938823,-0.390196672,1.367155235,0.260672488,0.794345084,0.958656969
PRRT3,37.83680764,0.071533781,18.47471128,0.02027704,0.983822371,1
EHD3,209.69285,-0.009904834,2.03583326,2.477812278,0.013219067,0.059066394
MIR1915HG,39.7624644,0.196421135,1.702991916,1.858868122,0.063045834,0.208789275
TMEM140,149.9163112,0.437129492,1.557867056,1.082119455,0.279199452,0.556955565
KCTD8,256.6468479,-0.200922582,1.527021929,-1.378986701,0.167898854,0.412562467
AC090617.4,21.92449206,-0.136819197,2.247563812,0.898777346,0.368771269,0.651205644
AC012363.1,16.40185716,0.059184983,1.452303164,0.508735356,0.610937736,0.837265305
AL391650.2,23.9180891,-0.082147829,4.827068034,0.526111024,0.598811069,0.82913935
MAML3,1088.132125,-1.198919834,6.076570546,-1.833907823,0.066667678,0.217719394
TAX1BP3,475.2274469,5.367146079,2.761971445,4.971762383,6.6347E-07,6.85278E-06
AC109927.1,50.37858187,-0.12430501,13.05784861,-0.079815008,0.936384388,1
MCM8-AS1,15.53635682,0.148492986,1.769028228,1.128782478,0.258989606,0.532496319
CPNE8-AS1,16.83579379,0.601454939,1.856892387,2.221087587,0.02634503,0.104588683
SCIN,1100.409552,1.835189663,2.899088515,-0.686713559,0.492263251,0.750517706
TGFB1I1,126.5348559,3.403674813,2.981731937,2.243909351,0.024838234,0.099964308
CDH26,20.53572569,-0.065350693,1.884335306,0.446002061,0.655595757,0.867956142
MID1IP1,193.0092291,4.452690328,2.158045692,6.146787968,7.90677E-10,1.11516E-08
PARM1,232.6557342,-0.066904434,0.722051085,0.495251987,0.620422258,0.844415001
MPZL2,170.3679318,1.573733449,3.042554711,-1.545427017,0.12224301,0.337225712
AVPR2,58.9458123,0.804167503,2.198264758,3.736286136,0.000186758,0.00131316
AC147651.1,19.14084528,0.083028083,1.77450038,0.84033554,0.40072028,0.677488352
FTL,110067.9327,8.387032557,8.954170461,7.825809829,5.04399E-15,9.87006E-14
AL359397.2,71.54516133,0.419398949,1.545487476,0.98231163,0.325946347,0.607496987
VANGL1,81.40009853,0.484062622,1.436675611,1.885017206,0.059427515,0.200056013
ANXA9,137.5224701,0.265328969,1.350973867,-2.154172118,0.031226677,0.12001743
MAF,1067.187568,0.133244008,64.62232319,0.013762056,0.989019814,1
DNM1,129.8565771,-2.014868081,2.872373244,-1.888543545,0.058953018,0.198858717
RAB39B,16.46573472,0.367916952,1.451433863,1.701534913,0.088842588,0.270120145
ANKRD65,33.80966672,0.458576224,1.883870234,1.967685334,0.049104254,0.171695811
NIPSNAP3B,50.46253629,0.368406844,0.239708941,-3.60564E-14,1,1
CNTN6,29.02122809,-0.34504637,1.763085579,0.209461545,0.834087952,0.982952171
RANBP3L,460.2739358,1.332872386,5.676355901,-0.211638399,0.83238915,0.981680881
SLC2A2,256.569838,-0.406357302,14.7425491,0.4183039,0.675724939,0.882338723
MAPT-AS1,26.80914411,-0.332486721,4.181858309,0.88386579,0.376768666,0.657717588
AC004687.1,73.31652025,0.416060554,2.114455371,2.438836844,0.014734619,0.064523319
SEMA4F,20.28004236,0.193668079,0.840024088,2.521927874,0.011671364,0.052910547
SH3BP2,266.5684946,0.027038787,1.073214611,0.348787437,0.727248896,0.915896879
ADA,84.74990097,0.958763574,2.585908349,3.973258294,7.08961E-05,0.000540233
AC079793.1,122.5864325,-0.27134512,1.267370635,3.193080335,0.001407638,0.008356604
SIGMAR1,97.80834019,2.886824129,2.678185017,4.123061148,3.7387E-05,0.000300561
Z68871.1,20.53133395,-0.046980845,1.426192043,0.292325318,0.770037903,0.944011905
AC022126.1,82.43737887,-0.129232532,1.334648371,0.402549865,0.687279398,0.88971878
PTN,121.9034233,0.08277929,32.30186795,-0.023220259,0.981474579,1
TPPP,32.60014528,-0.007482549,2.594301163,0.413053638,0.679567316,0.884412399
RARRES1,146.2759075,-0.296895526,1.873535219,0.532657714,0.594270543,0.825352404
FCAMR,95.89152151,-0.281954599,9.551947495,1.042993948,0.296951096,0.577557907
EPHX2,862.4488821,0.375537945,1.580602619,1.146625198,0.251536558,0.523419579
MUC12,13.11659024,0.28362858,2.107499401,-0.064496333,0.948575027,1
NOSTRIN,402.0507211,0.224182332,1.257572086,1.356538979,0.174927742,0.423576287
SALL2,19.22796599,0.401950692,1.852424206,1.175792992,0.239677608,0.509379497
RUSC1-AS1,18.94510987,0.157722871,1.526008398,0.775004597,0.438336943,0.70902691
PANX2,50.70563128,0.259022765,1.640064161,0.609320567,0.542311977,0.790702988
SCARF2,28.45922485,-0.048408733,1.704285849,0.447947216,0.654191291,0.867250706
C6,31.17034172,-0.429315656,2.769281684,0.236493623,0.813049655,0.970811559
MAPK11,31.50328825,0.005377621,9.126681205,0.065122453,0.948076503,1
LIFR,943.172693,-0.374473056,0.829408628,7.905254703,2.67386E-15,5.3295E-14
TPCN2,106.770912,-0.345638236,0.515593386,0.541295495,0.588303925,0.821549869
ABCA5,718.0955027,-1.036941493,2.623729423,-0.120919682,0.903754652,1
JMJD4,69.28359624,0.110717412,17.24399194,0.11435851,0.908953602,1
ITPRIP,285.5696069,1.361683441,11.56172823,5.11110793,3.20275E-07,3.43681E-06
NFKBIZ,795.1354688,0.888865655,2.820918872,1.823616954,0.068210002,0.221630814
C5,62.99845778,-0.42688269,1.050697129,0.675027591,0.499658236,0.756071313
AC116362.1,80.38944674,-0.227326901,1.85536452,0.108196115,0.913840127,1
CAPN13,63.73465086,-0.205636409,1.629936449,-0.567641719,0.570278273,0.809791925
AL365226.2,20.27835436,0.50539264,3.59938431,1.257269755,0.208655972,0.469865584
ATP2C2,48.67082221,-0.105306361,16.56386472,-0.17045739,0.864650442,0.997873833
TNFSF10,1373.625233,1.634080087,0.870278418,8.671386709,4.26889E-18,9.94734E-17
ICAM4,20.4606374,0.378112048,2.560995477,-0.766130707,0.443598534,0.712159039
AC120498.4,19.80547787,-0.025029363,2.578119595,0.845831699,0.397646639,0.67450147
TAGLN3,64.87241413,0.563293113,1.939624768,0.777202294,0.437039429,0.707640042
CNTNAP4,13.84053966,-0.016015916,4.734503173,0.411236886,0.680898843,0.885260262
AC007099.1,22.16920738,-0.265418547,1.904607435,-0.010411213,0.991693204,1
AFAP1L1,102.4335239,-0.066594907,1.732092216,1.552179328,0.120619321,0.333892278
KCNJ15,1470.840535,-0.91543555,1.730163598,-1.084513641,0.278137122,0.555755762
TMEM200A,65.81218074,-0.972671621,5.410854527,0.05911667,0.952859181,1
FAHD1,637.0131965,0.3135176,2.011061256,3.602707031,0.00031492,0.002124501
AC233296.1,32.27462855,-0.24475348,2.84261173,-0.451638143,0.651529687,0.865387153
KPNA6,227.5575664,-0.107831153,50.25562546,0.086777185,0.930848623,1
GPR82,21.15697595,0.7644706,1.271746467,0,1,1
FOXN3-AS1,27.92597431,0.673713897,2.90836885,1.520551149,0.128372514,0.347672555
HMOX1,503.9966642,1.228430585,171.4325434,4.795890309,1.61954E-06,1.61402E-05
TJP3,105.3637209,0.401443193,1.173881871,-0.209277925,0.834231284,0.983001001
AC027117.2,66.27712491,-0.047956092,33.77399365,-0.082279927,0.934424116,1
HMCN2,39.72094834,0.28176062,1.539894324,1.311445541,0.189707281,0.444907177
HSD11B1-AS1,92.31296694,-0.183166089,1.9688938,0.517922248,0.604512519,0.83250996
TAP2,142.82023,2.462777307,2.059533343,-0.517932894,0.60450509,0.83250996
AL031280.1,29.31375567,0.075156698,1.856296254,0.812154353,0.416703069,0.691569877
LRAT,29.47798,-0.226605034,1.759739007,-0.45375255,0.65000694,0.864205923
TRPV1,91.38394278,-0.254099173,1.18937045,-2.146807945,0.031808575,0.1215758
CD58,471.699048,0.044712837,40.91767049,0.006716533,0.994641022,1
ZFP36,3389.212718,4.771401175,3.695778085,5.345290905,9.0272E-08,1.04548E-06
TEX14,428.6351057,1.790910498,439.4191314,5.149899295,2.60626E-07,2.83457E-06
AC079848.1,30.85848447,0.590968067,1.413271118,3.54313245,0.000395404,0.002596639
AL035458.2,78.69502045,-0.092604257,2.061910294,0.031119384,0.975174331,1
CEP170B,86.58862128,-0.026720306,25.96117281,-0.059727417,0.952372735,1
ZNF284,20.99202363,0.194761365,1.090795954,1.789095557,0.073599428,0.234855502
ARNTL2,49.77652562,0.132015248,1.621496066,11.95967986,5.77843E-33,2.52237E-31
WDR88,24.45169075,0.245566432,1.68601898,0.891637136,0.372587459,0.65423211
COLEC10,39.76460311,0.170754587,1.575055134,-0.311212421,0.755639141,0.935549926
WDR77,20.6948798,-0.121319092,1.459724912,1.974215631,0.048357229,0.170070066
RASD1,853.0803357,4.478693794,4.118142479,2.252564822,0.024286601,0.098112581
LPAR1,98.42237095,-0.334054862,1.802469143,-1.375933777,0.168842137,0.414036628
C17orf67,68.3952132,0.246164431,1.569457029,1.630114641,0.10307727,0.299784873
AC073389.2,21.01030965,-0.192150513,9.242242557,-0.492946415,0.62205045,0.845438249
CCDC192,25.00501547,-0.188556784,3.081561035,0.410497814,0.681440806,0.885514096
DOC2B,75.34388153,0.003695038,1.870466823,-1.463762296,0.143258908,0.373815833
ADH6,244.9471269,-2.514443092,1571.297411,1.9904203,0.046544656,0.16520099
EID2,93.24115732,4.482920583,2.164517317,6.356126118,2.06905E-10,3.01969E-09
ERICH4,122.8830925,-0.015908707,3.926934293,0.764790721,0.444396174,0.712722766
NREP,359.295998,-0.202166418,0.63790142,-1.869626692,0.061535676,0.20548102
RFX7,432.3695871,-0.131977992,36.83088241,-0.040618339,0.967600164,1
SMPDL3A,379.9466729,0.342877344,2.099558562,3.257344641,0.001124598,0.006840477
LINC01187,306.0516953,-0.400934739,2.235402202,0.981058674,0.326563808,0.607825787
LINC02273,15.40229327,0.909028214,4.991806634,1.676822111,0.093577273,0.280615464
PKIA,142.9531581,0.273913422,1.188269234,0.873997954,0.382119368,0.661339351
FRAT1,21.67646372,0.49361341,1.972367551,2.037373194,0.041612658,0.150633138
AC004053.1,148.5808092,-2.917274019,2.320595034,0.075349419,0.939936703,1
OPLAH,107.2236514,0.301582992,1.408999188,1.07577742,0.282026813,0.560796862
UBALD1,232.3764486,0.12813506,20.2754243,0.146415619,0.883593298,1
CNKSR1,65.1752702,1.568945249,1.248821868,0.20115588,0.840576689,0.986755258
PRKD1,1397.370202,-2.007202888,0.984799343,-3.37781768,0.000730635,0.004627995
CD40LG,45.18667875,0.869816883,3.716770962,17.4590944,2.93554E-68,3.18193E-66
FRMD1,72.85665997,-1.44040209,5.084359254,0.135598851,0.892138414,1
CYSLTR2,40.5257677,0.664342436,1.540858142,3.118539872,0.001817495,0.010467689
IGKV1-5,80.94330433,0.129247613,340.4626989,14.00471437,1.45865E-44,9.19712E-43
AL392046.1,14.73787461,0.051104704,1.395700841,1.343014322,0.179267336,0.429662607
MIR4713HG,18.19571428,-0.108393318,1.874833155,0.845035825,0.398090837,0.674903066
PIK3C2G,734.2860778,-0.050833239,1.628778013,-0.782011557,0.434207782,0.705958809
ZBP1,32.8977337,0.463889013,1.942292328,1.876320082,0.060611341,0.202815681
WWC3,180.730328,0.363505293,0.862078709,0.533996708,0.593343812,0.824957425
CLDN6,16.195968,0.34826197,2.262307081,-0.749107552,0.453792383,0.719966184
FAP,19.61667702,-0.09235343,3.01724822,0.324934462,0.745230674,0.929093112
AC112722.1,40.8261441,-1.750531762,2.043652156,-1.057256063,0.29039474,0.570044405
AKAP12,1175.321665,0.871675976,1.764212094,1.242806083,0.2139393,0.476314893
AC025171.3,34.31158483,0.531986015,1.487145101,1.273187688,0.202951448,0.462628502
LINC00877,36.84474607,-0.186646315,2.137289555,1.031946479,0.302097191,0.5824004
GLYATL2,14.36748788,-0.065361578,2.264593352,0.618384574,0.536321864,0.786306538
PCDH11Y,84.52598458,-0.633404888,3.052137125,0.281627248,0.778229345,0.948285776
HS3ST1,166.3058196,1.17713164,12.34162575,0.940624015,0.346897571,0.629906213
GALNT13,73.55750735,-0.146773376,1.694157737,-0.471992329,0.636932264,0.854007064
CLEC11A,247.9029643,3.659172685,1.729720627,7.388619464,1.48361E-13,2.70556E-12
AC021231.1,203.5311951,-0.736494944,3.356929524,-1.892974193,0.058361302,0.197478595
TPSAB1,153.4751766,0.436105498,24.58577351,0.033916849,0.972943457,1
APBA1,108.2915645,-0.647485621,1.773395613,-1.44212433,0.149267303,0.383585953
SLC26A4,179.3201514,-0.658299573,3.784445262,0.75924998,0.447703033,0.715657193
AC005920.2,107.5471459,-0.419232462,1.261510556,3.343714102,0.000826649,0.005181729
ANKRD22,79.92576847,-0.010283032,1.518247992,1.327522644,0.184335855,0.43735563
CAMK1D,575.6645778,-1.437406042,0.460725441,-15.89388525,6.98601E-57,5.86035E-55
DND1,14.54224989,0.190741792,1.23672004,1.698299832,0.089451186,0.271363395
RMST,210.75542,-3.611095544,3.366834627,0.796694452,0.425628507,0.698493137
KLF2,999.0758793,3.447502572,1.706253817,8.130208768,4.28552E-16,9.00706E-15
TMEM98,217.2953717,1.130476912,8.921156747,3.961236236,7.45627E-05,0.000565048
SLC5A12,1332.763687,0.00657769,1153.652836,0.119305552,0.905033285,1
AC147651.2,20.53839362,0.611432324,2.346698507,1.550286771,0.121072701,0.334667148
AL139022.1,51.74431873,0.226730101,15.92346788,0.418392061,0.67566049,0.882338723
AC093675.1,14.65553493,0.001120673,1.751408501,0.655582143,0.512093018,0.766586896
NIN,319.9747437,-0.16369682,0.690117965,-4.483204998,7.35302E-06,6.66212E-05
SMIM22,358.7577704,5.99834231,2.404344923,8.040207528,8.96864E-16,1.84479E-14
SNTA1,178.5897414,0.251695317,1.358603016,0.092348513,0.926421146,1
PKHD1,4451.340381,-2.777393253,0.837382808,-6.396755742,1.58713E-10,2.33756E-09
SERPINB8,30.08195136,0.163733196,1.512031434,1.815091037,0.06950992,0.224869954
ANKUB1,176.9657109,-0.048422278,43.46548597,-0.058508234,0.953343804,1
AC092813.2,87.27808816,-0.713212085,5.415050871,0.089713622,0.928514791,1
CLMAT3,14.40668275,-0.038146047,2.220764801,0.660349942,0.509029288,0.764058743
CALML4,636.5919872,0.110857664,89.32619468,-0.01208161,0.990360504,1
CCND1,729.6063135,3.340177795,1.781719441,5.310445444,1.09358E-07,1.25443E-06
AL159156.1,199.2436293,-0.151698696,2.2382237,0.084952688,0.932299004,1
CYYR1-AS1,12.97129945,-0.059851834,1.913335354,0.946359367,0.343965323,0.627265306
SPRY4,67.55601215,0.560389059,1.689930659,1.654833451,0.097958287,0.288927242
ADAMTS18,34.80076463,-0.141710825,1.795041462,0.629722437,0.5288762,0.780129987
CCL4L2,395.5233179,9.228179591,6.184584751,2.318843213,0.020403539,0.085209066
ARRDC2,175.1030932,0.085081004,31.64435535,0.014268344,0.988615895,1
FAAP24,15.93767751,0.303066214,1.486424838,-0.085420348,0.931927217,1
AC010976.1,31.62468544,-0.081496819,1.63476483,0.204399639,0.838041212,0.985203945
KIF18A,16.73172049,0.047435597,1.660332636,1.291046334,0.196687611,0.453444049
AC098820.1,24.66582242,0.072544443,1.233525856,1.22822552,0.219362321,0.483700186
HCG20,17.4744795,0.148825449,1.891558403,0.866942788,0.385973358,0.664647485
FUZ,262.1157851,2.889998083,3.078579926,4.130249822,3.62369E-05,0.000292602
GAL3ST3,20.43723592,0.507330631,1.949406834,1.178701794,0.238516941,0.508228846
ALDH1A3,69.86905456,0.705863576,2.229902375,1.103348496,0.269875854,0.545748352
THNSL1,68.28481367,1.069337094,4.002302351,2.654441995,0.00794397,0.038013628
AL365295.1,158.5094236,-1.343647665,2.498103812,-1.527099454,0.126736283,0.345374271
SHMT2,199.5390511,4.183356595,2.947421555,5.225777361,1.73425E-07,1.94633E-06
RAPGEF4-AS1,14.74462649,0.049141691,6.969823581,0.058620377,0.95325448,1
FAM66C,46.91955486,0.005675712,1.231759847,-0.821569503,0.411321952,0.686856549
ZRANB2-AS1,30.42015482,-0.143464194,9.946549185,0.131764649,0.895170449,1
BCHE,17.10433911,-0.082160485,1.96033162,1.166019104,0.243606721,0.514201993
BMPR2,1123.386659,-0.741109189,0.552087332,-1.259939789,0.207691084,0.468787058
AL359546.1,23.40135954,0.140554051,1.215883993,0.978286723,0.327932535,0.609315324
NRSN2,82.778085,0.325527568,1.342185004,1.346840672,0.178031552,0.427910847
SH3PXD2B,86.36903889,-0.616443566,2.121351078,-0.03533066,0.971816076,1
DNAJC12,280.9314736,-0.127652332,3.676770941,1.870894066,0.061359766,0.205106604
ALDH3B2,14.04113263,0.170726849,2.106746363,0.317843337,0.750603776,0.932521768
AC023480.1,43.25052093,-0.1368707,21.36335118,0.015683118,0.987487195,1
RAB39A,18.65397009,-0.11462607,1.08511635,1.687247634,0.091555746,0.276081733
PLXNA2,294.675326,-0.734869127,1.69545351,-0.835288345,0.403555378,0.680347315
LINC01020,162.0834203,-2.619916941,2.540432581,-0.880228358,0.378735614,0.659505861
FAM161A,108.0040033,0.084856752,0.565636558,55.11754558,0,0
C11orf54,3971.93397,0.646905893,30.05463519,3.953624835,7.69761E-05,0.00058151
PEBP1,12591.38744,6.161427293,2.236092723,9.276098674,1.75798E-20,4.58357E-19
DOK3,29.77528639,-0.030427858,1.942509196,1.199606955,0.230292024,0.498569829
ASTN2,588.1123259,-1.699687383,1.520228005,-4.501875283,6.73565E-06,6.17083E-05
HMGN3-AS1,17.96231066,0.403782781,1.629206208,1.264048948,0.206212459,0.467418137
FOS,6348.799945,5.627692263,1.407958529,17.02864964,5.03528E-65,5.11319E-63
C5orf49,68.22031951,0.231211262,1.61394972,1.961003122,0.049878659,0.173662762
SHC2,55.53277372,-0.04366602,15.41548312,-0.004826245,0.996149228,1
REXO5,29.82758767,-0.023905457,8.455455941,-0.135269263,0.892398987,1
C9,37.1172211,-0.088657844,10.74851706,0.009193129,0.992665047,1
DPP10,75.34276712,-0.762531704,1.98105841,0.384113644,0.700894219,0.898144406
SEMA6B,42.99094447,0.202496043,1.627507117,1.419770747,0.155674434,0.393286665
GRM7,53.00191406,-1.569094708,4.944335331,-0.482021048,0.629790994,0.85028906
ALKAL2,144.412721,0.018147824,1.966585169,2.26004207,0.02381864,0.096748808
CCDC102B,165.6943348,-0.818677634,1.969131241,-0.807374333,0.41945085,0.693477695
VAMP1,25.52572719,0.386927463,0.816465392,4.857763652,1.18719E-06,1.19674E-05
AKAP3,17.0329963,0.153087372,1.555434823,1.277896219,0.201286021,0.460689501
SLC10A3,106.1925538,5.264547328,2.539191754,4.210730141,2.54547E-05,0.000209702
DDX51,58.54788576,0.448672801,1.196037416,1.640307563,0.100941234,0.295622369
AC108449.1,23.53542246,0.027370712,1.599055358,0.692794272,0.488438667,0.747231418
MAGI2-AS3,387.0762146,-0.549731046,1.864086371,16.10379398,2.39931E-58,2.14316E-56
TNKS2-AS1,13.97361672,0.47602871,1.731421472,1.88409082,0.059552692,0.20018618
RAB8B,472.5933272,-0.261865094,0.618117528,-1.120380349,0.262551715,0.537186935
HIST1H4E,16.09300386,0.503945859,2.379065804,1.749629717,0.080182228,0.25024845
WTIP,113.0900929,-0.538977862,1.304086052,0.489164844,0.624724997,0.847163627
BANK1,170.7953932,-0.047821402,32.78350275,-0.098052405,0.92189068,1
ATXN7L2,15.02916298,-0.009973919,1.75486672,1.104421934,0.26941015,0.545549899
TCAF2,107.7906924,0.307857466,0.82604093,1.024556597,0.305572453,0.585589483
PIR,158.6734495,-0.331883659,1.578531505,0.007738328,0.993825769,1
AC092546.1,45.66463048,-0.146633537,1.807536731,-0.197961058,0.843075532,0.987991941
COLGALT2,25.37226345,-0.917682633,3.11264152,2.39274873,0.016722689,0.071763248
SYNDIG1,133.219966,-1.9593908,2.493261368,-2.128290242,0.033313027,0.126275351
AC005070.3,15.383457,0.147235505,1.735875078,0.745910216,0.455721654,0.720948966
PTH1R,1904.418435,-0.563195299,2.672178967,0.824462741,0.409676678,0.686256453
AC127502.2,56.96540033,0.136808116,1.197705603,1.066033346,0.286408568,0.565837284
NUDT15,195.0182807,3.416170664,3.416195506,3.989053444,6.63375E-05,0.00050871
MCAT,246.0269702,1.435152304,2.295667931,4.178013799,2.94066E-05,0.000240004
C1orf56,306.1760735,4.221000817,1.939824777,1.752747097,0.079645428,0.249171304
STAB2,20.40111376,-0.214175239,1.578117256,0.658029975,0.51051887,0.765460917
VSNL1,20.89868931,-0.155787374,2.226282343,0.897244476,0.369588477,0.651456247
SHBG,53.33224269,-0.41365717,1.572737065,2.836602417,0.004559635,0.02331044
AL133268.4,28.6709853,-0.402204527,2.453915095,0.489180913,0.624713621,0.847163627
COLQ,66.41634689,-1.101719916,6.143273329,-1.359152206,0.174098363,0.422416223
AC015849.1,65.0687121,0.231955177,1.482329663,2.401821131,0.016313683,0.070258081
HEY2,47.18209388,0.051705937,6.292197938,0.00231641,0.998151774,1
LINC02604,16.76497999,0.066095031,1.407519189,0.968658585,0.332715563,0.61387992
NUDT8,422.2611995,4.67090709,2.718043706,2.941836371,0.003262723,0.017428287
PARP14,529.5306903,0.01452976,0.465648167,0.586373264,0.557624707,0.800387673
AL035661.1,98.9079949,4.857990492,2.880223998,0.606043572,0.54448582,0.792136134
CNR2,20.93551251,0.153289196,2.503851437,0.557927474,0.57689391,0.813164165
VTN,29.93744093,0.153569638,5.117346311,0.392034756,0.695032534,0.894462405
AC116407.1,14.49479713,0.588787489,2.174370247,1.696463937,0.089798054,0.271902646
HGD,927.4732662,0.248178266,1.194002671,-2.096851511,0.036006722,0.134166415
PROS1,304.581412,0.021615063,71.63715032,-0.05139274,0.959012569,1
ZNF396,28.44706604,0.701681565,1.088780698,4.327508062,1.50806E-05,0.000130011
LINC01543,14.99450282,0.193494056,1.847891487,0.521604428,0.60194578,0.831110768
TNFAIP8L3,16.74261353,-0.44238674,2.017711034,0.89093657,0.3729632,0.654772701
MTMR8,105.5625937,-0.063093026,35.53774003,-0.055776968,0.955519483,1
GALNT14,720.5490869,-1.666191141,2.043844458,-2.305594758,0.021133286,0.087687232
FES,78.9108912,0.272380818,1.354199317,3.106172367,0.001895262,0.010861394
AC006305.1,26.33013405,-0.291642081,5.127941003,0.574791586,0.565432258,0.80617155
TTPA,30.18351656,0.175126439,1.938334082,1.258773813,0.208112042,0.469078707
SEC14L1,1053.624691,0.562218185,0.70661742,1.295862837,0.195022745,0.451929959
CHAC2,48.73260507,0.339140859,1.270433065,2.52452697,0.011585411,0.052570303
GPSM1,40.71112692,0.014773043,1.481200114,0.622452651,0.533644269,0.784287975
GFOD1,232.8578844,-0.395502212,1.784192722,1.693117714,0.090433063,0.273225105
ECM1,41.39937844,0.135752591,1.779627669,1.212166033,0.225448831,0.49239413
SKIL,737.5712856,0.92855848,0.732822207,6.321607047,2.58857E-10,3.75518E-09
CHI3L2,22.42847671,0.255776332,2.494685334,1.002674962,0.316017714,0.59671178
HLA-DQB1,911.4504062,6.182331158,2.324347977,6.450397703,1.11557E-10,1.66851E-09
NCKAP1L,108.4092536,0.267260514,8.644094064,3.093466768,0.001978327,0.011291011
GSDMB,37.54593098,0.29085412,1.259584093,-0.177821087,0.858863486,0.994527312
CHRNE,56.62608957,0.084328714,0.58129716,2.586036915,0.009708653,0.045050206
AC144831.1,23.88222085,0.679232481,1.816795343,0.901990556,0.367061884,0.649494864
CMC1,894.1040968,0.450746471,0.784399807,3.409406208,0.000651045,0.004149551
FEZ1,79.02791663,0.0648108,25.38263809,-0.00917138,0.9926824,1
ZFAT,189.7864787,-0.084377212,51.5485391,-0.083415154,0.933521439,1
TMEM191B,44.76420545,0.485748713,1.808992518,2.515576248,0.011883797,0.053747299
FAM171B,40.93345197,-0.075244361,1.441168119,-0.508113574,0.611373696,0.837333458
IGLV2-11,13.30998775,0.101463746,230.9428354,0.100112663,0.920254883,1
BATF2,26.26622977,0.237033791,1.716804664,1.332015563,0.182855075,0.435118635
FAAH2,464.8433343,-0.665253048,1.304377387,-1.750895477,0.079963916,0.249728682
ACTRT3,18.32617231,0.493693948,1.715436419,0.299907511,0.764247705,0.940035396
AC017050.1,26.85689207,0.094278644,1.326209726,-0.423328919,0.672055298,0.880009545
PPP1R32,41.79145118,0.188096084,1.789980768,1.388668183,0.164933674,0.408606869
ZBTB20-AS2,26.47620139,0.266900069,1.569800372,4.109484006,3.96544E-05,0.000317466
TNFSF8,67.45104782,1.24428737,4.751523065,1.448816753,0.147388764,0.380583353
FAM186A,15.79344144,-0.058626743,2.06585802,0.901299545,0.367429075,0.649787038
FHAD1,61.29526535,-0.161502916,1.637335675,0.068560657,0.945339337,1
AC090579.1,182.7519009,-0.968512181,3.395448714,-1.404297825,0.160230182,0.401386799
LAMC2,208.4780178,0.793962714,2.298256439,0.909724899,0.362967609,0.646359222
HAVCR2,266.4441794,-0.172656763,2.287532811,1.445997329,0.148177951,0.38186741
OSGIN1,69.6469804,0.029189286,1.989449591,1.528882483,0.126293579,0.344849748
QPRT,1422.351261,2.947432471,2.373456008,4.489159066,7.15049E-06,6.50762E-05
SH3YL1,2060.673596,0.684933573,1.320064239,2.649211727,0.008067977,0.038549665
AC002116.2,18.02449945,-0.044251871,1.82662197,0.504366798,0.614003645,0.839350031
ERN1,425.5822223,1.077784093,2.219858701,3.942252549,8.07199E-05,0.000605622
PCED1B,416.742853,-0.507800382,1.539163917,-0.689503258,0.490506624,0.749076682
HLA-F,384.252489,4.924975385,2.065909256,7.268475286,3.63568E-13,6.43548E-12
TPM4,1096.050925,2.156334429,4.71914127,4.182133187,2.88787E-05,0.000236095
REEP1,45.81598932,-0.014751301,39.66450408,-0.10365171,0.91744575,1
AC243571.2,33.84319465,0.293629074,1.263439269,2.084894419,0.037078885,0.137418366
DMXL2,324.8480688,-0.558679543,1.339295115,-2.108625902,0.034976885,0.131093559
AL138831.1,15.28113506,0.231725632,1.261001028,1.849411191,0.064398461,0.212393829
CLEC2D,334.7137259,0.08571754,1.337749304,-1.767005161,0.077227364,0.242754116
NACA2,18.05364721,0.410582844,3.261937823,1.433807573,0.151627183,0.386867875
ALK,41.27692537,-0.625783492,3.122765683,0.098015488,0.921919995,1
AC025043.1,42.31963191,0.095592069,1.128921124,1.785381644,0.074199434,0.236238264
AC253572.2,52.12504971,0.419840411,2.112382704,1.980473425,0.047650357,0.168197216
SLIT3,454.0116142,-1.497562645,2.142616215,-1.458910344,0.144589786,0.375972416
MITF,942.4547234,-1.353784414,2.170319058,-1.674442277,0.09404371,0.281576558
ATP5PF,5711.824293,6.248824521,2.912902533,8.093143653,5.81442E-16,1.20627E-14
AL049569.1,16.03515811,-0.084890033,2.041954556,0.772198067,0.439997126,0.710023606
CHST7,48.11707456,0.23888174,1.488155411,1.751069246,0.079933983,0.249716041
HMGCL,693.5425755,1.461247034,3.288994589,2.845584764,0.004432996,0.022735307
SOX17,75.69121762,0.469000202,2.808477036,1.383951547,0.166373291,0.410861767
FGF2,114.3623527,0.967346108,2.789457373,14.6739023,9.47363E-49,6.67095E-47
DARS2,132.2501181,0.581128329,1.723300338,1.604971712,0.10850003,0.310962505
GPR156,18.28270043,-0.145329865,2.155282174,0.590106986,0.555118926,0.798956463
AL020996.1,14.83860099,0.221303942,1.282996681,1.427938088,0.15330968,0.389923142
AL390198.1,65.5927796,-0.058105774,1.178360107,-0.405679572,0.684978054,0.887811808
C12orf74,35.08477963,-0.129746903,8.510717017,-0.185929853,0.852499771,0.991612567
AC093298.2,19.18719477,-0.073070108,1.761958361,0.339641,0.734126898,0.92059303
GREB1L,143.0399884,2.67437049,2.114698288,0.17988844,0.857240151,0.993923629
EML4,1161.155709,-0.118219651,0.214140039,0.788151435,0.430608132,0.702194248
IL19,17.53839765,0.11899829,4.211077042,-0.30072043,0.763627688,0.93997827
AC010894.2,27.59318886,0.829065861,3.110940008,2.113463087,0.034561151,0.130012558
AL158212.3,18.87964988,0.102796758,1.779163077,1.234895037,0.216869571,0.479983676
KCNJ3,465.0656422,0.181654984,1.309608558,-1.916272017,0.055330481,0.189684843
KCNE3,111.8664172,0.086534986,21.31754588,-0.113002857,0.91002829,1
FAAH,152.6613316,0.521500735,1.453308303,1.05495721,0.291444895,0.571689488
TSPAN32,43.02060558,0.37282282,1.960668069,1.965399649,0.049368,0.172492973
AC092338.3,81.31485339,0.362397526,1.126218814,1.262836822,0.206647829,0.467558722
IFNLR1,88.41656533,-0.617921864,1.159759113,-1.27249829,0.203196131,0.462833354
MFSD2B,17.16490067,-0.145881261,2.137595522,0.54450341,0.586095103,0.819785335
ECE1,421.4525487,0.214723392,0.92226048,32.3795008,5.3349E-230,2.4507E-227
SELP,41.34516969,0.200684153,1.530127006,1.522013105,0.128005797,0.347069119
AC018462.1,42.60711773,-0.062934368,9.704913165,0.086545215,0.931033015,1
HK2,71.28582969,-0.053447771,2.511751357,0.217457366,0.827851929,0.979766834
AL512343.2,25.93141198,0.157294152,1.615588229,0.367439093,0.713291516,0.907837661
CD200,86.67765017,0.562270637,1.481403666,-1.532312387,0.125445366,0.343505945
HOXC10,266.3473717,2.387905826,2.115133405,2.873237466,0.004062886,0.021061075
ARHGAP4,183.5311663,0.651929354,1.424254955,2.114418737,0.034479519,0.129829788
RAB37,40.8138348,-0.24019909,0.936681049,3.560807657,0.000369716,0.00244794
AL354809.1,19.44203296,-0.23564963,1.293197662,0.571354704,0.567759227,0.807961832
WAS,136.2353481,0.316633013,1.171070152,5.382880955,7.3303E-08,8.62383E-07
ACSM5,163.8916507,-0.501900445,2.30871026,1.13291184,0.257251277,0.530440286
CHST9,127.680167,-0.111016288,1.655772816,-0.335500774,0.737247361,0.922706966
CYP3A5,306.4334496,-0.100005667,35.58141733,-0.018848358,0.984962076,1
PFKP,458.9629807,1.352986847,1.822402652,1.878647858,0.060292592,0.201959248
GMDS,1036.574907,-0.75623718,0.530169086,2.044777332,0.040876816,0.148414994
AL035401.1,22.44407457,0.054785025,1.427197949,0.93615457,0.34919361,0.632495448
NFATC2,276.3515013,-0.795001307,3.533094694,1.703913016,0.088397339,0.26926717
IGKC,7210.397208,6.282891616,5.248248845,1.238534895,0.215517791,0.477734406
YJEFN3,34.60359102,0.184604145,1.406719485,0.100615391,0.919855778,1
IGKV4-1,67.11792684,0.383082265,5.762232337,0.318405808,0.750177133,0.932427894
FHL3,58.19693827,0.790791724,1.714500455,5.028692794,4.93835E-07,5.16705E-06
ZNF503-AS1,52.08667738,-0.089133138,1.27318552,1.27974876,0.20063351,0.459912245
DHFR,22202.44403,5.731259057,4.643869083,7.69944016,1.36664E-14,2.62106E-13
EFCAB10,26.50627878,0.832932,0.532467172,0,1,1
SLC13A2,244.3301667,-0.005917686,3.503412807,1.096636991,0.27280011,0.549625869
ACTG1,8557.328339,5.232200679,1.632200996,9.896508594,4.31062E-23,1.26782E-21
FAM182B,29.53995544,0.076805839,1.180763039,0.058921373,0.953014735,1
LINC01619,732.7921531,-0.122637086,0.385564439,4.244739737,2.18847E-05,0.000182128
AC008825.1,15.09798543,-0.122945348,2.900522901,0.307220341,0.758675664,0.937845224
HSPA1L,30.91330475,0.670045173,2.027652841,-0.370451943,0.711045777,0.905877275
CHRM5,33.56846888,0.16555319,1.51989111,0.534804592,0.592784987,0.82459939
HSPD1,3889.292945,3.649839511,2.239984946,10.83848912,2.26175E-27,7.73728E-26
SORBS2,1143.587407,-1.448203366,2.554025134,13.72258856,7.43623E-43,4.56926E-41
AL162725.2,62.645735,-0.101876544,3.067664622,0.614798973,0.538687487,0.787874294
ORAI1,123.6528958,0.226204726,18.14754616,0.174076926,0.861805007,0.996698594
FTX,2900.504792,-1.935056668,1.026610896,-5.654195041,1.56578E-08,1.97711E-07
CDK20,37.52970619,0.100075927,1.732872609,1.188155752,0.234772053,0.504549637
PTPRG,3189.209072,-1.705508355,1.827892859,-1.669999861,0.094919391,0.282968902
ZNF699,60.16343987,-0.117753735,0.629355821,3.328035161,0.000874608,0.005457533
LINC02207,18.75753886,0.323382465,1.726223649,0.041044228,0.967260636,1
BRINP1,39.20370272,0.044498143,1.541416031,0.166105485,0.868073938,0.999006975
SNAI3,36.6703031,-0.009057582,2.900255227,1.210376755,0.226134357,0.492998451
TBKBP1,52.21793713,0.128103871,1.551979938,0.64343675,0.519940744,0.771606314
PCYT2,406.3191769,3.154757038,2.34267782,3.804734975,0.000141956,0.00101516
ITM2C,1027.872614,4.952824117,1.96283473,6.866754725,6.56788E-12,1.04728E-10
UBB,10403.3209,9.373560662,3.569568411,12.36997697,3.7993E-35,1.82348E-33
AC015522.1,61.77278516,-0.032381153,1.885435987,13.2596055,3.96979E-40,2.27955E-38
PRKCA-AS1,141.0809516,0.847082295,2.376130393,1.772771334,0.076266605,0.240876527
CETN2,776.6488304,7.359535444,3.864141941,6.998501068,2.58715E-12,4.26637E-11
CFLAR-AS1,77.0570834,0.111125612,1.788796188,0.598616193,0.549428855,0.796216468
LINC00844,75.3445115,0.564157186,1.889127017,1.162056906,0.245212351,0.515935343
AC007163.1,21.03965412,0.062867424,1.979814469,0.791730732,0.428517699,0.700740818
CD93,187.8353185,2.668638823,1.920480653,3.778141111,0.000158003,0.001121603
CDH24,17.36950504,0.156507589,1.686406926,0.922212558,0.356417714,0.640410074
SERPINE1,500.8312519,0.355178143,3.057946825,1.379467468,0.16775067,0.412408439
TUBA1A,647.2522382,4.887070055,1.833444483,12.09248015,1.15739E-33,5.17715E-32
PLAAT5,13.71852452,-0.092687644,2.35285144,0.591743327,0.554022478,0.798715267
SEMA6A,312.3723682,0.264232686,1.074224974,-1.188495273,0.234638341,0.504549637
LINC02334,68.07371294,-0.200532496,2.778958486,0.185582178,0.852772431,0.991694039
ZEB2-AS1,28.61799059,-0.025196013,2.704871501,1.329069686,0.18382498,0.436425053
USP36,460.6463325,1.034122254,2.30214097,2.285000227,0.022312814,0.091713558
THRSP,14.15021418,0.218882305,3.117131662,0.87118975,0.383650555,0.662800306
AP3B2,24.6252698,0.088213269,1.860334648,0.844960723,0.398132769,0.674903066
PIK3R3,582.0114945,0.351695862,0.71324284,0.752303319,0.451868672,0.719022706
AC073333.1,17.24061524,0.14120102,2.018521318,1.108136846,0.26780272,0.543710309
C3orf14,175.9291317,3.394414987,2.682465603,4.452866002,8.47316E-06,7.58966E-05
SLC30A4,107.9363701,0.007850516,51.10060844,0.011311848,0.990974643,1
DZIP1,280.1629874,-0.11523382,1.029888377,-1.720014006,0.085429896,0.262340815
LINC01622,173.185611,-2.005021993,4.548687032,-1.402861731,0.160658075,0.402041101
ZNF683,23.13894165,0.124155262,91.17888659,0.207295778,0.835778871,0.983701386
SPNS2,248.8293386,1.156347265,14.52489872,0.21260861,0.831632255,0.981310964
AL391840.1,25.25334572,-0.015179495,1.424826072,1.224507475,0.220760848,0.485673866
ANK1,31.8339098,0.025792725,2.087155444,1.437036437,0.15070764,0.385880863
RETREG1,922.7644454,-0.192883239,0.895552426,-0.680003163,0.496502458,0.753580745
F5,30.37903276,0.093514009,1.374451898,0.711730092,0.47663193,0.739358132
SCML4,206.7550228,0.805614104,4.229459041,2.796389342,0.00516771,0.026087338
DIRAS2,19.85487569,0.531613306,1.093104122,4.687186217,2.76987E-06,2.68552E-05
SLC14A2,483.8053123,3.442943301,1.989315825,-1.294728667,0.195413847,0.452401579
LRP4,36.01151557,-0.09211767,1.898718885,0.396448498,0.691774195,0.892526849
TRAC,426.5273925,6.224220364,3.585435616,-0.311661648,0.755297678,0.935467544
FCRL1,13.48376656,0.117828824,2.611917435,0.638491126,0.523154029,0.774891282
AC127526.1,36.51059967,-0.181724162,9.577140441,-0.214150385,0.830429786,0.981008379
TREM2,39.30326434,0.849850552,6.02057309,0.284580999,0.77596517,0.947081983
AC024060.2,16.5628722,0.041395207,1.889542004,0.461916821,0.644140971,0.85959717
GLI3,92.90563752,-0.057976896,1.005904293,-0.991024466,0.321673634,0.602648371
SSTR5-AS1,15.88007888,0.158177405,1.82378333,0.650503169,0.515367255,0.769278789
FBLN5,191.7537077,0.828623468,1.408256258,2.526734057,0.011512865,0.052313095
UGT2B7,6942.431548,1.494649423,3.046882177,3.709478117,0.000207687,0.00145156
KCNJ6,32.49878181,0.202511698,1.55096403,1.111833501,0.266209745,0.541652233
TRAM2-AS1,62.84078074,0.523992507,1.202197451,3.905327574,9.40978E-05,0.000697346
CTSZ,532.7910748,4.120598363,2.046093955,5.76056763,8.38315E-09,1.08553E-07
STIL,26.43412399,-0.13054561,1.172986205,1.049490006,0.293952653,0.573924558
LIN9,55.95493057,-0.24089338,2.299348907,0.09032696,0.928027397,1
SAMSN1,676.1127195,3.557503339,2.374592984,4.731769494,2.22571E-06,2.18206E-05
PROCR,112.7089644,0.135860323,2.683267389,12.7924574,1.80669E-37,9.42117E-36
RARB,383.4428832,-0.541416886,0.989395508,-0.491013048,0.623417219,0.846461071
GABRB1,55.04635871,-1.716596927,2.51717305,0.446640502,0.655134647,0.867904963
TBC1D24,201.2044933,-0.070708055,0.81939695,1.024913293,0.305404102,0.585589483
AL390728.6,67.03065817,0.568096512,1.094928558,0.262938595,0.792597908,0.95787792
RIDA,3262.21486,3.557530442,4.895759704,5.053568492,4.33631E-07,4.58186E-06
ACADM,2072.556437,1.991803693,1.70069297,5.656385759,1.54594E-08,1.95717E-07
GPLD1,26.12206645,-0.082636195,1.814760624,0.578289509,0.563068676,0.804729411
CRYBB3,36.18303988,-0.005837467,5.86065346,0.72497781,0.468465643,0.731987053
LINC00266-1,19.0534876,0.129123846,0.845477576,1.999938316,0.045506925,0.162332749
LRIG2-DT,41.57719043,-0.073021067,13.86478471,0.085572465,0.931806288,1
CD3EAP,39.54836022,0.703067776,1.018691742,5.333851673,9.61511E-08,1.11086E-06
ZNF804B,205.187645,-5.684982407,16.67292956,-5.049656671,4.42605E-07,4.67156E-06
NEU4,35.62981232,0.069826292,7.169523959,0.24167857,0.809029236,0.968671954
FMNL3,130.7884553,0.168469756,0.822676568,-0.462008486,0.644075235,0.85959717
DMKN,627.5922346,3.279650913,1.290666139,5.631737103,1.78403E-08,2.23224E-07
DACT3,17.49872647,-0.119267853,1.856558454,0.405018671,0.685463787,0.888083421
FCGBP,102.3440775,0.847237255,2.210578355,1.474931014,0.140231091,0.369115781
ACOT12,30.79503078,0.175083097,1.681280359,1.601350691,0.109299268,0.31269574
RGS17,17.11250076,-0.052812076,1.906235272,0.781435021,0.43454668,0.706211561
BOC,83.38443555,1.479196676,2.452634033,1.0060732,0.314380359,0.595138801
PGGHG,129.5007143,2.233494397,2.422960234,-0.068256546,0.945581415,1
ATP1A1,6409.419135,2.742752627,0.292115767,30.74215468,1.5567E-207,6.8263E-205
MAB21L3,37.02374983,0.253823726,1.602395591,0.506590009,0.61244252,0.838166121
LINC01588,136.3691841,-0.116402491,2.162156779,0.377920622,0.705489563,0.901676976
SEZ6L,16.50674748,-0.192904921,2.372054559,0.743694838,0.457061113,0.722238912
ROS1,13.79722496,0.101556416,1.762747032,0.581403419,0.560968594,0.802560288
AL359232.1,208.7856111,-0.091941698,47.43859379,-0.126992996,0.898945942,1
LINC00342,256.8012285,-0.125811088,48.83402913,-0.06206875,0.950508083,1
SRGAP3,406.6362266,0.85318586,1.611346143,-1.939262406,0.052469394,0.181488793
LINC01185,19.66377841,0.101647427,1.658803376,0.79506798,0.42657396,0.699024798
ELOVL4,22.43212829,0.018595702,3.444738019,1.092433926,0.274642418,0.551859072
LGALS3,2116.854853,3.93099609,0.71914438,21.2337379,4.6604E-100,8.99184E-98
RGMB-AS1,30.40372695,0.648536483,2.124452843,2.342260726,0.01916732,0.080851392
POGLUT2,26.36939573,0.197858141,1.390185398,0.433611091,0.664570879,0.874650938
AC021678.2,15.87822331,0.055072094,1.343409748,0.011363586,0.990933365,1
PRR15L,168.9821204,1.820600909,2.383734957,2.54910385,0.010800013,0.04954243
DIO2-AS1,14.14418294,0.034999722,1.861083464,1.045317572,0.295876219,0.576396988
SLC1A2,13.97122489,-0.012040651,2.003531708,0.776937366,0.437195725,0.707655563
CCDC88C,260.8268479,0.176816747,1.562103724,0.55479244,0.579036639,0.814399541
STRIP2,43.90946423,-0.111942804,1.329775989,0.752258909,0.451895373,0.719022706
SLC25A42,226.225187,-0.595243266,1.990894348,-1.23612517,0.21641204,0.479166159
SLC11A1,199.2452955,3.454873996,2.637992236,4.716843499,2.39532E-06,2.33883E-05
NECTIN3,225.1617053,-0.511317067,0.890700466,-2.765754477,0.005679128,0.028328099
AC091729.3,62.81124646,0.42632767,1.640753151,3.06829657,0.002152828,0.012116882
AC092652.2,14.30796274,0.098238786,2.533892051,0.884326076,0.376520216,0.657666218
ZFX-AS1,13.45254406,0.376635651,1.470987919,2.287072854,0.022191571,0.091293
SLC25A18,19.32802628,-0.029280157,0.968352544,1.817925854,0.069075466,0.223614437
SEL1L2,15.04278273,-0.085369709,3.902054691,0.590561808,0.554814061,0.798956463
AC092445.1,24.40069946,-0.080612134,3.356660834,0.533223458,0.593878905,0.825352404
ACY3,603.0887431,-1.079402123,5.633605377,4.130196162,3.62454E-05,0.000292602
ESPN,285.4557843,0.311776794,1.672955324,0.686346181,0.492494834,0.750517706
CCDC121,34.48945578,0.552180931,1.960531947,2.009436048,0.044490911,0.159614657
AC068774.1,16.78942477,0.133556863,1.020862218,1.581122751,0.113849974,0.321507622
USP30-AS1,19.54846894,0.640855237,2.489329023,2.309784834,0.020900069,0.086907381
TM2D2,317.1459476,5.150177185,1.875342595,4.955929575,7.19853E-07,7.39394E-06
OR2T11,25.57820936,-0.644564897,7.633823326,-0.062946265,0.949809293,1
USP6,15.10779351,-0.000193209,1.493141446,1.060895941,0.288737194,0.568690029
SLC39A4,444.1954959,5.049861705,2.807515476,5.825701446,5.68732E-09,7.50555E-08
HCN1,13.53008116,-0.272332838,3.694946539,0.651296336,0.514855213,0.768855765
CLCNKA,474.779229,2.426630434,1.689710286,1.084151362,0.278297693,0.555846344
C20orf27,175.3575079,4.0325712,2.460841808,5.594704365,2.20998E-08,2.74158E-07
TPM2,623.1982488,1.003850141,4.921639994,2.424428318,0.01533251,0.066790406
ADCY5,163.2069996,0.337420666,1.422305828,-1.748546558,0.080369431,0.250670514
AL590617.2,32.05069039,0.244365583,1.609192369,1.619509348,0.105337717,0.304796927
FIRRE,24.54703337,0.392906178,1.796731288,0.917659802,0.358796999,0.643127954
AL138927.1,20.07414398,-0.332444926,2.459251818,0.553488357,0.579929051,0.815535795
AC005921.2,88.13985949,0.19658067,27.89977711,0.152190889,0.87903638,1
PDZRN4,99.57551172,-0.084338068,2.023776946,-0.072684465,0.942057211,1
FJX1,23.09839521,0.461047303,1.977637878,1.702890891,0.088588489,0.269754339
DLEC1,20.50887748,0.031572176,1.535379263,0.47847556,0.632311765,0.851214128
MRO,153.6731433,-0.348789388,2.05025312,1.798047258,0.072169519,0.23137898
PDE1C,551.5467392,-1.631401314,1.902554728,-2.577447392,0.009953303,0.04598411
AC100830.1,19.71955824,-2.564246393,3.400917263,1.719163736,0.085584562,0.262689872
LINC00622,17.83930454,-0.109050889,1.842883128,1.117618444,0.263729988,0.538797796
TMEM241,170.1069911,-1.284277004,1.47652555,-3.54764427,0.000388693,0.002559536
SNCAIP,47.88903706,0.554848029,1.878071034,0.500675415,0.616599578,0.841110878
AC005532.1,20.58360463,-0.003153107,4.015313454,0.556109165,0.57813623,0.813845062
C4orf3,2651.350472,7.299283338,2.518286376,10.17661457,2.52183E-24,7.74779E-23
LINC01277,77.87584971,-0.123223812,1.433150248,1.457030914,0.145107847,0.376710279
PLK3,184.1125755,1.417489523,6.073390407,2.905868644,0.003662352,0.019232828
AGER,21.30766153,0.442603059,1.321242179,1.211702922,0.22562612,0.492446873
TMEM150C,193.3943966,-0.850760621,4.482206118,-0.707225091,0.479426608,0.740544485
HHEX,52.87295231,0.990192206,4.122164636,2.067054286,0.038729039,0.142574513
ADAM32,37.82157648,-0.080453357,1.711179141,0.812524321,0.416490837,0.691427827
NBAT1,30.25063298,0.372927638,1.511233587,0.999341742,0.317629171,0.598301627
SLC22A14,25.19897139,-0.015355191,1.740105715,0.996733002,0.318894126,0.5997995
PLCB4,410.6097039,-0.830438974,1.353617271,-2.418512716,0.015584101,0.067629249
ZMAT4,31.54446831,-0.013708693,2.148088394,0.617120621,0.537155168,0.786810797
AC114763.1,107.9745908,-0.087472634,1.174475276,-1.621883825,0.104828226,0.303655704
AL731569.1,17.65297903,0.208981016,1.637842243,1.300715045,0.19335601,0.449831978
AL442003.1,56.40931441,-0.024330271,17.70376027,0.056158023,0.955215921,1
TMEM132B,29.39403806,-0.046058831,2.720095182,0.695660791,0.486641286,0.746245189
MT1M,598.8030346,0.754754463,4.203705124,-0.702390145,0.482435889,0.743285424
SLC41A2,151.6780856,-0.082578459,25.64794811,-0.129867637,0.896671149,1
AL078604.4,293.7645455,-0.9882615,7.040741752,0.81422869,0.415513953,0.691293724
SRPX,36.95594399,0.00447657,1.313035253,1.736121898,0.082542283,0.255793577
PKN1,337.6548965,1.919108959,1.002748669,5.231459089,1.68177E-07,1.89755E-06
CENPU,27.342243,0.10674708,1.740203028,1.382438421,0.166837126,0.411210463
CDK6,661.0521763,0.089109795,0.178972772,2.438623511,0.014743319,0.064532125
AP001033.1,22.9668872,0.302953027,1.490744709,1.515872155,0.129551682,0.349425941
PHACTR2-AS1,19.74404389,-0.044781363,2.668688733,0.5322427,0.594557913,0.825518161
AP003307.1,108.3317642,0.365084927,14.69280886,0.2277678,0.819826761,0.97467257
CFAP161,75.97627472,-0.016085945,8.389638766,0.394114158,0.693496758,0.893451286
LRFN3,31.78529209,0.440769643,1.194377403,3.951642547,7.76166E-05,0.000585432
TNIP3,29.45411983,0.429848538,2.07744929,1.427471278,0.153444098,0.390162155
TRABD2B,735.2826942,-2.725084173,2.638805179,-2.306338813,0.021091708,0.087590059
CACNA2D4,20.8042979,2.026938312,0.570532539,0,1,1
AC016687.3,19.22308432,-0.036439296,1.962896701,0.77051716,0.44099318,0.710464463
AC139099.2,20.79035565,0.262654255,1.497134181,0.759649143,0.447464336,0.715631374
FP700111.1,441.9980353,-0.000899965,59.96343385,-0.050870919,0.959428379,1
TMEM255A,16.97616309,-0.275144829,4.091613339,0.749215268,0.453727468,0.719966184
GLT1D1,25.02536769,-0.127387653,2.189936265,0.977683581,0.328230845,0.609334895
ASTL,22.13789841,0.024515174,4.345089781,0.494497101,0.620955153,0.844663615
AL078602.1,28.53877154,-0.068454641,2.0472861,0.810679899,0.41754952,0.692195427
ZFPM1,160.7791774,0.739578827,2.036120227,0.417088598,0.676613604,0.88278218
KLRB1,494.1305608,5.859434453,4.90768762,4.268539237,1.96757E-05,0.000165054
TLCD1,65.92832767,0.107142702,18.53962262,-0.002314947,0.998152941,1
C4orf46,36.22855628,0.271817234,2.504866552,1.341078374,0.179895008,0.430632045
CDH8,14.1853026,-0.006700029,1.964367174,0.938090433,0.348197938,0.63116601
AF165147.1,122.7972154,-0.893158121,5.417745026,-1.562957542,0.118062582,0.329652598
TET2,601.2742817,-0.497562139,0.326370577,-1.166354939,0.243470969,0.514201993
AC254562.3,18.64992539,0.198283941,1.507331865,1.293399969,0.195872761,0.452887982
C1QL1,15.66261321,-0.043362984,2.822200832,0.581940046,0.560607065,0.802263806
AF233439.1,188.386797,-0.379590284,2.08743279,0.373258078,0.708956374,0.904026411
LINC01350,13.25964525,0.115718747,1.349738397,1.466259794,0.142577524,0.372547502
INTS6L,128.3350252,-0.495610105,0.97920754,0.506073106,0.612805329,0.83835885
KAT2B,347.0964691,-0.297435514,0.19509541,0,1,1
TG,96.46299015,-0.642125976,2.2349291,0.339921267,0.733915821,0.920447988
RORA-AS1,235.6346648,-0.380353515,1.02163505,-0.163471507,0.870147206,0.999679659
HCRTR2,17.30348692,-0.121787763,2.988470031,0.179168304,0.857805551,0.994024042
ERBB4,6210.433716,-2.010364227,5.164791147,-1.339947583,0.180262387,0.43119049
ACSBG2,20.70868286,-0.128483144,1.78223548,1.279317851,0.200785149,0.459912245
AC023043.1,22.49931148,0.661480033,2.476395653,1.613389684,0.106659873,0.307529686
MAGIX,123.0419307,0.560253924,1.666529725,2.857359133,0.004271822,0.022025797
ADCY10,28.88560399,0.011775029,1.406960664,1.143617177,0.252782435,0.525147963
UGT2A3,532.6227557,0.332031049,3.047413501,1.309110775,0.19049683,0.445832828
DPYD-AS1,58.26820534,0.031782299,16.63952596,0.255420091,0.798398655,0.961326988
SYT11,69.30562705,0.118943668,21.66169249,0.09547449,0.923937952,1
PAPSS2,521.8297156,0.123482426,0.934949803,1.701665253,0.088818138,0.270120145
RBP5,3629.879342,0.060359728,882.476791,12.33995311,5.5188E-35,2.62265E-33
CMTM8,437.4247286,-0.996137321,0.502826551,-12.17296562,4.33057E-34,1.97995E-32
AC108134.4,25.00464339,0.511401644,1.979341115,1.865813216,0.062067503,0.206606407
AL929472.2,48.96746066,0.64303805,0.321800905,0,1,1
THOC6,134.341021,0.101671851,43.32678224,0.068536968,0.945358193,1
RIMS2,145.2655393,-1.476593474,4.81329908,-1.930796385,0.053508238,0.184289171
RACK1,8920.651591,6.903515006,2.635361558,10.47509399,1.12426E-25,3.6641E-24
CBARP,39.65882838,0.265937491,1.815010552,0.885854451,0.375695964,0.657297599
AL391832.2,15.23231031,0.269853039,1.273831198,1.807114582,0.070744415,0.227815481
RASSF9,62.48405602,-0.014254294,24.11966648,-0.038168598,0.969553258,1
ISOC2,1190.662147,4.994416044,3.615349868,6.762304676,1.35814E-11,2.1304E-10
SERF2,13235.40401,7.465373874,1.97129116,15.67980411,2.07894E-55,1.69962E-53
LINC02388,13.13255173,-0.262090813,4.286299061,0.471415313,0.637344183,0.85418996
LINC01885,16.29932143,-0.200136523,3.014217539,1.046515783,0.295322962,0.575749747
GRAMD1B,434.4568104,-0.063748594,128.118527,0.128231234,0.897965983,1
RNFT2,32.22102786,0.001830482,1.916432367,0.023618546,0.981156879,1
SLC6A12,145.9522239,2.492646781,1.704084221,-0.426207823,0.669956417,0.878253779
SPTB,29.0030275,-0.151333151,1.225957726,0.423445099,0.671970547,0.880009545
HIBCH,1869.658242,0.197829593,0.497583923,-2.797049547,0.005157162,0.026061365
CFAP100,17.05716918,-1.064292364,4.474239241,1.05584124,0.291040753,0.571012843
TXNIP,4565.732536,2.217165961,1.099760771,3.705662361,0.000210839,0.001469627
PTK6,12.93862797,0.158116021,2.068947337,0.401667687,0.687928608,0.890081449
CA11,168.682007,3.229917803,0.917388129,0.606799897,0.543983717,0.791883343
FUT3,36.43763271,-0.698970281,3.127032906,1.437247329,0.150647729,0.385880863
SAP30L-AS1,68.41834948,-0.207306475,1.335938394,-1.275363566,0.202180588,0.46207916
ZIK1,17.54450843,0.167645397,0.791681361,3.649213024,0.000263045,0.001804832
AL355838.1,15.16438887,-0.046567899,2.272964374,1.123255081,0.261329175,0.535253196
LINC00539,25.84799208,1.788924513,1.080656994,8.334536588,7.78023E-17,1.69426E-15
MSC-AS1,182.5954926,-1.918548556,3.674545213,-5.823681627,5.75652E-09,7.57614E-08
AC008781.2,16.75772172,-0.079415793,4.40664753,0.544061075,0.586399445,0.820092121
MFAP5,26.62013972,-0.036313378,3.114506383,0.027663563,0.977930485,1
CEBPB,843.3862493,5.407072693,3.609441425,7.246806112,4.26714E-13,7.48457E-12
PPP1R14C,143.6086808,-0.045894311,23.20791453,0.002759877,0.99779794,1
CACNA1B,13.40689243,-0.124725204,4.367624559,0.591713304,0.554042586,0.798715267
AC078850.2,70.04946694,-0.140559637,1.797984652,-1.751327512,0.079889511,0.249657958
AC026167.1,55.29364073,-0.017892484,1.605214821,-0.40609835,0.684670338,0.887811808
SMAP2,504.4843326,0.093364235,37.04201551,0.057526711,0.954125629,1
ADGRV1,234.1997455,0.403745996,1.095551111,-0.430630449,0.666737097,0.87647096
PINK1-AS,26.74335936,-0.050682414,1.675976169,-1.700841046,0.088972839,0.270192498
LINC02112,15.81617594,-0.031323075,1.567113837,1.041585196,0.297604035,0.578477963
SBSPON,184.22837,2.332979658,1.175817655,-0.043754793,0.965099862,1
TPI1,4866.492821,7.27481049,2.188604225,12.40790349,2.36772E-35,1.14781E-33
OSCAR,27.67794321,0.194340973,2.139854972,1.028678888,0.303630594,0.583956208
NPW,17.90417072,0.067856072,1.771171638,0.821454028,0.4113877,0.686856549
RAC3,69.80777358,0.471750978,1.838878774,2.133842914,0.032855642,0.124924953
ZNF485,13.31829927,0.332181429,0.874888592,1.79133794,0.073239081,0.23403028
EIF1,13233.05627,6.734530058,0.373794166,96.4354438,0,0
VAT1L,79.27669005,0.152000062,1.526814339,-5.153399649,2.55806E-07,2.78843E-06
AL355997.1,20.28603788,-0.003051594,1.972641588,0.349323482,0.726846471,0.9157715
CCDC58,290.6491559,0.417025115,1.14392357,0.447137966,0.654775448,0.86766741
C8orf37,36.04481606,0.094979916,1.468627757,1.065465326,0.286665409,0.566112834
AC092683.2,16.0099843,0.020227181,1.468011774,1.049583618,0.293909592,0.573924558
PGF,68.51044511,0.404364944,2.379936201,1.272402247,0.203230236,0.462833354
TRIM2,876.2188304,-0.631967377,0.904400818,-0.572658225,0.566876128,0.807419756
SEMA6A-AS1,106.1274258,0.050209734,0.863131639,-1.297768223,0.194366992,0.451599015
AC005726.1,210.1211707,-1.527241141,2.187417072,-0.108055479,0.913951684,1
C9orf50,16.25475804,0.410147236,1.913583716,1.167244378,0.243111694,0.513879613
CALCRL,418.9015833,0.426444074,0.901252047,1.78980541,0.073485199,0.234583625
AGMAT,1481.076348,0.796298325,174.9879599,3.128253835,0.001758482,0.010182521
BBS12,75.7488903,0.317408101,1.248502546,3.357715031,0.000785896,0.004945556
LRP1,140.7078217,0.256565665,1.277603342,0.89409271,0.371272289,0.652992484
DSEL,108.8915019,0.10347331,18.46504852,0.124616276,0.900827343,1
CLEC10A,61.36606551,0.605669974,2.841839691,-0.809546423,0.418200912,0.692479264
IFI16,575.3252536,0.927131774,27.72549283,6.423055497,1.33566E-10,1.98232E-09
USP3-AS1,194.6340346,0.015406075,48.59580978,-0.02411056,0.98076442,1
TCF21,88.78061448,-0.19318582,4.191467529,0.245712543,0.805904762,0.966384492
TBC1D31,79.42664402,0.151005921,0.629822579,1.863156358,0.062440271,0.20744036
AC107223.1,184.5422135,-0.093546606,33.44361435,-0.085281055,0.932037952,1
CARNMT1-AS1,53.05792058,0.185894838,1.420307826,0.98592787,0.324168509,0.605587453
TRIB2,176.3883304,1.066044099,2.872443029,3.000078664,0.002699099,0.014744172
MRPL41,2118.053264,5.238332576,2.150831826,8.293180581,1.1026E-16,2.37959E-15
CCDC86,42.77689139,0.940189692,3.529043695,2.945675257,0.003222505,0.017270838
FNDC4,20.34813281,0.357512848,1.792392574,1.392299624,0.163831685,0.407026595
AC064836.3,18.14738794,0.421315148,1.885859049,1.7235008,0.084798001,0.261273176
GULP1,741.8713534,-1.045265025,10.73476963,-0.607015973,0.543840312,0.791883343
SOX6,1374.130233,-0.31626882,1.718981165,-2.873779819,0.004055916,0.021047565
AC239800.2,15.95453497,0.199320295,1.814597249,0.875602579,0.381246123,0.660858517
AL359094.1,16.64303776,0.113004173,1.326546599,0.454792886,0.649258249,0.863823504
AC138696.2,42.43080244,0.637480308,2.219053334,1.894433788,0.058167455,0.197237764
HSPB9,14.44742251,0.321843653,2.658552848,0.639936529,0.522213865,0.773974059
SLC1A5,247.8983672,-0.319137699,0.969017418,6.996251318,2.62902E-12,4.32064E-11
AC016907.2,26.35314138,-0.086723908,1.631102208,-0.065084178,0.948106978,1
ZSCAN20,13.3377135,-0.082036837,1.741770011,0.902961667,0.36654624,0.648701445
AC246817.1,269.9485495,-1.650257515,8.048589474,-2.67293802,0.007519014,0.036231733
DAPK1,887.1171797,0.236816751,0.616428303,-5.737253982,9.62239E-09,1.24433E-07
TNFRSF9,27.23705159,0.35929203,2.504697144,0.72617465,0.46773171,0.731344565
SLC41A1,137.7880637,0.789999312,1.881156837,1.649329089,0.099080233,0.291233093
LINC01252,34.00886927,-1.382468088,0.873053827,0,1,1
CCDC74A,37.05334744,0.532950487,1.665585335,1.063089157,0.287741521,0.567773053
LINC00511,268.8198419,-0.510210754,2.795005539,0.473966534,0.635523772,0.853172534
SH3BGR,120.6209543,0.786879636,1.461863479,3.640931026,0.000271654,0.001857296
CHSY1,323.2289567,-0.538058789,1.184671749,-0.611362882,0.54095937,0.789775651
ANKAR,236.878099,-0.360922618,0.57400086,-4.478171548,7.52851E-06,6.79397E-05
SLAIN1,80.45195912,-0.04846346,1.278606382,-0.137404801,0.890710837,1
DDX60L,138.9447211,0.675493688,0.990471881,0.345762134,0.729521485,0.917468777
SERPINB9,401.4517478,2.761823228,2.766182163,4.967708075,6.77488E-07,6.98262E-06
MAP3K14-AS1,23.30779844,0.275748295,1.35484828,2.061055255,0.039297769,0.14406047
LRRC8A,185.1930148,1.055408346,3.355772722,3.575887871,0.000349041,0.002327022
AC093627.5,28.93571973,0.043238829,1.583158064,1.379668729,0.167688665,0.41236109
ADGRG5,49.91342694,0.010142503,1.234465649,1.200107524,0.230097584,0.49848448
FBXL22,42.45776554,2.213366042,1.623159415,5.593150943,2.22985E-08,2.75787E-07
ABCD2,17.76632008,-0.052210277,1.588986919,1.489980199,0.136229442,0.361741104
LMX1B,28.4516785,-2.01093866,2.3408682,1.066266932,0.286302993,0.565744567
LACTB2-AS1,20.71193537,-0.051689225,1.191479844,0.992504215,0.320951624,0.601558251
CXCL16,217.6885959,5.320161536,2.615591382,5.843029308,5.126E-09,6.81137E-08
AC110296.1,60.5448292,-0.186780679,3.220384678,-0.056836009,0.954675829,1
EXPH5,268.1912656,0.405674163,1.594797554,-1.338169462,0.180841201,0.43191356
PRDM16,466.3196197,-0.218180836,3.748015388,-2.263630134,0.023596873,0.095888388
MOCS1,97.54165127,0.243236132,1.781665646,1.331751165,0.18294197,0.435118635
CASKIN2,154.764629,0.94800525,2.945489821,1.738497816,0.082123135,0.254881738
PLCG1-AS1,37.22509422,-0.13164296,2.298335019,0.221887038,0.824401822,0.977868483
AC090515.4,19.90787535,0.18792382,1.47011968,1.666247061,0.095664216,0.284432561
HMMR,22.01302946,0.088089052,1.663408425,1.409661368,0.158639697,0.398561298
CLEC5A,14.3510966,0.04042169,3.215069225,0.349834526,0.726462886,0.915724938
LHFPL3,139.7049811,-0.079971411,25.63247636,-0.031514597,0.974859151,1
USP43,107.5687177,0.149834103,1.26070292,-6.105195923,1.02675E-09,1.44178E-08
GRIP1,955.2335948,0.843749354,1.973129267,-2.180377643,0.02922948,0.113597325
FTH1,56730.57253,8.411469871,3.916258735,11.83290919,2.63836E-32,1.12621E-30
SCOC-AS1,44.77483477,0.274083505,1.236315297,0.576878055,0.564021836,0.805256571
TP53I11,106.4780519,2.630715066,1.870065575,2.176149473,0.029544086,0.114600641
AP000424.1,41.792458,0.156090546,1.843465715,0.242604831,0.808311538,0.968521067
SBF1,91.05641866,0.056083404,0.195262557,0,1,1
IFI35,278.7821066,3.148146773,2.962087701,4.753496639,1.99928E-06,1.9721E-05
NOS3,42.77824764,0.107107236,1.575058468,0.893027928,0.371842217,0.653399247
AL096854.1,85.49669533,0.345666418,1.231358688,-1.130847314,0.258119362,0.531499997
TMEM184A,54.41477755,0.491042144,0.872848973,-0.096096945,0.923443578,1
INSYN1-AS1,22.94893077,0.050957471,2.805568886,0.709856495,0.477793131,0.739979149
TUBG1,198.5738238,2.391593934,2.445507992,4.955765014,7.20462E-07,7.39394E-06
GSPT2,63.30220077,0.177803366,15.70591219,0.188834925,0.850222198,0.990116528
SDK1,1015.476049,-1.978462184,1.460321096,-2.058263797,0.039564817,0.144723966
CHRNB4,12.94896357,-0.128257232,2.092060478,1.044204964,0.296390571,0.577165893
VWF,238.4228704,0.230846468,1.398441862,0.615062255,0.538513608,0.787874294
IDH2-DT,63.94296791,-0.025738018,25.17628096,-0.097625726,0.922229496,1
AC068631.1,317.2116602,-0.173607137,1.0293489,0.279745303,0.779672919,0.949325338
JCAD,87.88928343,0.523858524,1.938357888,2.060831842,0.039319086,0.14406047
TESC-AS1,14.6943554,0.034891474,1.792727549,0.46986399,0.638452193,0.85531847
KIF3C,29.68962828,-0.034594554,0.924219067,21.93881581,1.1075E-106,2.2732E-104
KCNN3,167.6336286,-0.288594735,1.240260722,0.604774934,0.545328551,0.792525539
SSSCA1-AS1,17.39466776,0.339591432,1.637854678,1.989520028,0.046643833,0.165321236
FADS3,140.5219112,0.955622293,2.471821353,1.795263018,0.072611804,0.232487911
AC005476.2,33.3321412,0.234784804,1.659602564,1.051608257,0.292979318,0.573100183
BAIAP2,361.3828949,0.808676097,0.818280209,3.087143658,0.002020899,0.011481515
AC009133.1,65.69074679,-0.812193465,2.469114343,-0.80674006,0.419816259,0.693725154
NLGN1,893.9861373,-2.278098709,2.272778824,-2.096857366,0.036006204,0.134166415
AC011498.1,33.13429055,0.192658254,1.744769292,1.515466764,0.129654241,0.349573634
LAMB2,385.4975131,3.013803588,1.139751772,5.332291464,9.69811E-08,1.11777E-06
AC010307.4,54.0468042,0.040067145,4.852817608,0.574712444,0.56548579,0.80617155
AC022387.2,19.33777313,0.190469959,1.464521184,1.221141474,0.222032459,0.4874709
RGPD1,13.04750124,0.047561958,1.539760309,0.933057193,0.35079044,0.634451033
SLFN5,206.8858755,1.462251504,1.475487732,4.663997324,3.10125E-06,2.98581E-05
DYSF,178.8332474,0.009289628,41.28095685,0.009872595,0.992122937,1
AC017002.5,330.7478156,0.553950014,2.867025416,1.822330747,0.068404816,0.222039453
LAG3,42.55319726,0.480179246,1.973488757,1.908607625,0.056312728,0.192578449
AC108673.3,25.29803606,0.320884484,1.885121264,1.632897135,0.102490633,0.298348562
ARHGAP26-AS1,80.28219668,0.502290875,1.888139091,0.586511202,0.557532036,0.800387673
NT5E,157.4942919,0.094164133,2.102332359,1.745609815,0.080878776,0.251696529
TMEM132D,59.79204333,-0.16775013,1.854365113,-0.007720585,0.993839926,1
SETBP1,1517.111494,-1.885604683,0.979933826,-2.980049245,0.00288202,0.015602049
NABP2,184.0506905,3.398603693,1.967497536,5.233318962,1.66493E-07,1.88075E-06
LBH,469.2062564,2.340386488,1.872359891,4.535206621,5.75471E-06,5.33292E-05
AL157938.2,113.7519636,0.589343632,0.929341113,2.394536577,0.016641384,0.07148538
PRR36,17.14166102,0.381260072,1.736846931,1.596138983,0.110457767,0.314889502
HLA-DRA,5566.503705,7.396534581,2.758141213,5.379441257,7.47174E-08,8.76884E-07
HGH1,46.42261571,0.539352752,1.285786078,3.945609342,7.95973E-05,0.000598967
ATP12A,66.38942683,1.518253097,2.628130461,4.121850236,3.75842E-05,0.000301894
AC018680.1,14.76981496,-0.150036649,2.471247383,0.977737998,0.328203923,0.609334895
SPIB,21.85354497,0.274829268,2.272053818,0.588104132,0.5564624,0.799552096
SLC22A2,1131.353558,0.814586331,2.317483376,2.416564399,0.015667754,0.067900641
GLDN,14.7602526,-0.190355429,3.626430385,0.292358577,0.770012476,0.944011905
AFMID,541.2091242,0.717818316,1.422083742,1.570202014,0.116368121,0.32624332
H1FX-AS1,21.22773857,0.777973611,0.47712261,0,1,1
AC010501.2,15.08596266,0.780096412,2.667683134,2.146143298,0.031861548,0.12173004
DDT,3057.422511,6.330258825,1.99928976,10.88630712,1.33963E-27,4.66548E-26
AC108488.1,59.69990457,0.292258681,1.326257926,3.073559571,0.002115215,0.011946999
FAM53A,23.73159986,-0.080254089,1.169436474,0.85701318,0.391437601,0.669420056
DNASE2,183.2106737,5.583609186,2.249436905,-0.489719797,0.624332191,0.847145543
ACSL6,38.63984724,0.002169387,1.698300973,1.27926601,0.200803398,0.459912245
AL138760.1,14.21396714,0.201740023,1.497384335,0.830308743,0.406364246,0.683453415
AC010967.1,18.23840823,-0.230059539,2.589537196,1.147300028,0.251257643,0.523279349
AC002064.1,13.0980246,-0.188578129,1.588362204,0.629572375,0.528974403,0.780129987
SYNPO2,151.6651848,-0.48578508,1.63412324,-0.06879963,0.945149113,1
DHH,14.62046334,0.314415616,2.030646961,0.169269286,0.865584834,0.99804354
ACY1,3216.4615,3.16650365,3.046400146,7.607808461,2.78783E-14,5.20196E-13
AC068282.1,168.2321211,0.569410512,0.230889269,2.174790876,0.029645791,0.114810497
PPP1R3C,77.46168446,0.35175456,1.603240666,1.627303012,0.103672759,0.301062945
TRANK1,114.9326714,-0.133355252,1.755097068,0.065846839,0.947499765,1
GNAQ,1631.425863,-0.741680343,1.220947281,-2.168496646,0.030120919,0.116510229
PNPLA3,65.16382608,-3.574293989,11.26945944,0.206869734,0.836111594,0.983774673
TMEM238L,46.55184444,0.598736037,1.751610604,1.032638621,0.301773047,0.582240917
LEPROTL1,686.910256,2.66161741,1.584446719,5.44616429,5.14676E-08,6.15251E-07
GDF9,13.04368971,0.226103879,2.008410112,1.164689368,0.244144754,0.514924452
UGDH,489.6844763,0.727077943,7.815820585,3.719091862,0.00019994,0.001398712
FUT8,410.3050087,0.256205596,0.854700096,-2.004427011,0.045024338,0.161228579
LINC00671,567.3084474,0.009158076,2.220755995,0.88890328,0.374055063,0.655615769
MYRF,54.32404941,-0.026538073,23.48680295,-0.072416984,0.942270069,1
FBXO6,82.49477501,0.378910044,1.277123764,3.557583782,0.000374282,0.002469696
OXR1,2282.208793,-1.711545373,0.738410014,-6.43451363,1.23869E-10,1.84694E-09
AC004816.1,37.60259057,0.082141084,0.862472439,2.812286279,0.00491907,0.025015429
TMEM63C,13.96897595,0.124235577,1.372254399,1.172298982,0.24107704,0.511080661
CCDC148,641.4312492,-1.36601712,4.382720868,-1.927817288,0.053877857,0.185363653
EHMT2-AS1,14.83786772,-0.153862701,1.74761885,0.565686496,0.571606917,0.810329453
LINC02250,17.95286202,-0.074114821,1.981237816,0.533383159,0.593768373,0.825352404
AL096799.1,26.23636247,-0.498835202,5.990080579,0.528712601,0.597004834,0.827724294
MRVI1,32.9318941,-0.281271093,1.105363689,0.307347344,0.758579003,0.937845224
RHOJ,86.3703934,0.192472563,1.549073848,-4.10557036,4.03318E-05,0.000322087
AC135050.3,37.80328908,-0.049976886,18.44286679,-0.219280113,0.826431853,0.978490033
LINC00535,51.75256555,-0.098151959,1.442610486,-0.647554668,0.517273026,0.770245432
LINC01637,38.19450738,0.082966304,1.796853807,1.524001774,0.127508268,0.346406716
AL132780.2,36.33539341,0.294122617,0.982806106,0.25790878,0.796477309,0.95937278
AC005699.1,149.7658094,-0.360702766,2.037382368,22.71820854,2.9604E-114,6.7997E-112
GCAT,241.0654033,2.123701114,2.078067547,3.858995668,0.000113854,0.00082707
PIWIL4,39.25897981,-0.090160225,1.655285124,0.001381879,0.99889742,1
SLC7A9,402.4250072,-0.649702173,1.822321281,1.141051757,0.253848385,0.526198371
AC004130.2,92.57645039,3.998012859,2.107871515,4.655553382,3.23112E-06,3.10155E-05
AC107021.1,42.05822212,0.417330771,1.579844095,0.301828407,0.762782875,0.93997827
AC015971.1,46.1334596,0.12500925,6.15511472,0.321333103,0.747957973,0.931279113
AL589935.1,364.7686429,-0.223008086,0.844769198,-3.038816977,0.002375091,0.013168105
HMGB3,172.8688261,4.799072906,3.011278446,-0.418561863,0.675536366,0.882338723
FAM24B,335.5204932,1.406250297,5.678689137,2.8413628,0.004492118,0.022989633
AL109811.1,23.8010992,-0.040549096,1.909026336,0.81371571,0.415807832,0.691364729
MCF2L,357.2678172,-0.314388339,0.914517516,-3.961747682,7.44031E-05,0.000564282
C14orf132,49.98031153,0.219159431,1.363337369,1.178796272,0.238479309,0.508228846
C5orf38,72.56873487,0.519619568,2.134201458,1.66036328,0.096841393,0.286675245
IGFBP7-AS1,22.70834955,0.165718313,1.467331325,1.202514424,0.229164281,0.497121771
UNC79,91.28807986,-0.109555783,19.58159989,-0.098695428,0.921380099,1
MIR4422HG,16.11905022,0.015770674,1.747597499,1.080155001,0.280073163,0.558352098
RAB19,15.61462604,0.081171383,1.385850399,0.846004119,0.397550446,0.674493344
Z99127.4,33.39670942,0.479552165,1.553255871,2.153946497,0.031244368,0.120037602
LDHA,2846.099672,4.900051099,3.844987054,3.18635038,0.0014408,0.008537713
AL161782.1,21.15651341,-0.183037557,2.209166377,0.886777164,0.375198885,0.657009296
LPAR2,37.29896701,0.38285614,1.389124881,2.202598915,0.02762303,0.108678375
CTXN3,661.9602911,0.222345539,5.941769212,0.481890955,0.629883412,0.85028906
AC009404.1,28.30799093,-0.091486153,2.22596844,1.137016568,0.25553136,0.5285401
GCGR,144.8198849,0.000892727,7.168990929,0.063899725,0.949050071,1
TAGLN2,1337.402419,5.079689273,1.935252555,9.767656522,1.54996E-22,4.46341E-21
MFAP3L,247.3771964,1.952436793,1.186744162,1.085973282,0.277490813,0.555269393
LAMTOR5,4917.075347,6.830975342,3.859985095,8.005755457,1.18735E-15,2.42165E-14
SEMA3A,55.73252607,-0.332356621,1.892432391,0.688134918,0.491367824,0.750035664
MBNL1-AS1,30.64732629,0.479597552,1.578192258,1.96629403,0.049264656,0.172194253
LINC01340,16.62195537,-0.195044803,2.047973858,0.84082054,0.400448479,0.677204622
ST6GALNAC3,1041.692069,-1.220563139,6.707373059,-1.027642507,0.304118021,0.5844276
DDX28,66.16636635,0.571625903,1.876910906,3.583290523,0.000339293,0.00227199
FAM71E1,62.19108058,0.369023478,1.379451744,3.772657251,0.000161518,0.001143188
RAC2,338.7986054,5.570716899,3.979191309,-0.241164377,0.809427719,0.968802631
KCNN4,27.28952085,0.252130338,2.183044999,1.21654288,0.223778187,0.489743233
OR2T10,35.46826739,-0.20778385,7.022773517,0.245993381,0.805687357,0.9662439
AC018653.3,42.31800749,0.249477391,1.908122597,1.519865896,0.128544683,0.347846334
ATP8B4,167.4214271,-1.037587777,5.953610247,-3.3266097,0.000879094,0.005481979
ZNF773,31.48441241,0.145286611,1.671390007,1.057995527,0.290057482,0.570044405
FGFR3,163.5337791,-0.045129145,54.14977832,-0.075702049,0.939656146,1
AC002072.1,18.50842995,-0.195031427,1.910736894,0.597490051,0.550180247,0.796502541
TMEM200B,18.81180896,-0.022915231,2.075788828,1.026580532,0.304618025,0.58492239
C5AR1,354.2527324,-0.834435491,1.581755936,2.274373045,0.022943567,0.093826447
TIGD4,22.01471526,0.070194642,1.40878474,1.043033723,0.296932674,0.577557907
TAF1A-AS1,37.13613802,0.522868667,1.74231771,2.386250738,0.017021142,0.07284958
TBX6,13.63907418,0.166750633,1.439907635,3.084999262,0.002035527,0.011551015
IL15RA,83.09907651,0.446428622,1.27527839,1.174816962,0.240067953,0.509668913
RTKN,279.3221956,0.173999618,0.691438255,2.720315492,0.006521966,0.032035338
GIMAP7,417.8826836,0.380423056,26.90900719,0.27773073,0.781219069,0.950368267
SYP,41.16406955,0.125776645,1.503059684,14.50116157,1.19117E-47,8.03581E-46
IGSF6,112.4110868,0.216247591,1.543606167,3.227517758,0.001248693,0.007505383
BAALC,52.76758136,-0.11785513,1.26217058,1.553258119,0.120361481,0.333465598
SAMD5,464.2373349,-1.900753139,1.60160576,-1.48228857,0.138263528,0.365332308
HOXA7,192.5739063,4.578533584,2.87185766,4.479372838,7.48627E-06,6.76217E-05
CPA6,34.90401458,-0.047733202,1.692148992,0.753740241,0.451005214,0.718603242
IQANK1,56.01188462,0.287032594,1.049456952,-0.000321673,0.999743342,1
ZNF165,106.6138703,0.511141438,2.641717201,4.801730846,1.573E-06,1.57088E-05
IL1RAPL1,146.1884441,0.142388336,1.414586545,-0.386684078,0.698990105,0.896577256
TRMT1,144.2464698,0.47959727,0.591936884,6.049422891,1.45366E-09,2.01486E-08
MTHFD2,178.2006783,0.260387497,39.3315127,0.179512372,0.857535404,0.993949783
VTCN1,108.743513,0.642048665,1.276394507,0.881488417,0.37805352,0.658912793
USP27X,19.98901568,0.238878786,1.57169806,1.572437827,0.115849047,0.325339764
AC017000.1,21.71133129,-0.079899826,3.269876569,0.64248715,0.52055693,0.772230156
ETV1,56.31692552,-0.02247401,24.774881,-0.092988407,0.925912771,1
LINC02301,13.59900834,-0.013376481,1.68175773,2.983223297,0.002852298,0.015475883
ATP1A2,18.76576244,0.02530402,1.721375428,0.233544689,0.815338472,0.97177789
PCDH10,17.04716105,-0.067385068,2.859879179,0.3776031,0.705725462,0.90173954
KDM7A-DT,24.86199437,0.502159553,2.000914475,2.210793587,0.027050134,0.106860215
MTFP1,238.1084572,4.185079103,2.915476098,5.415636573,6.1071E-08,7.25557E-07
CACNB2,774.8243014,-1.145513397,13.27656082,-0.979400607,0.327382077,0.608761546
HPN-AS1,29.16416418,-0.180592155,1.822608655,-0.01216539,0.990293663,1
RCAN1,830.0295643,2.44923663,1.134513753,4.55465343,5.2472E-06,4.90977E-05
GPR137B,630.8976514,0.245911489,3.340302743,2.323650277,0.020144245,0.084405079
NLRC4,22.41047684,0.804419052,1.475310166,0.737063003,0.461084037,0.725177644
HLA-DOA,63.95262707,4.478772034,2.863850168,0.538699579,0.590094164,0.822755241
MDFIC,394.4312495,0.78328597,1.430993456,0.353926066,0.723394292,0.914025505
CXCR6,48.40039986,0.138716977,50.64925875,0.248595609,0.803673606,0.965038147
SERPINC1,12.87255001,0.108767832,2.552191994,-0.215922329,0.829048292,0.980366373
ATP5MC1,2949.618366,6.066830078,2.341783074,8.114614667,4.87329E-16,1.01759E-14
RARA-AS1,59.67365123,0.306658089,12.4696415,0.261070523,0.794038122,0.958654922
BNC2-AS1,26.77031102,0.397163421,1.629965642,1.066363761,0.286259237,0.565744567
SPAG4,32.25909114,0.563717926,1.899065823,0.414355305,0.678613916,0.883957393
CLTRN,1985.673334,2.674237188,3.381983435,4.658774746,3.18097E-06,3.0595E-05
TCEANC,30.52040059,0.020325276,1.40501313,1.549302768,0.121308955,0.335224144
AC008915.2,68.05506985,0.328909121,1.071774399,4.0509954,5.10002E-05,0.00039935
ENAH,318.4435831,-0.410171886,1.148065224,-0.345716127,0.729556063,0.917468777
AC078883.1,57.83083149,0.662354201,0.733321891,1.053942417,0.291909281,0.57236765
ZP3,46.38547674,-0.062982881,2.013598223,0.165399333,0.868629679,0.999006975
EIF2AK3,455.5380408,1.706312725,1.292187496,2.413314565,0.01580817,0.068355631
ACAP1,222.7472506,3.241170918,1.531790798,7.608175822,2.77992E-14,5.19726E-13
SPINK5,26.84487486,-0.209149142,4.506855917,1.269528711,0.204252557,0.464175363
HDHD3,602.6715808,1.231207744,1.23703061,6.131471891,8.70697E-10,1.22443E-08
AC084036.1,16.01891168,-0.126722762,1.241429253,1.378809724,0.167953428,0.412591474
PYY,53.26098404,-0.085606698,18.55212465,0.117469535,0.906487985,1
CXCL2,491.0543219,0.78894018,2.789131194,-0.361658601,0.717607167,0.91008532
HSF2BP,18.59003635,0.027542656,1.421995843,0.259121622,0.795541402,0.959203588
PRSS3,53.19703207,0.249050871,1.552978357,1.039813287,0.298426655,0.579259948
DYNC1I1,77.9845679,-1.677837187,2.688395831,-1.701316573,0.088883558,0.270132172
DUSP6,483.477208,2.574808653,2.22688441,3.842807331,0.000121635,0.000878303
AL049548.1,16.75142944,0.626534736,2.543626474,1.428681288,0.153095859,0.389482001
FCER1G,903.9351496,7.520915258,4.585127801,-0.460593684,0.645090144,0.860268816
CIITA,148.3537513,-0.06088969,0.756866058,0.547713639,0.583888545,0.818979024
NFATC1,164.3757961,-0.713066743,4.505877408,1.050720464,0.293386995,0.573400392
GLDC,402.8874331,-1.010592763,3.471367689,0.052196333,0.958372255,1
TAGLN,1600.704767,1.761649115,4.408781355,2.724145007,0.006446819,0.031698505
AC022210.2,45.57061822,-0.007752923,16.30257025,0.053230064,0.957548602,1
ASPDH,747.862555,0.378147388,30.54835191,1.008872355,0.313035855,0.593175583
TARID,104.1696153,-3.150135273,3.082257582,-1.770141752,0.07670353,0.241737946
ZAP70,73.41154803,0.460537095,1.680776457,2.352832713,0.018631014,0.078761345
TENT5C,272.0765076,0.205599659,33.94046688,0.184504951,0.853617344,0.991791704
IGHG3,342.5114051,0.329543052,7.356269664,0.48643015,0.626662218,0.848002584
FGD6,237.5153655,-0.059604826,41.31607045,-0.093924386,0.925169223,1
ABCA1,255.6371657,-0.421045484,1.543817309,-0.125535438,0.900099671,1
SLC17A3,780.6664867,-0.51183879,25.68012491,0.309166102,0.757195179,0.936495114
PARVG,95.76110119,0.304222088,1.108566252,5.306119547,1.11984E-07,1.28302E-06
C4orf47,130.1930386,0.095554921,1.078279842,0.661469294,0.5083114,0.763913228
ADGB,13.41666562,-0.014604164,1.877743922,0.704626066,0.481042973,0.741905925
SELENOM,1513.674438,5.843686607,1.905712445,7.238679418,4.53075E-13,7.90382E-12
KCNH1,43.31594394,-0.025480451,1.515450643,-0.444050742,0.657005898,0.869011602
ZFY-AS1,64.67133336,-0.226867076,5.303032799,0.011386063,0.990915432,1
ABCC9,64.58743668,0.056130259,0.905266703,-3.792487331,0.000149146,0.001064209
SEL1L3,201.4969116,-0.442891275,1.369185391,-0.16432794,0.869472988,0.999388082
CBX8,20.95214095,0.294448796,1.245697412,2.151525889,0.031434715,0.120553267
FOXP1,2524.30127,-0.608829975,2.025781012,-1.700109449,0.08911034,0.270499513
GAB2,460.1631414,-0.627829688,1.552153562,-0.494077095,0.621251734,0.844947903
LINC01963,13.92758236,0.336705871,2.130571726,1.129923689,0.258508381,0.5319604
NSG1,90.97170983,-0.609823621,1.874834539,1.553813539,0.1202289,0.333289712
HNF4A-AS1,53.44577475,-2.930421907,3.924821964,-0.487993882,0.625554175,0.847580201
GSTM4,317.55369,0.908103119,2.942401509,2.937403138,0.003309735,0.017620871
SLC25A4,1152.789144,4.380314754,3.008723738,4.738298422,2.1552E-06,2.11508E-05
AC093765.3,23.15476593,-0.171719623,1.729295377,0.488771328,0.625003599,0.847422308
PCSK1N,3254.850398,6.815668549,2.801928775,0.652573689,0.514031152,0.768100763
PTPRD,726.7627621,-2.273691533,3.514555461,-2.200311832,0.027784778,0.109047908
CXCL6,24.42657733,0.118083091,8.216614431,0.417347243,0.676424438,0.882774155
ATP5MC3,6777.164876,7.216323984,2.301526709,10.26240807,1.04078E-24,3.28119E-23
AC022613.1,110.8535505,0.141185478,1.437658419,1.854397659,0.06368229,0.210607832
MIR200CHG,60.56848705,0.461981876,1.828503043,-1.115470669,0.264648781,0.53964633
AC007686.3,22.76397231,0.334635847,1.749074366,1.652174394,0.098499005,0.290143481
KLHL17,19.31553321,0.238546832,0.773391844,3.405011983,0.000661612,0.004210136
PRLR,606.1642067,-1.298950895,1284.811538,-0.16926503,0.865588181,0.99804354
TMPRSS4,158.3203702,0.647501404,1.792966445,0.162076871,0.871245319,1
ALG13-AS1,14.65011847,0.01754686,1.72905752,0.76995894,0.44132425,0.71076044
HAMP,20.07104434,0.630135222,3.960052526,0.37438129,0.708120661,0.903252505
S100A9,1128.109192,8.315304367,4.564843005,7.244996559,4.3245E-13,7.57141E-12
CRYL1,2928.531433,0.859838326,1.541101253,3.010192291,0.002610823,0.014318711
C2orf92,44.36093906,-0.003736931,1.378054857,0.145197971,0.884554568,1
NKAIN1,12.97434083,-0.28356961,2.956837022,0.983397574,0.325411804,0.606967088
GCNT3,63.69003434,0.548729254,1.68363697,0.947837413,0.343212231,0.626128667
RFNG,158.2131772,0.705574008,1.76716471,-1.009937719,0.31252513,0.592508506
STK39,562.525325,-1.359445528,1.476230862,-2.465561009,0.013679888,0.060759611
NDUFA4,10183.02288,8.217617205,3.409954345,6.774791132,1.24586E-11,1.96386E-10
CCDC158,24.52729689,-0.079191099,1.140867344,0.585986454,0.557884618,0.800503074
EZR,2511.348424,1.537143282,1.157244457,5.320218818,1.03643E-07,1.19028E-06
MIATNB,128.6557893,-1.231404145,3.07852936,-4.202364868,2.64141E-05,0.000217247
ATP5F1D,5240.053446,6.4739203,1.782384604,9.920211424,3.40035E-23,1.00623E-21
OIP5,21.57799094,0.16926997,1.106556844,1.291322463,0.196591885,0.453406546
SLC35C1,42.00953291,0.39353261,1.583089964,2.655087773,0.007928777,0.03795976
MALT1,471.4672056,-0.390977819,1.707626654,0.02261988,0.981953486,1
ZNF879,20.97625052,0.098283519,1.693455138,1.037695708,0.299411744,0.579539545
AC090578.1,37.49588279,-1.360345009,1.79983418,3.124844688,0.00177899,0.010288917
FAM117A,138.4628909,0.279253218,0.833755439,1.715107736,0.086325476,0.264459152
C16orf86,56.84785571,0.381218662,1.66722053,-1.985334947,0.047107218,0.166584801
OLR1,172.4397856,-0.289718142,2.830908313,1.671548931,0.094613302,0.282580349
KRT7,1386.981065,2.872845511,1.746553015,4.749998601,2.03418E-06,2.00038E-05
LINC01852,17.69059077,0.223749,1.417659397,1.406369328,0.159614483,0.400364254
COL27A1,251.8773099,-1.222846669,7.761658528,-2.057853449,0.039604204,0.144775199
SPATA18,45.1718613,-0.136955912,9.909251888,-0.076531837,0.938995986,1
HP,19.06361665,0.231520642,4.019012759,0.038297869,0.96945019,1
EBF4,65.93421287,-0.046747277,0.726151413,-1.210580679,0.226056153,0.492939355
SLC28A1,443.2691334,-1.012190458,12.15993668,-1.005612411,0.314602051,0.595208078
KCNJ2,25.0624519,0.638955714,1.58896771,0.813992622,0.415649178,0.691293724
AL022097.1,13.61697661,-0.013429451,1.395249288,0.517990541,0.604464869,0.83250996
IL1A,17.89488009,0.311125071,5.379818916,0.716698204,0.473560334,0.736228125
MYO9B,474.6999801,-0.921048396,0.550534043,-7.867850285,3.60787E-15,7.11761E-14
LINC02018,103.9993919,-0.099302528,43.29904,-0.130757764,0.895966936,1
MAP3K7CL,128.7530657,0.063788684,0.657348074,0.31969952,0.749196124,0.932339397
AL118511.1,23.59785566,0.249805128,2.0833892,2.535145474,0.011240064,0.051268508
MAG,16.40307285,0.290255648,1.577952191,1.115121955,0.264798165,0.539836833
AC008440.1,15.57065726,0.039161942,2.056224057,0.790909303,0.42899692,0.700898376
GAREM1,1065.286348,-1.010551931,3.171363676,0.284862814,0.775749246,0.947081983
FCAR,23.01281881,0.197177032,3.111258106,0.559264008,0.575981555,0.812590533
AC025262.1,17.09912525,0.04921594,1.148308542,0.989365027,0.322484579,0.603081948
BTBD16,32.6002271,0.047862887,1.766056591,-0.171777887,0.86361215,0.997159355
G6PC,311.8706214,-1.178841042,42.82786038,1.244195895,0.213427474,0.475409414
JAK3,79.67664184,0.256176656,1.166490089,2.297513076,0.021589518,0.089234824
LINC01524,20.38210869,-0.057315941,1.345891567,1.166292955,0.24349602,0.514201993
ADGRD1,21.72878212,-0.31839874,2.305836836,0.62678349,0.530801167,0.782015709
BTNL8,15.94828905,-0.180286291,3.129833867,0.993065574,0.320677999,0.601395929
HPCAL4,23.71902181,-0.048159582,2.749121426,0.604891113,0.545251349,0.792525539
RIPOR1,301.5450631,-0.400031291,1.424304091,0.17784873,0.858841777,0.994527312
NEGR1,209.7513137,-0.130338583,36.9358394,-0.093637036,0.925397489,1
SFRP4,32.05399331,-0.120498638,1.713021001,0.684096889,0.493913986,0.751425363
ITGB2-AS1,39.44343019,0.396133306,1.612899874,2.658974299,0.007837894,0.037580599
PLCH2,58.29191838,0.16669446,1.790791376,1.187747847,0.234932767,0.504549637
COL6A6,18.01642104,-0.060049356,2.291040356,0.586824067,0.557321872,0.800362323
GPC4,257.12262,-0.517299264,1.006558092,-1.034291919,0.300999713,0.581213818
AP002748.4,107.7782366,0.908006044,2.938045788,2.371130093,0.017733788,0.075497728
SLC4A9,287.8201167,-1.051101446,8.097223349,-1.596345001,0.110411788,0.314889502
ARHGAP11B,19.839925,-0.08535108,1.935153198,0.571516497,0.567649581,0.807924979
CLSTN2,271.2945343,-0.110002364,7.988322213,0.04503605,0.964078575,1
GFPT2,99.91153755,-0.279594776,2.823754461,0.773935255,0.43896908,0.709628565
KLRF1,114.9865999,0.150272475,30.70138183,0.079409043,0.936707276,1
LINC02389,30.5169337,-0.154067663,21.25792943,-0.276593938,0.78209192,0.951310144
SMIM10,33.99970024,0.561120381,2.07802097,2.088252207,0.03677509,0.13650223
GLIS3,2330.80781,-1.979198042,0.804088616,-3.12304232,0.00178992,0.010339736
SEPTIN4-AS1,35.86247778,0.172074548,1.523118982,0.279454433,0.779896103,0.949477247
AC106793.1,64.32640851,-0.193714315,1.623546084,-1.12252715,0.26163837,0.535659032
MXRA8,69.89347216,-0.054328056,2.37485625,1.106760693,0.268397407,0.544340653
ZNF530,15.73501718,0.267110899,1.452919105,1.417888425,0.156223342,0.394304283
AC034114.2,42.18572252,-0.268663902,2.579621345,0.546077027,0.58501299,0.81922999
STK38L,335.7486919,0.643976592,0.618001999,-4.499580053,6.80878E-06,6.23191E-05
CARD10,90.21797995,-0.004501418,1.755265221,0.839987932,0.400915153,0.677699051
CCDC152,25.47046555,-0.00059274,1.09553376,1.760503393,0.078322493,0.245716126
AC090001.1,19.67505694,0.014387581,1.41020197,0.898971406,0.368667891,0.651205644
AC025048.2,22.15958825,-0.232637257,0.801266684,27.36689943,6.7971E-165,2.0491E-162
TIMP2,425.5983778,1.220788899,4.939258315,2.645546383,0.00815591,0.038892767
RBP1,130.5955967,4.031764681,2.721867295,3.20258111,0.001362019,0.00812587
AC026704.1,43.19264485,0.58838134,1.595801488,0.608018109,0.543175464,0.79130379
LINC02149,41.82748801,-0.01473016,1.808650371,0.452212045,0.651116231,0.865078114
SYCP2,98.66554251,-0.239731538,1.811834199,0.082730367,0.934065938,1
CPLANE2,21.64401301,0.322460053,1.508541774,-0.466829243,0.640622052,0.856441372
AC018362.1,163.118178,-0.01133543,17.55981767,0.039791644,0.968259238,1
STXBP5,427.2711832,-0.271825799,1.687708894,10.20481812,1.88674E-24,5.85254E-23
INCENP,21.82383196,0.025227224,1.398269247,0.321366956,0.747932321,0.931279113
EEF1AKMT4,50.087489,0.456665626,1.82258637,2.273162687,0.023016378,0.093964874
STAT5B,442.3920837,-0.521686156,1.305391365,-1.620013379,0.105229403,0.304597836
ZFYVE19,127.2846021,0.522249934,1.451231507,1.458110252,0.144810156,0.3762412
SLC4A4,1605.610197,-0.67022204,1.313807455,-0.162222446,0.871130684,1
ANO7,15.32540275,0.065363899,1.796346868,0.989669265,0.322335802,0.603081948
AC128687.3,16.99192524,-0.082125341,1.341085969,0.525149655,0.59947916,0.829604856
WEE2-AS1,60.00128092,-0.006111908,24.20638502,-0.077413365,0.938294709,1
CCNH,1444.402461,0.377851066,0.448987752,4.006932781,6.15124E-05,0.000473591
SSUH2,30.67869173,-0.024387757,2.393311733,1.037836809,0.299346037,0.579539545
PFN2,65.31837801,0.567796007,2.175929304,0.806934878,0.419704003,0.693658474
BX664727.3,62.32771973,-0.14017041,10.19655032,-0.09286436,0.92601132,1
AC125613.1,12.9963368,-0.093876256,2.226435819,0.821998934,0.411077504,0.686856549
PMP22,190.8015868,1.779830026,1.902638097,4.900573567,9.55573E-07,9.69339E-06
SLC16A12-AS1,89.7961196,-0.365843328,1.416726032,1.501211503,0.133300866,0.356516067
SLC20A1,409.3269253,0.41338974,0.718055677,1.49434575,0.135085273,0.359593717
WDR64,16.24953969,0.000624088,1.817880653,0.894286505,0.371168619,0.652929188
FAM110C,128.0724156,0.857249497,2.153867127,-2.353303859,0.018607422,0.078703738
HPS6,48.18755772,0.708281994,2.132660962,3.267254015,0.001085962,0.006638957
AL353586.1,27.97555525,0.017944972,2.555549592,2.589265513,0.00961809,0.04470797
MAOB,658.2895551,0.02581248,1.582712944,1.1572488,0.247170725,0.518134721
ANXA10,44.80017132,0.029503058,4.916861481,-0.482422494,0.629505845,0.85028906
PPP3CC,562.3513499,-0.232909454,0.273694852,-3.048528532,0.002299651,0.01283096
PDE4C,197.4521853,0.442807863,1.472854205,3.133045739,0.001730025,0.010035808
CRMP1,66.44937431,-0.094275052,1.452182655,-0.466151499,0.641107063,0.856733597
ANXA2,1885.51408,2.389251012,1.022955462,4.875626428,1.08464E-06,1.09565E-05
MAMSTR,34.43360936,-0.0473959,0.90528596,3.032803392,0.002422934,0.013394868
NRARP,53.12511355,0.549718814,2.181332924,-0.709104611,0.478259562,0.739979149
LINC01001,38.15759195,0.201543273,1.44826207,0.152626724,0.878692649,1
ASB9,195.8483447,0.126528894,1.53292532,2.701604948,0.00690057,0.033689169
TTLL6,27.54031578,-0.036556611,1.472694227,0.28999306,0.771821547,0.945013639
AIF1,885.2804289,5.963656973,5.283212179,5.225686975,1.7351E-07,1.94633E-06
EXT1,1547.162897,-1.341560569,1.38861576,-4.100045721,4.13069E-05,0.000329328
LINC01220,31.09074373,0.602473417,1.854016806,2.277714415,0.022743598,0.093238377
AL049779.4,184.1579718,0.584383224,1.294085381,1.799186827,0.071989133,0.231123765
AC073263.1,17.97840759,0.647173793,1.457055505,1.902324076,0.0571288,0.194558768
LINC00624,30.61864587,-0.006074508,1.474739572,0.55622312,0.578058336,0.813845062
TNFRSF1B,345.2152283,1.659422004,8.713648512,4.471877502,7.75358E-06,6.971E-05
AC245041.2,14.61726188,-0.071978212,3.938220632,-1.353499506,0.175896108,0.42496112
AC091045.1,36.95809492,0.298411116,0.847549374,3.17411026,0.001502966,0.008862538
AP001059.3,24.11919458,0.681689808,1.657918453,4.133876547,3.56695E-05,0.000288436
NETO2,76.77952003,0.108463734,1.528276554,1.671009052,0.09471989,0.282659634
AP001021.3,46.67573553,-1.333266808,3.54683113,-0.340845614,0.733219809,0.919933866
AC016876.1,71.54851407,2.966226993,2.866708538,4.025390597,5.68808E-05,0.000441056
CHST10,27.72754343,0.047557404,1.455294247,1.598002458,0.11004243,0.314542021
CSDC2,171.2249676,-0.034958382,12.04907319,0.423801199,0.671710804,0.87983627
NSMF,181.3181269,0.025141261,1.132890439,0.858741267,0.390483277,0.668736406
BIVM,38.45698968,-0.266130744,5.084986788,-0.17033065,0.864750108,0.997873833
AC116337.3,25.60182132,0.106701733,1.100118265,1.175113156,0.239949448,0.509616665
LYPLAL1-DT,84.273798,-0.022934688,1.348885779,14.63486426,1.68311E-48,1.16813E-46
CPS1,32.62921217,-0.154281139,1.549374433,0.109162277,0.91307378,1
NHSL1,515.5692311,-0.219899467,0.848100979,-0.258714294,0.79585569,0.959341512
CSRP2,605.1100621,3.043290823,2.367597165,3.612031432,0.000303808,0.002056725
BST2,1011.24636,5.49753203,1.696022514,9.479601557,2.55256E-21,6.87836E-20
C10orf95,25.23015413,0.442043419,1.805352885,0.572349843,0.567084989,0.807478802
AC092422.1,120.6969807,-1.642556752,1.583314657,-0.03983375,0.968225669,1
LINC02754,353.7311139,0.055455264,12.495507,0.940841207,0.34678624,0.629906213
KDM2B,280.5919466,-0.540923296,1.495898856,-0.570574373,0.568288194,0.808440553
CLDN4,1326.551405,4.205218905,0.619928862,18.84565543,3.1899E-79,4.52543E-77
PDLIM4,116.7072349,2.375707692,2.359658596,3.602711455,0.000314915,0.002124501
PGM5-AS1,15.24682961,0.730030885,2.449226161,1.808042256,0.070599924,0.227556789
LINC01431,30.34894737,0.554136617,2.033482964,2.25786635,0.023953993,0.097159857
POU5F1,110.1450805,-0.073880055,34.26299079,-0.084702589,0.932497837,1
VWCE,16.22557434,-0.058905769,1.584461846,0.841353959,0.40014967,0.676998223
SPANXA2-OT1,57.40080005,-0.754688873,1.762492984,-0.120713234,0.903918176,1
LINC02294,467.0586539,-0.385808845,12.49962089,1.416183566,0.156721766,0.395060068
ZNF343,45.4658737,0.003649793,0.775142993,1.692265254,0.09059541,0.273458672
AL450352.1,70.52103323,-0.196091065,8.832465571,0.241564392,0.809117716,0.968671954
ALAS1,314.684098,1.849857694,0.798976999,13.16016799,1.48755E-39,8.34324E-38
ADNP-AS1,34.19597686,0.885836275,0.798521702,0,1,1
C17orf82,13.67000171,0.538576238,2.138249168,1.440396745,0.149755184,0.384532409
IGLV3-21,115.6495715,0.128188361,371.078059,8.273629985,1.29941E-16,2.79808E-15
INPP5D,336.3552538,-0.333979935,1.17088025,-0.034408449,0.972551446,1
DCLRE1A,33.08569534,0.409090785,1.53518899,1.818266954,0.069023341,0.223614437
XCL1,73.52140689,6.465128447,6.125183701,0.851021341,0.394757498,0.672372706
SOCS2-AS1,68.65137081,-0.037100655,48.92869903,-0.064876749,0.948272133,1
CD2BP2-DT,18.44391259,0.787951431,2.738241418,1.30451326,0.192058641,0.447966565
CMTM3,110.3674354,0.050485949,1.488148589,2.461653261,0.01382983,0.061397315
TVP23A,20.88878279,-0.357839011,1.14474355,2.126084116,0.033496256,0.126770649
ZNF205,85.31521637,0.572946897,1.480263392,2.272146536,0.023077661,0.094095603
AQP1,1719.670735,3.065996833,1.315574257,6.509132137,7.55862E-11,1.14471E-09
ADAP1,90.84306221,0.691057692,1.826567769,0.741859736,0.458172323,0.722776313
AC105052.5,40.10287962,0.310164861,1.61344613,0.561380914,0.574537892,0.811821918
FXYD3,439.0657189,5.993286195,3.576176408,2.002208051,0.04526236,0.161720736
RASIP1,135.8843376,1.377844613,3.681193352,1.861944424,0.062610924,0.207705498
TMEM150A,214.211099,1.549083892,3.483188261,2.186038813,0.028812766,0.112396584
DCLK1,88.73485864,-0.865725912,3.796580002,-0.707879257,0.479020242,0.740488164
AL136418.1,24.83337066,0.099253194,1.456264405,0.971794897,0.331152595,0.612937276
AC005162.3,101.1790517,0.190427164,1.348705372,4.792947388,1.64349E-06,1.63619E-05
AC091057.2,14.73988387,-0.042334261,1.621310196,0.509500792,0.610401243,0.836915974
PSPH,174.033373,0.319266037,1.127168566,0.023447227,0.981293534,1
TSSK6,13.10413288,0.267716723,1.773221947,1.284839121,0.198848508,0.457062559
CMTM1,44.18102398,0.322146307,1.188277451,2.227449568,0.025917243,0.103315554
SYCP3,20.04908466,-0.022825345,1.35911645,0.835190942,0.403610209,0.680347315
SMIM34B,104.2156841,-0.132014409,2.421644916,0.831338636,0.405782354,0.682815693
NPR2,20.82312868,0.157534563,0.902522592,1.970740558,0.048753559,0.171089699
AC142472.1,32.02835424,0.32553989,1.253315187,2.277582908,0.02275144,0.093238377
TTC25,45.68470163,-0.141409191,1.049856024,-0.537889112,0.590653606,0.823263343
NAALADL2,2041.505489,-0.676266281,0.94357675,-3.457437882,0.000545338,0.003514279
CHL1,469.1716639,0.339737603,1.400552933,-0.634006043,0.526076878,0.777311019
CFAP52,15.39829811,-0.101268283,2.221105707,0.468217542,0.639629029,0.85593426
HLA-B,8632.916106,6.535346589,1.700675543,8.65527867,4.91709E-18,1.14027E-16
VCAM1,577.1494765,0.361552231,1.710487127,1.788852041,0.073638647,0.234855502
CDC42EP2,81.05216186,2.752674583,1.939246461,4.767204145,1.868E-06,1.85016E-05
MRGPRF,35.12441021,0.017572662,2.362492147,0.940990915,0.346709515,0.629888266
SEMA3E,26.39564903,-0.111951475,1.9104511,1.398466499,0.161973026,0.404701834
AL079338.1,28.45399156,-0.380189735,2.48188838,0.248246615,0.803943601,0.965112484
SCD,72.81037951,0.570321119,2.131881284,0.999270609,0.317663619,0.598301627
HCG25,22.91048981,0.17369684,1.150153789,0.837276137,0.40243737,0.6794388
LINC01928,14.76482973,-0.127010179,5.482556715,0.53891636,0.589944568,0.822755241
POU2F2,164.4164557,-0.069275927,153.9268889,2.305794013,0.021122145,0.087678714
NBEAL2,150.6373464,1.249464475,3.083245299,-3.823782101,0.00013142,0.000944013
DDX11-AS1,14.28037061,-0.045119158,1.887601201,0.414449214,0.678545153,0.883957393
PDGFC,474.7431974,-1.56090522,1.744349055,-2.475016369,0.013323007,0.059475728
CYTH3,315.7683838,-0.994231883,7.230192488,-1.767171677,0.077199481,0.242745566
DUSP2,663.0404134,6.699662913,5.675179805,-0.190801455,0.848681149,0.989702716
COX6A1,5599.879762,7.844445305,2.627666911,11.59120928,4.56639E-31,1.82788E-29
PTCH1,89.58874539,0.00867711,0.775883274,0.192999991,0.846958975,0.989702716
ABR,414.0634493,-0.918176493,1.73479012,0.146104409,0.883838966,1
RARRES2,1175.170008,6.737675338,8.588458785,6.913586025,4.72553E-12,7.61055E-11
MECOM,6650.452688,-0.369572162,0.475384665,1.157927755,0.24689352,0.518003869
HLA-E,3268.584021,5.481213273,0.316407479,134.3953662,0,0
MTRNR2L3,27.69194323,0.453296404,16.82045896,0.580678816,0.561456942,0.803139845
PCSK4,27.00157658,-0.061206784,4.97876274,0.076089412,0.939347964,1
KCND2,53.97481955,-0.199968354,7.399659128,0.180524107,0.856741131,0.993865042
ABLIM2,119.4857654,-0.195159844,12.49845028,-0.038077362,0.969626001,1
RGS16,190.000062,3.185717296,2.599243466,-0.66399082,0.506696186,0.762870868
ADAP2,106.4829917,-0.021406542,36.46431907,-0.053268614,0.957517887,1
IGLV2-8,120.2574855,0.126933648,323.2934587,156.1368245,0,0
LINGO2,173.7463026,-2.132251866,89.83063075,-1.839849918,0.065790274,0.215536107
AL645608.7,15.22045289,0.238960539,1.697289438,0.906431302,0.364707611,0.647297348
EEF1AKMT3,81.44900351,0.463408166,1.800446053,1.240561415,0.214767813,0.477109714
BCL11A,64.27416735,-0.346697788,2.588881792,0.886485927,0.375355734,0.657059839
TUBGCP6,103.1661207,0.369856809,1.075739073,-0.3609227,0.718157234,0.910389334
AC015712.1,31.49497529,0.606576079,1.517952566,1.149554383,0.250327456,0.522519623
AL157838.1,14.30317349,-0.175220412,1.83772716,0.872533149,0.382917592,0.662126907
FMO1,696.6421437,-0.44561014,18.19760147,0.920482864,0.357320484,0.64131548
AP000763.3,38.58030035,-0.059696202,3.179092884,-0.840989971,0.400353553,0.677204622
XKR8,43.20373663,0.312243914,1.212744851,3.069896988,0.002141326,0.012073275
CYFIP2,1612.325023,1.515506429,0.568013493,14.33456984,1.33068E-46,8.85318E-45
FHOD3,1068.725908,-0.367175527,1.008985226,-3.51335116,0.000442492,0.002892089
OSBPL5,142.4336298,-0.147311288,1.07070276,0.226882002,0.820515497,0.975054037
AC018816.1,162.5881897,0.1106084,0.680318179,3.96483568,7.34465E-05,0.000558344
MDC1-AS1,20.02153382,-0.690890152,1.439466018,1.447299997,0.14781292,0.381474382
PRSS35,23.19691636,0.550736798,1.847278909,2.003615246,0.045111291,0.16148001
TACSTD2,1788.085113,7.860944358,2.978960181,6.769555161,1.29179E-11,2.02962E-10
INTS5,74.29896479,0.248648704,16.86109752,0.220942331,0.825137336,0.978380025
TIGD1,32.19630423,0.048967796,8.580093696,-0.030690706,0.975516203,1
MPV17L2,75.6650002,0.202543458,16.96149806,0.216124728,0.828890525,0.980299975
AC060765.2,51.82240654,-0.023971499,1.961203639,0.210162156,0.833541115,0.982427751
IKZF3,141.7909414,0.597069474,1.677999373,1.456724492,0.145192446,0.376828498
AL157402.2,67.95714324,0.543083002,2.139388501,2.151445264,0.031441072,0.120553267
ZNF14,94.2484251,-0.459466848,0.679930438,0.024607725,0.980367857,1
PBLD,1504.256504,0.201440819,1.204919752,2.536903317,0.011183784,0.051060085
ME1,94.94794827,0.699743677,2.115008038,-0.318906122,0.749797702,0.932366387
FIBIN,115.2382226,0.261824953,13.63576254,0.07980633,0.93639129,1
LINC02479,13.11869587,0.277078517,2.168831745,1.135492698,0.25616894,0.529282123
NRIP2,26.77690774,-0.062337091,2.059359368,0.812695625,0.41639259,0.691427827
ITGB6,258.1402171,0.038004968,1.231944285,-0.378789518,0.704844171,0.901210301
MYL12A,3730.073559,5.925823315,1.718165396,9.7563145,1.7334E-22,4.96206E-21
RPUSD2,73.68648012,0.15364863,18.6217018,0.086419905,0.931132624,1
GPCPD1,576.5637622,0.611709905,7.985304138,12.93135333,2.995E-38,1.58752E-36
CDHR2,92.68491413,-0.057276562,8.957617378,0.459342335,0.645988351,0.860914403
AC104083.1,34.33981402,0.319602068,1.166934984,1.570368174,0.116329482,0.326229801
SELENBP1,518.2217066,2.32621705,3.176273973,1.061910485,0.288276325,0.568131094
C3orf20,27.15153668,-0.108928044,1.268075851,1.356820999,0.174838093,0.4234655
SPARCL1,1106.180988,2.058335276,2.516595879,3.181292227,0.001466197,0.008672224
SEPTIN9-DT,21.76711394,0.108303884,1.950472045,0.568542129,0.569666908,0.809601747
P2RX7,49.88853035,-0.341223554,2.096863022,1.134605368,0.256540703,0.529827726
CNTN1,142.7798896,-1.499467426,4.437790975,-0.789045437,0.430085451,0.701865414
RN7SL832P,29.27979556,0.566046392,1.574507142,3.067882757,0.002155812,0.012126599
WFS1,70.88492752,0.554256502,1.576439488,1.80936438,0.070394413,0.227122042
KRBA1,32.93971771,0.011768489,6.653482388,-0.024344025,0.980578197,1
SLC24A4,22.72312905,0.08554514,2.020078187,-0.156341907,0.875763525,1
GZMH,250.9499713,7.513256329,9.808012816,-0.714636603,0.474833621,0.737042629
COL9A2,115.1889779,0.658577857,1.517811954,2.150819436,0.031490454,0.120646709
AC087071.2,23.75488198,0.439410092,1.499371112,1.389995844,0.164530139,0.408026287
LINC02422,40.34236975,0.107418785,8.29886654,0.142554741,0.886641844,1
LINC01968,12.86882316,0.128494302,1.799133224,0.62583002,0.531426439,0.782339517
SLC19A1,41.02105766,0.333648354,1.391538514,0.912540305,0.361484362,0.64556135
AC100861.1,14.38829906,0.440384593,1.847733997,1.695445245,0.089990989,0.272230502
LRRC19,265.3459174,0.932284963,3.205817976,4.5476598,5.42457E-06,5.06591E-05
STX1A,18.79472314,0.308146725,0.906772242,1.174228152,0.240303653,0.509944861
CNGB3,31.46351414,-0.024697927,0.951306646,0.836942613,0.402624826,0.67958546
CMBL,3353.912858,2.411841587,8.295328741,0.431763078,0.665913617,0.876049184
AL049838.1,26.70976423,0.171006325,1.909141553,0.978620923,0.327767317,0.609220033
STS,145.9496046,0.216732739,0.783896001,-2.034188083,0.041932636,0.151670704
CBLC,96.92243204,0.254694307,1.484058238,-2.175054578,0.029626027,0.114810497
AC004870.2,24.72502197,-0.113373169,2.080605618,-0.035739571,0.971490018,1
AL136295.7,15.7803261,0.297950912,1.766940724,0.972166881,0.330967534,0.612712301
THAP9,55.61116304,0.357570931,0.834512273,0.512234154,0.608487143,0.835835892
GPD1,733.0429044,-1.402105972,4721.624738,1.508735313,0.131366437,0.352740937
SLC22A11,211.866557,-0.474006514,16.55366164,0.268636694,0.788209273,0.955258147
MORN4,150.6768427,0.014597674,34.42177281,0.023752024,0.981050409,1
GNGT2,28.33228282,0.608438629,2.095177128,2.385149931,0.017072162,0.073003168
ZNF426-DT,14.76016972,0.578101062,2.055274035,1.769426944,0.076822652,0.241954988
ZNF674-AS1,25.53146717,0.380762279,1.714110718,-2.601877366,0.0092715,0.043397458
AC007364.1,239.4739719,-0.13651037,20.38224157,-0.16773649,0.866790588,0.998558491
ATP6V0C,4944.198679,6.542394596,2.035897005,11.72779226,9.18224E-32,3.81815E-30
APBA2,83.51815983,-0.278869489,2.164516988,1.466936623,0.142393297,0.372424509
MAL2-AS1,18.10527412,-0.034177513,1.78373318,0.258019821,0.79639161,0.95937278
TRIM5,81.27758075,-0.233382494,1.514139179,0.286186772,0.774735075,0.946771054
HRH1,169.4588332,-0.059776913,21.06724345,0.010769096,0.991407671,1
SLC12A1,6732.192612,-0.185778958,0.833058571,-2.73737121,0.006193236,0.03052946
MAP3K11,227.8917263,1.680706661,0.812254855,14.68375555,8.19245E-49,5.81122E-47
TSR3,357.7471789,5.195861433,2.643341188,6.330603315,2.44204E-10,3.54795E-09
AC011933.4,80.16174777,-0.359864784,1.759479733,1.187357407,0.235086673,0.504549637
PKP3,18.46547517,0.536800323,1.948283275,1.178115984,0.238750371,0.508307692
PFKFB1,20.13473241,-0.175760185,2.116019822,0.61266509,0.54009781,0.789084291
AP1S2,403.7380756,0.839282044,112.1988549,3.583228402,0.000339374,0.00227199
PLK2,176.4017754,2.44184128,3.021293523,3.221137359,0.001276829,0.007660182
AC008892.1,100.5166319,-1.35850428,1.573460328,2.071497446,0.038312333,0.14128405
HERC1,1043.582293,-0.489237631,0.890808944,0.076543363,0.938986816,1
HIST2H2AC,112.29021,3.644062205,2.438324747,4.928243589,8.29721E-07,8.46123E-06
DEF6,94.47261522,0.082359182,4.17952088,4.251072107,2.1275E-05,0.000177389
RGN,588.0107595,0.012556014,1.499871409,0.590922902,0.55457208,0.798956463
CRYAB,8994.826693,5.347008701,1.3676927,10.48812343,9.79545E-26,3.20328E-24
S100A11,5514.846304,8.025174458,2.278854387,7.818967286,5.32584E-15,1.04005E-13
LY86,96.73587515,0.278760098,8.892411814,0.14245708,0.886718978,1
LINC01816,38.87730185,0.89147041,3.968505354,2.43782549,0.014775905,0.06460136
POPDC2,24.40210459,0.071967535,5.76863703,0.006284552,0.994985686,1
HCLS1,314.7770949,0.422543058,1.154599245,4.46931848,7.84692E-06,7.04835E-05
AC092078.2,338.3457397,-1.755894905,5.674061751,-0.15701692,0.875231513,1
TSPAN7,487.7659539,0.424676447,0.940364339,2.881299653,0.003960389,0.020607268
AC011586.2,220.9818156,0.082886265,1.276386623,-0.984075599,0.325078344,0.606699706
MFSD6,186.1871295,-0.035149728,9.022348382,0.027188845,0.978309113,1
KLK6,33.88992496,-0.014307249,3.792379959,-0.406213502,0.684585734,0.887811808
AMER1,16.08386372,-0.039252288,1.936226837,0.886188223,0.375516109,0.657212306
AXL,167.1833524,0.053669815,1.83758565,1.115679606,0.264559303,0.539577928
TMEM40,33.96196473,0.007687313,4.939086205,0.02568863,0.979505693,1
HMBS,102.7906643,2.072723861,2.535701841,2.803356596,0.005057372,0.025664632
TSPOAP1-AS1,82.6799196,-0.027289881,1.570756295,0.770679454,0.440896953,0.710428078
HPSE2,112.4264095,-0.863412559,4.64477042,0.199417166,0.841936434,0.987256688
AC068633.1,44.86132808,-0.917940556,1.535180749,3.249897511,0.001154466,0.006991296
APOA1,13.57950323,0.542934046,2.37175776,1.581775466,0.113700838,0.321474789
CKMT1B,32.03960909,0.34849826,1.763121025,1.552379559,0.120571432,0.333855511
SLC44A5,109.0797863,0.06149841,1.438256036,-0.099189853,0.920987531,1
SPECC1,107.8706809,-0.032989495,36.93646688,-0.048151568,0.961595449,1
AC087386.1,30.78873984,-0.167188333,1.863775673,3.324762804,0.000884938,0.005511295
PLCE1,364.560812,-2.256705668,9.837461651,-1.906478849,0.056588107,0.193377779
PLAAT4,1536.024536,6.940506134,3.640064907,5.926718706,3.09048E-09,4.17561E-08
CLEC18A,135.112165,-0.018032833,1.972645978,1.299151325,0.193892002,0.450717143
AP001830.1,20.53909619,0.122544972,1.033829763,1.810779393,0.070175007,0.226641545
AC007216.4,183.5088277,-0.468299488,0.208232252,0,1,1
ZSCAN23,26.54719414,0.413572066,1.194017528,0.003231323,0.997421781,1
FGFRL1,94.73667174,1.278646823,4.431271728,0.548716816,0.583199804,0.818364018
MEX3A,27.81456235,0.230018613,0.761579962,4.95164273,7.35896E-07,7.5363E-06
CXCL11,15.50458475,0.652723303,3.016895864,0.227687915,0.819888868,0.97467257
RYR2,99.35858523,-0.679487965,2.457881808,0.153612919,0.87791495,1
LINC02240,34.19260207,0.061109578,1.629244015,0.807886042,0.419156187,0.69323394
CEP19,35.49107063,0.244228575,1.626867759,1.592419985,0.111290369,0.316608136
TCN2,559.1938389,2.679695835,2.671059487,4.540838811,5.60309E-06,5.2024E-05
OVCH1-AS1,36.47481605,-0.395305031,1.608648785,1.262901489,0.206624585,0.467558722
IL18BP,45.1541969,0.063889869,1.627468562,7.148127124,8.79698E-13,1.51004E-11
TDRD10,34.37444147,-0.031219148,33.39289511,-0.118736007,0.905484509,1
NID1,183.0118298,-0.513684889,3.229253584,0.323066832,0.746644629,0.930171462
SYTL1,102.6837345,0.095804143,44.03576545,0.077909743,0.937899849,1
RHOF,151.3975156,3.122145593,1.224883986,7.950169015,1.86257E-15,3.7512E-14
MAD2L1,37.4990652,4.997565494,2.158950883,5.804789812,6.44468E-09,8.44726E-08
APOBEC3C,102.8733803,3.654464483,2.908243156,4.354639015,1.33286E-05,0.000115906
WSCD2,13.3555844,-0.019381984,1.479544214,0.669960665,0.502882866,0.759346793
F11-AS1,50.58530863,-1.046423462,6.471823432,0.389276024,0.697071971,0.895545785
IGF1,59.28026996,-0.033501216,2.197015329,0.366904314,0.713690393,0.907948203
EGFL7,611.8230055,2.114387511,0.409627186,0.822647862,0.410708272,0.686672912
RRAS2,519.1478131,-0.380376444,1.089402287,-2.994492988,0.002749014,0.014982901
NID2,59.86875719,0.632186868,1.916647463,0.312501632,0.754659323,0.935037052
VASH1,66.51132993,-0.183304084,1.788799697,1.259641839,0.207798595,0.468920011
RFC3,122.104004,-0.54460514,2.687757182,-0.213270257,0.831116171,0.981248036
AC008397.1,52.78803469,0.766296245,2.492386665,2.312093844,0.020772512,0.086450572
OTOGL,47.73129277,-0.159388936,7.860054238,0.056205838,0.95517783,1
AC022893.1,43.43893282,-0.083082903,9.620756434,0.030110631,0.975978822,1
GPC3,510.4618244,0.053401689,0.977655682,0.814609066,0.41529612,0.691109482
EYA1,38.2720968,-0.207846876,1.46365298,0.165660183,0.868424382,0.999006975
CADM4,100.4038311,0.366408852,1.478566466,2.925170536,0.003442675,0.01821804
AC061961.1,13.9768886,0.067554663,1.454000343,1.111108486,0.266521656,0.541925151
AL359715.1,30.05185803,-0.078227645,1.83156172,-0.274518126,0.783686476,0.952049293
FAM177B,26.79894197,0.322453664,1.896443013,1.746962281,0.080643881,0.251282791
CARD8-AS1,35.45389915,0.613824947,1.566403462,3.33093443,0.00086555,0.005404505
AC005400.1,34.07298124,-0.243168487,1.20235748,0.237647823,0.812154256,0.970185764
L3MBTL4,690.4448462,-2.244256145,1.435237548,-3.253683069,0.001139193,0.006907476
AC004951.1,32.87598548,-0.202194184,5.206327119,0.200144352,0.841367687,0.986949669
WIPF1,601.1507493,0.000550674,2.204968863,0.314977466,0.752778763,0.934146736
AL121603.2,16.18658177,0.12414681,49.25342865,0.190311008,0.849065428,0.989702716
ZC3H12D,40.62883547,-0.0900684,2.269834734,1.58522433,0.112915374,0.319979651
CASTOR3,178.0574153,-0.488388692,1.091349779,-3.944153401,8.00824E-05,0.000602147
ANGPTL2,38.93395847,0.211907949,1.514458775,0.702827441,0.482163294,0.743158539
TIPARP-AS1,75.13236741,5.06793891,2.898448775,4.398137042,1.09184E-05,9.66329E-05
HIST1H2BC,63.35382538,0.853602239,2.460588908,3.37587164,0.000735822,0.004657794
CLDN16,579.5527713,-0.289691955,1.92546862,1.018446497,0.308465815,0.588338247
PCNX1,693.2122324,-0.80491265,0.444408615,-7.11805697,1.09459E-12,1.86564E-11
AC006008.1,37.16294436,0.129935943,1.29574039,0.450284773,0.652505117,0.865848262
HSD3B7,136.7770073,0.432854933,1.761557944,0.644730455,0.519101877,0.771138867
DNAH10,22.44743093,0.029318667,1.481847759,1.015859398,0.309696346,0.589394486
LINC02591,52.11469016,0.390722388,1.566406533,0.260104749,0.794782975,0.958768458
CDKL4,22.2510716,-0.03994103,1.132047596,1.417926173,0.15621232,0.394304283
CPM,1290.376119,-0.388039977,0.927894032,0.812635511,0.416427065,0.691427827
PHACTR1,798.1931268,0.553879733,2.21362918,0.381777502,0.702626408,0.899304054
INPP4B,933.5835274,-0.880949477,2.271042658,-2.951081042,0.003166638,0.017018696
GCNT1,101.96523,-0.431732831,0.781358519,0.908879478,0.363413747,0.646359222
PTCH2,53.08470123,0.037057179,0.99008075,3.169338776,0.001527862,0.008987369
TMEM203,174.514915,3.438908875,3.04141783,1.977202293,0.048018769,0.169188116
ZFHX4,36.75122349,0.207945713,1.541329367,0.286488586,0.774503934,0.946771054
PITPNM3,33.64186384,-0.171589529,2.181770559,-0.251361474,0.801534651,0.96384557
LAMP3,14.17250697,0.2805354,1.844950818,0.973056187,0.330525378,0.612246221
UBC,7236.147227,5.43321004,1.822467878,8.167973067,3.13614E-16,6.6493E-15
SPTSSB,77.95519869,0.342737388,1.772554645,0.327046343,0.743632834,0.927929887
LRRC73,34.3417881,0.396476741,1.304822612,2.508084953,0.012138748,0.054823268
SIRLNT,68.3205668,0.216424401,1.669476812,0.998570696,0.318002702,0.598737915
ZNF727,60.62257976,0.122754431,1.444227118,13.03632188,7.60377E-39,4.12098E-37
TRPM7,1001.633705,-1.281969323,2.564387224,-1.706866254,0.087846914,0.267844243
PARD6A,94.83212122,6.707660005,3.093956198,5.299213882,1.16302E-07,1.32935E-06
DISC1FP1,52.04276563,0.485021013,1.81920415,0.400032373,0.689132673,0.890683667
ABCG1,179.2998817,0.283725421,0.933220662,0.430449919,0.66686839,0.87647096
NACA,9784.089374,7.875135914,2.978182766,9.848545445,6.95431E-23,2.02683E-21
C15orf41,217.1937772,-0.322528136,0.944023166,-3.846000006,0.000120062,0.000868243
MAP3K2-DT,44.45929144,0.339019245,1.37112582,2.597346133,0.00939472,0.043843208
CELF4,31.06456804,-0.339329316,1.740961587,1.399211001,0.161749719,0.404406988
GNAS,3664.884381,2.372858297,0.667291687,12.51691636,6.03339E-36,2.9696E-34
KLHL3,246.3014033,-1.382159763,3.817612495,-1.127488593,0.259535961,0.533165122
FAM111A-DT,39.6952937,0.623145919,1.028279081,3.454275791,0.000551773,0.003553373
GADD45G,401.8790116,3.819644526,1.920261399,7.610659189,2.72701E-14,5.11819E-13
PRC1,34.32647906,0.066953715,1.459885779,1.712847529,0.086740594,0.265359123
SEMA3D,68.25083019,0.335395943,1.480240887,-2.759642691,0.005786461,0.028803917
HKDC1,221.7050604,1.307244859,3.260359378,-0.117808085,0.906219724,1
CCRL2,35.89783311,0.629889819,2.654205437,-0.309368009,0.757041603,0.936425226
GALNT3,192.4228535,2.155168536,2.298744267,2.577298803,0.009957583,0.04598411
SUCLG1,7298.76527,3.281299885,2.320402495,8.760992081,1.93539E-18,4.63294E-17
CIART,35.98303866,0.359378026,1.852835632,1.774827814,0.075926322,0.240151223
KCNAB2,242.5162716,-0.841271366,3.797736002,1.296266405,0.194883719,0.451847308
PIP4K2A,807.5647404,-0.413611754,8.336281165,1.190431358,0.233876894,0.503599873
ADARB2,71.98910199,0.161344031,1.565742695,14.54323814,6.44694E-48,4.4109E-46
ARHGAP26,1281.441755,-0.16260956,1.101593078,-2.401034475,0.016348796,0.070355257
AFF2,38.35277186,-0.151572232,2.759269159,-0.753839498,0.450945603,0.718603242
QRICH2,34.65181175,-0.2707142,1.040529657,-0.318649565,0.749992264,0.932393457
HAS2-AS1,22.74541494,-0.135947534,3.507483525,0.626340344,0.531091729,0.782201785
FAM110A,83.57856178,0.344565792,1.571524718,2.418038343,0.015604432,0.067687032
AC104596.1,142.0615526,-0.102632782,1.356040216,-1.697577664,0.089587501,0.271606105
RAB15,64.9180496,0.064108936,0.875812704,0.51712953,0.605065741,0.832558722
MYO7A,28.23374515,-0.051740779,2.015409509,0.695093134,0.486996937,0.746327631
SVIL,1066.279051,-1.054953646,2.600777078,-4.380217189,1.18561E-05,0.000104453
DOLK,63.95454021,0.656411641,1.919679568,3.040522256,0.002361682,0.013101294
SLC46A1,48.42637836,0.324610027,1.54481933,1.754140547,0.079406428,0.24863155
ALB,2255.144537,5.495502313,43.76045321,2.501967618,0.012350522,0.055623476
ROBO1,264.6504218,-1.294319955,4.460720416,-0.984427932,0.32490515,0.606565796
PLA2G4F,65.81864834,0.073900949,1.263554001,0.821628919,0.411288125,0.686856549
ZNF280B,15.90306546,0.154745127,1.643783495,1.206307371,0.227698997,0.495007043
COL18A1-AS1,19.49356208,0.068102407,1.78208152,0.879105332,0.379344167,0.660088957
FTCD,1012.385637,-0.764154912,11.15371844,-0.572371934,0.567070026,0.807478802
AC092567.1,15.68510325,0.070277387,1.820983439,0.726741672,0.46738422,0.731244822
LRATD2,267.6901193,2.209597662,1.040862658,6.540302121,6.13947E-11,9.34187E-10
AC025178.1,26.19631427,-0.047683353,1.580124652,0.138333289,0.889977017,1
AC073840.1,19.47260685,-0.000777302,2.489783652,0.830291705,0.406373877,0.683453415
SULT1B1,18.59329374,0.009526137,3.205648263,0.989609359,0.322365094,0.603081948
ABCC6,370.7459928,-0.000220157,53.99781845,0.053829634,0.957070899,1
AC022973.3,16.65890522,0.351001316,1.369537033,1.586444787,0.112638448,0.31950106
LINC00276,55.36186234,-0.118504848,1.79017485,0.040604141,0.967611482,1
DST,1221.886269,-1.331545284,1.400421599,-3.559447554,0.000371636,0.002457279
ZNF295-AS1,18.60452159,0.409054156,1.845460071,1.128399493,0.259151242,0.532564648
MTMR11,87.02526148,0.142727485,1.52489126,1.673371975,0.094254091,0.282031396
TIMP1,1353.412822,5.386780577,2.541863229,6.244120631,4.26191E-10,6.1001E-09
LBX2-AS1,23.64602299,0.34747576,3.036397154,0.872945046,0.382693032,0.661876682
HOXD1,68.58886304,0.330614255,1.547964139,3.042425071,0.002346802,0.013026238
TMEM97,150.3841003,0.598846483,2.238224187,-1.311242065,0.189775995,0.444907177
CHST14,33.25708989,0.687200289,2.584103258,2.112124461,0.034675775,0.130314455
TNFSF14,35.83994054,-0.329095648,1.175915044,1.79896471,0.072024263,0.231143735
MPST,893.164353,3.710885494,3.245318114,5.638978534,1.71062E-08,2.14874E-07
ZNF609,783.2203866,-1.368921581,1.089673436,-10.89389963,1.23247E-27,4.30785E-26
TNFRSF10A,77.13314916,-0.021591604,0.933570552,1.178005305,0.238794491,0.508307692
AC024560.4,23.97799155,0.006681468,1.578059873,0.139841074,0.88878556,1
OBSL1,299.1089788,0.735995452,1.745538399,0.669935355,0.502899001,0.759346793
SGCZ,37.38720552,0.172155617,1.637524306,0.817243667,0.413789193,0.689434256
ABCG2,61.6589527,0.076831223,41.83036204,0.04483018,0.964242669,1
FHL2,314.0757643,0.542820667,1.379954148,18.17597029,8.00009E-74,9.29842E-72
THOP1,81.31034654,0.19461032,0.883718841,0.353410252,0.723780901,0.914256644
KLHDC7A,82.59292,0.435904021,1.664533284,1.283588472,0.199285985,0.457816352
SLC22A18AS,183.0886165,0.1167389,2.064844444,1.974909122,0.048278462,0.169854968
CKMT1A,30.08414844,0.431484316,1.684618425,2.148020027,0.031712164,0.12130343
AP002336.2,177.9941803,-0.088222172,0.989414571,0.374373113,0.708126744,0.903252505
ARRDC5,13.74666729,-0.049861412,2.90477093,0.741777454,0.458222183,0.722776313
NCKAP5-AS2,14.36640004,0.061713833,1.69851502,0.707314476,0.479371071,0.740544485
BOK-AS1,16.06197269,-0.234635131,1.530193714,1.187339139,0.235093876,0.504549637
DPYSL3,87.29746011,-0.443707618,2.980233781,0.387808738,0.698157579,0.896105131
ACHE,17.49809197,0.132019967,1.772779334,0.061926606,0.95062128,1
AC006160.1,37.03493738,-0.208096277,1.50673956,1.397450691,0.162278085,0.40504442
CALHM6,153.6599,1.010118193,7.126342014,2.407563291,0.016059378,0.069315956
HECA,212.7326862,0.412142597,0.421830496,8.899329684,5.6185E-19,1.38269E-17
AC124242.1,26.62318243,0.385519968,1.448230453,1.677318461,0.093480225,0.280501271
AC005280.1,20.63628386,-0.407172992,3.293663528,1.02852418,0.303703322,0.58397966
AC007220.1,37.16429659,-1.676559767,1.518370972,1.265216581,0.2057937,0.466692454
AL157786.1,25.32483108,0.006297397,1.905752426,0.834259153,0.404134964,0.681112858
IGDCC3,13.49259041,-0.200335173,2.72803395,0.595470859,0.551528773,0.797291252
PI16,56.51532223,0.212522282,5.651000738,0.165418933,0.868614253,0.999006975
SAPCD1-AS1,27.52069257,0.252713929,1.209975528,2.458065467,0.013968771,0.061928645
NAT1,77.75299944,0.397236625,0.895261015,4.366800382,1.2608E-05,0.000110403
TNK1,27.29299233,0.366003903,1.216094088,2.363043997,0.018125518,0.076883101
NNMT,691.6771433,0.360649983,1.885946498,1.830016608,0.067247455,0.219142245
DUSP16,419.7409935,-0.21413487,0.455679441,-3.484211066,0.00049359,0.003202195
AL358852.1,13.91655102,0.53026523,1.969426663,2.252295949,0.024303576,0.098140058
MALAT1,276089.2471,-0.27076571,0.627702332,0.282154445,0.777825087,0.948032674
ARL4C,276.8722633,3.125870949,4.118631701,4.134608982,3.55559E-05,0.000288
U73166.1,19.89212529,0.105284241,1.391305152,9.729705462,2.25244E-22,6.3536E-21
GBGT1,23.86844294,0.347663845,1.109990198,2.155699351,0.031107149,0.119605686
AL390755.1,23.00795369,0.161372733,1.85446612,0.831847297,0.405495143,0.682570519
SHISA9,201.950882,-0.101680238,1.237849081,-1.643452022,0.100289444,0.293891941
SCIMP,70.67482381,-0.660740586,2.67208159,1.853928762,0.063749352,0.210667242
ANO3,86.1091869,-0.153219583,2.744397634,0.10433141,0.916906352,1
ERICH6,17.51698571,-0.003076312,1.710030904,0.425827526,0.670233528,0.878378324
UBE2QL1,52.59092785,-0.005014016,10.22776644,-0.228448314,0.819297733,0.974450158
GATA5,28.29243082,-0.234060025,2.427489009,-0.143926878,0.885558211,1
TOMM34,130.0991909,0.068891543,31.66595927,-0.007939656,0.993665138,1
AC002310.1,39.772985,0.27264757,1.672469096,1.506855314,0.131847748,0.353511734
HOXA-AS3,31.06085729,0.315233197,1.146752077,2.694369491,0.007052194,0.034290582
PLAT,1124.246387,1.808821987,3.026626506,3.993318645,6.51549E-05,0.000500836
ITGB3,114.5289468,-0.201914792,1.442198055,-1.591452954,0.111507675,0.317039358
TENM3-AS1,26.11665644,-0.170901158,2.581111219,0.579534523,0.562228559,0.803886011
SRP14,7524.821996,8.142491768,3.728920486,7.660343885,1.85436E-14,3.5284E-13
LINC02798,102.1725377,-0.436263999,1.473265,-1.062524337,0.287997716,0.568131094
DOCK8,749.8024727,-1.182802705,1.614031436,-16.90638096,4.03754E-64,3.97451E-62
IER2,2757.937961,4.475177384,1.775412649,8.18301583,2.76827E-16,5.89525E-15
DUSP5,317.4174957,2.277183883,2.120522754,2.851777077,0.004347558,0.02239236
HSPA5,1802.011989,5.220158168,1.554458559,12.61502362,1.74505E-36,8.86028E-35
KIF4A,17.99759748,-0.175082255,1.876745101,0.827514443,0.407945539,0.684783473
HAGLR,86.49357883,0.01251595,43.83956636,0.006384732,0.994905756,1
FCMR,87.61786521,0.475132532,1.798361667,2.32523928,0.020059169,0.084098568
TRAM1L1,33.72060391,0.76171922,2.041585234,2.746013018,0.006032437,0.029874189
LGALS9,127.2807654,1.127522142,9.852848596,2.757146279,0.005830826,0.028994835
PDZD7,16.22627268,0.056340943,2.053233922,0.814713436,0.41523636,0.691109482
SATB2-AS1,24.42685057,0.440643961,1.882218326,1.162235724,0.245139727,0.515895059
AC093655.1,21.54926601,0.031847538,1.600578547,1.498166076,0.134090107,0.357578744
KCNH6,66.11196798,-0.13829081,3.490746549,0.53631032,0.591744099,0.824102111
CASC19,59.38717982,0.169151365,1.24366946,0.153832304,0.877741962,1
SSTR1,16.96524474,0.460776176,2.180700975,1.332585689,0.182667804,0.435110199
P2RY10,62.30070969,0.763655879,3.192659276,2.21695228,0.026626353,0.105531809
AC006547.1,17.38808447,-0.02313134,1.815062434,1.012987674,0.311066049,0.59125829
GAS6-DT,14.37579291,0.447030273,1.953705473,0.99968374,0.317463583,0.598158435
ADGRA2,39.81905335,0.149677101,1.308166534,1.801808335,0.071575566,0.230086466
DIO3OS,19.43399553,-0.093392962,1.653268617,0.687363405,0.491853753,0.750183897
NUDT18,51.12405549,0.584043129,2.007174898,3.207186892,0.001340399,0.008016632
CLEC9A,17.89542613,0.086685693,1.985407544,-0.370289993,0.711166429,0.905877275
AL645568.1,195.5595673,-0.005816437,1.185089268,-1.551128247,0.120870953,0.334301056
ARHGEF25,17.57080899,0.109114216,1.854207765,0.648807824,0.5164626,0.770019575
KLRC3,25.83933538,0.483171679,3.110028912,1.445379094,0.148351432,0.38194456
IL12RB1,45.53589834,0.138952517,4.770806889,0.109993461,0.91241456,1
EML6,175.7869149,0.416530324,1.211220511,-4.883807268,1.04057E-06,1.05334E-05
CD74,10719.03895,6.024043218,2.008468027,9.192018018,3.85539E-20,9.89175E-19
SLC2A1-AS1,36.30667188,0.197539059,1.226274139,0.188830332,0.850225798,0.990116528
NOCT,141.6483958,-1.550493018,1433.965143,3.903624304,9.47628E-05,0.000701079
LINC00378,17.91379514,-0.244030902,2.919622884,0.767136881,0.443000136,0.712033041
ANKRD36,304.523782,-0.316308394,0.857201535,-3.506368188,0.000454266,0.002965025
HSP90B1,2931.946199,3.620489671,1.90333654,6.41318475,1.42511E-10,2.10859E-09
AC013652.1,232.5768079,-1.06314871,4.097427194,-1.420947839,0.155331924,0.392744921
AC020687.1,19.80577058,-0.07287679,1.568045628,1.352000171,0.176375261,0.425585828
AC009237.14,16.81189643,0.852702979,2.902697987,2.457771272,0.013980218,0.061950926
ID3,1467.226218,4.852702558,1.801648281,9.760962212,1.65577E-22,4.75392E-21
TRIM10,14.66873871,-0.087012624,7.039496073,0.778710422,0.436150316,0.707106451
PTTG1,57.95918252,6.045211761,3.049806417,-0.785598737,0.432102605,0.70374106
AL353572.4,36.01391072,0.125658497,1.411708016,0.796752369,0.425594863,0.698493137
NKX3-1,13.18074824,0.529930668,2.322854938,1.309291757,0.190435541,0.44579754
AC005076.1,25.22280697,5.477197689,1.856903473,3.547003953,0.000389639,0.002564014
ITGA1,501.5904594,-0.679027948,1.553813852,-3.184048551,0.001452307,0.008600614
RAPGEF4,297.2916421,-0.012941224,46.80587244,-0.032898613,0.973755439,1
AC080132.1,18.53011042,0.039362098,2.013781023,1.373783167,0.169509009,0.415137715
AC036108.1,38.45116839,0.200100547,1.225080884,0.894956139,0.370810535,0.652656309
AC104170.1,33.78213025,-0.134499207,1.394551703,-0.400427154,0.688841928,0.890606598
PRDM11,80.87659258,-0.696784466,1.292248325,-0.9385356,0.347969231,0.631009678
AC245123.1,17.15017946,-0.090577422,1.608176569,0.781219081,0.434673653,0.706249034
SSX2IP,226.5563063,0.731131815,0.487527705,6.040569137,1.53572E-09,2.1225E-08
AC132803.1,24.98107038,-0.324765892,2.415892228,0.878500973,0.37967191,0.660182934
RAD51B,1225.754581,-1.333667091,0.72852412,-4.014954461,5.94573E-05,0.000459235
AC010884.1,19.15886254,0.029421538,1.453177383,1.183081433,0.236776876,0.506471512
AC024588.1,26.68500298,0.295972011,1.694052623,0.450834343,0.652108947,0.865679787
CASP1,150.9254084,3.958069238,2.906076718,5.723133295,1.04577E-08,1.34874E-07
SNX20,31.73526129,0.442512982,2.484477923,1.498740518,0.133940961,0.357534159
GPRC5B,264.030974,0.378171813,0.917204973,-0.090334857,0.928021121,1
AK1,437.5801049,4.5278928,1.918710823,7.958082406,1.74726E-15,3.53371E-14
SAMD9L,149.1929693,0.621276004,1.370971814,1.200263039,0.2300372,0.498465603
ING2,234.9670162,0.217918978,27.75032683,0.115161064,0.90831746,1
AC090241.2,17.63000528,-0.031787956,1.702958999,0.768201566,0.442367443,0.711545991
MCMDC2,42.27110035,0.03341323,1.510360579,0.567875684,0.570119384,0.809791925
TNF,104.9034174,0.521680591,2.498781958,2.244628469,0.024791994,0.099861529
CABLES2,19.81839855,-0.008373792,38.55256476,-0.027697258,0.977903611,1
CPNE4,70.71385526,-0.164496194,1.881821818,0.329888065,0.741484542,0.926009865
MPP6,266.0263327,0.300680036,1.129662445,-0.796239997,0.425892554,0.698739026
LINC01182,192.2871309,-0.175900713,1.88262984,-1.032190617,0.30198283,0.5824004
ATP6V0E2,483.8009875,3.282838526,2.358216256,4.752643321,2.00774E-06,1.97842E-05
UBA52,8507.004401,9.218056996,4.667564999,9.457255356,3.16132E-21,8.47146E-20
ETV4,25.91346636,0.331471456,1.804029358,0.844847124,0.3981962,0.674903066
LPAR6,330.1691956,1.06561503,5.580180636,1.651125048,0.098713044,0.290419254
RASGRP3,213.3133173,-0.003039645,33.02610651,0.042882299,0.965795359,1
SYNPO,162.8021466,-0.024162273,1.005160718,0.800383662,0.423488544,0.696571864
CA1,110.6905074,0.41707396,1.840661365,1.168842918,0.242466925,0.512955796
AJAP1,127.3317608,0.464016341,1.385447008,-0.941650409,0.346371653,0.629618364
AC097534.1,15.47269004,0.03374595,1.718561529,1.051667818,0.292951981,0.573100183
NMB,151.9034076,6.601262685,2.920230946,-0.696498252,0.486116852,0.745941985
STAB1,100.4732973,0.248692259,1.588313945,1.195215623,0.232002796,0.500860408
LUZP2,23.90407983,-0.283466096,2.979315038,0.898817208,0.368750033,0.651205644
C19orf44,50.72828833,0.015481925,1.017037472,-0.463737613,0.642835745,0.858435262
ITGB1,1603.105427,1.641371166,1.272182767,4.363585346,1.27948E-05,0.000111905
FIGNL2,63.6272906,0.019990451,1.611589869,0.224703956,0.822209587,0.976077566
AC078980.1,135.5567039,0.111910768,1.655236235,2.635318605,0.008405834,0.039878177
ZNF628,36.82847998,1.945857172,2.068714986,4.611695385,3.99398E-06,3.78486E-05
AC010336.2,13.27706094,0.163630236,2.700737295,0.331417611,0.740329064,0.925123638
ZNF774,18.77738806,0.38159615,1.011056983,0.709533191,0.477993662,0.739979149
PLOD1,151.9507009,0.138011834,1.012850566,1.968767868,0.048979754,0.171509141
FAM169B,18.76698736,-0.037340139,1.823646024,0.915157853,0.360108767,0.644640801
TBC1D10C,119.8354227,0.496366864,2.05558102,-0.70917869,0.478213596,0.739979149
AL354822.1,14.02067798,-0.385785943,1.97398218,1.02376401,0.305946753,0.585841272
NUDT1,115.6047934,0.146060913,75.09182417,0.23211386,0.81644958,0.972297157
MEI4,96.86608269,0.020756263,1.404105662,10.76200765,5.20242E-27,1.75482E-25
AC137810.1,20.5018925,-1.191792341,5.34137454,0,1,1
AC015987.1,33.12078793,-0.086366588,1.280559848,1.140907772,0.253908305,0.526198371
PCDHB16,20.06522622,0.182012942,2.002073565,0.815896136,0.414559542,0.690174581
SPEGNB,31.49328173,0.536004111,2.131320534,2.119354881,0.034060487,0.128402312
LMCD1,303.5792705,0.17621014,1.174446995,1.046295519,0.295424614,0.575749747
GABARAP,4858.088114,8.508256484,3.192562074,10.84864963,2.02393E-27,6.94836E-26
AC026992.2,85.30790538,0.065412771,2.121394626,-3.838346665,0.000123866,0.000892405
B4GALT4-AS1,23.63038846,-0.137320506,1.903198013,1.284009958,0.199138471,0.457620017
DM1-AS,30.10578991,0.197907366,1.468644176,1.558358006,0.119148405,0.331437332
ATF3,1491.615671,3.004645713,1.740628461,5.0221324,5.11009E-07,5.34096E-06
EPHB3,20.63350796,0.230952904,1.857351869,0.716694323,0.473562729,0.736228125
SPRYD4,216.0116085,0.438620079,1.920381779,1.291299234,0.196599936,0.453406546
TENM1,163.3670169,-1.946485083,2.82279879,-1.91363849,0.055666363,0.190633088
SLC22A3,109.7365165,-1.713001137,5.059299863,-0.498928632,0.617829663,0.84231243
CSF1R,118.7224397,1.701483223,4.499833535,2.587978515,0.0096541,0.044840204
PNMA2,16.38369232,-0.026296851,3.033934292,0.663034827,0.507308249,0.763256812
GPR132,200.228819,-0.638814751,1.907254843,1.093883697,0.27400599,0.551384185
AC012459.1,41.66193433,0.09556372,1.514809022,0.368995823,0.712130839,0.906681563
BTG2,1639.382246,2.641260285,0.288190142,53.34862551,0,0
AC099489.1,115.2582353,-0.030524919,1.226878513,0.696099818,0.48636632,0.745942113
CEACAM21,34.85992099,0.423195851,1.982173554,2.121916637,0.033844739,0.127738731
VSIR,365.1515156,1.94278725,13.70653213,7.393039844,1.43509E-13,2.62204E-12
BEST1,56.86164021,1.928608388,1.99738319,2.106964179,0.035120685,0.131576406
AC007130.1,24.83684169,0.008947374,1.990506045,0.744211736,0.456748389,0.722099592
LINC00683,27.03249136,-0.359446398,1.229322371,1.234725514,0.216932677,0.479983676
AP000812.1,14.32314597,0.04599568,1.461348078,1.302785507,0.192648,0.448798661
NT5DC2,110.5013776,2.870707997,1.83095973,3.984418289,6.76456E-05,0.000517508
DCC,181.6337342,-1.353268577,6.895650167,-0.506017939,0.612844056,0.83835885
RNF150,618.9570369,0.020118899,0.958003254,-1.332986563,0.182536214,0.434904137
AQP11,87.9731075,0.118185739,1.519000917,1.89500924,0.058091178,0.197056535
NUAK2,290.1089933,0.009620378,0.816018481,1.142804292,0.253119857,0.525624471
OCEL1,353.9519605,3.99612055,2.749075626,5.173481384,2.29772E-07,2.51888E-06
RASL11A,136.6563377,4.20569189,2.604510386,4.556936042,5.19052E-06,4.86618E-05
TRIM61,13.38228662,0.276954859,1.817865603,1.233507957,0.21738631,0.480441175
KCNMB2,360.5506057,-2.274799448,2.472557592,-1.512224647,0.130476723,0.351104308
STARD4,83.48028045,0.365618311,1.246213621,2.728439945,0.006363468,0.031320598
AC097522.2,13.55053002,-0.281560499,4.054712288,0.692042437,0.488910679,0.747586197
AL606760.1,17.22143616,0.403517127,1.314626224,2.819029733,0.004816906,0.024547643
SLC7A2,132.8254375,0.175449932,1.434591188,0.616024134,0.537878592,0.787631265
MYO15A,16.78751194,-0.035236575,1.826209786,0.394461365,0.693240446,0.893451286
AP000919.2,43.10521843,0.160689829,1.094747142,1.610830872,0.10721659,0.308659638
SUV39H1,15.96427895,0.262030732,1.423878441,1.791462676,0.073219079,0.23403028
SLC35G2,65.46722505,-0.229521542,1.070352008,0.2385501,0.811454463,0.970024932
C1orf210,148.3610511,4.522097965,2.848272654,-1.10561956,0.26889122,0.544842176
AC004596.1,17.92912566,0.163774185,0.874916909,2.175276794,0.02960938,0.114807754
CYTIP,489.5479882,-0.101423611,1.600317119,4.077785721,4.54666E-05,0.000359492
RNASET2,566.917949,2.393938993,3.605402597,2.272707386,0.023043819,0.094009187
AC105094.2,77.01420802,-0.249839094,2.064409186,-0.402051338,0.687646245,0.889996148
ITGB2,429.5948178,5.016650775,1.669497621,11.0640988,1.87336E-28,6.74341E-27
BIN2,209.2603063,0.294187845,1.331092991,3.565895075,0.000362616,0.002406709
AC091212.1,14.61475072,-0.064537968,1.561514534,0.851675863,0.394394021,0.672080832
CEMIP2,1065.218997,-0.384963852,0.198317344,-5.766562354,8.09048E-09,1.04904E-07
ITGA4,258.3898632,0.729190495,2.790798482,2.53724884,0.011172751,0.051033866
DNPH1,2161.222745,6.993190431,3.830774749,6.495552788,8.27291E-11,1.24896E-09
BOP1,86.76505743,0.094546614,35.78108254,0.043456973,0.965337262,1
JPH4,19.2678492,0.226637222,1.477372785,1.42699438,0.153581515,0.390329751
CHCHD2,5495.234879,7.293353375,1.765899266,15.55852586,1.3927E-54,1.0923E-52
NRIP3,31.1269881,-0.056867356,1.304056757,1.863122817,0.062444989,0.20744036
MAFG-DT,18.7083487,0.142351388,1.616602769,1.361935761,0.173218159,0.42058264
AL391422.4,16.91024426,0.354386009,1.898940127,1.194200264,0.23239964,0.501220507
SLC15A3,59.36337844,1.934511726,2.978440033,-0.960538167,0.336784432,0.618613749
ETV5,104.5423708,-0.124625299,3.686045348,0.096775851,0.922904402,1
ZSCAN2,75.84752084,-0.125193008,1.537343766,0.571986871,0.567330869,0.807590511
CDH20,43.92872571,-0.248436578,7.432132688,-0.011465268,0.99085224,1
GCSH,1944.646004,4.099014507,1.953033237,8.769928246,1.7878E-18,4.31173E-17
AL590550.1,14.3108833,0.477729566,1.714999314,0.756440414,0.449385185,0.717157796
AC127526.2,158.4635161,-0.753756354,1.476568317,-3.844421366,0.000120837,0.000873196
CCDC113,32.38043817,-0.008595802,16.73346846,-0.026115992,0.979164822,1
AP002813.1,27.69088764,0.522665907,1.283242994,2.683908658,0.007276698,0.035187123
ZBTB42,25.14273408,0.337483965,1.84372875,1.522339762,0.12792397,0.347069119
PPP1R16B,598.3850023,-1.400178173,2.686978468,-2.455781473,0.014057861,0.062209261
HIST1H3J,19.96502679,0.810091579,3.620034289,1.607971191,0.107841488,0.309847358
TXK,195.3679395,-0.016136903,42.0792662,0.050898108,0.959406713,1
PIK3AP1,193.0488761,0.619033579,1.838567537,0.663805991,0.506814491,0.762870868
LRRC56,13.40439972,0.108487975,1.877871657,0.848169352,0.396343663,0.673333294
ZNF215,25.49476259,0.027701474,1.587263798,-0.045621149,0.963612212,1
MAFF,528.7132562,2.398046173,5.50852793,4.420685589,9.83882E-06,8.76409E-05
AC093817.2,24.63812138,-0.511055853,3.123359956,0.216671669,0.828464228,0.980068522
AC009299.3,16.44500501,0.141174962,1.286551552,1.450221355,0.146996802,0.379932788
AC104031.1,16.12973635,0.871772055,3.237462277,2.000338916,0.04546368,0.162319806
EHF,240.9160977,0.742844602,2.027007469,0.644752215,0.519087773,0.771138867
AC243829.4,18.04720959,0.664559046,2.75450532,1.559316802,0.118921417,0.3309968
DEPTOR,772.8409567,-1.353689064,2.508705422,-1.178528057,0.238586154,0.508228846
MAP3K20-AS1,18.22062162,-0.170047219,2.308265334,0.776301976,0.437570707,0.70808597
A2M,1000.852126,2.19526288,1.206370601,5.167132302,2.37713E-07,2.60297E-06
AC139149.1,25.85128794,0.202435979,1.549238366,13.72762054,6.93747E-43,4.29011E-41
CD274,22.9320493,0.529256447,1.657347214,1.935084848,0.052979884,0.183057645
AC026765.3,19.52749799,0.084450567,2.206103123,0.568646828,0.569595839,0.809601747
AL139353.2,13.32817471,0.006713522,1.277885239,1.045492388,0.295795457,0.576356044
TNFAIP6,34.80226133,0.169740127,2.86752407,0.905270206,0.365322256,0.647485542
TMEM130,21.48678103,0.18424553,1.517641894,0.874937641,0.381607837,0.661165733
ATG2A,130.0840144,0.676967201,1.208899124,2.467808448,0.013594304,0.06043514
AL162411.1,96.1332652,-0.139528667,1.514692028,0.529127618,0.596716924,0.82768198
RAPGEF5,356.6093655,0.120798076,0.406616626,-0.87130397,0.383588203,0.662800306
AP002762.2,60.1831247,0.565749427,2.062648077,1.862772235,0.062494318,0.207521645
SUCNR1,301.1740137,1.055566913,9.25471298,3.373237477,0.000742899,0.004690276
SHCBP1,39.67476473,0.094876527,1.506758204,0.301593762,0.762961764,0.93997827
TNNT2,106.7467959,-0.324990595,4.360875006,0.084536308,0.932630036,1
A1BG-AS1,22.78172835,0.244585541,1.536749409,1.070769766,0.284272964,0.563580207
MARVELD1,34.00095167,0.311948239,1.66015731,1.86331671,0.06241772,0.20744036
LINC02576,17.41434835,-0.067247412,2.662046841,0.69884275,0.484650309,0.744849694
RNF139-AS1,29.3571154,0.442560459,1.441006453,1.647711991,0.099411786,0.291851948
PDE4B,390.1156183,0.235396016,1.936860525,4.087682431,4.35704E-05,0.000345391
EMCN,2040.134706,0.340966793,1.504887539,23.08293367,6.8714E-118,1.6997E-115
KCNQ5,90.92862965,-0.114207399,9.456812862,0.128182918,0.898004218,1
CD160,32.11012262,-0.003110208,1.226518179,2.329087837,0.019854413,0.083385077
ECHS1,4803.603662,5.338813046,2.663593311,11.02327906,2.95109E-28,1.05441E-26
DBH-AS1,12.9208155,-0.208368303,2.219235979,1.005730008,0.314545464,0.595208078
AC009899.1,13.07958429,0.120911874,1.770466908,0.523135478,0.600879978,0.830233336
RGS18,51.67441109,0.555937909,8.367945475,0.435822078,0.662965824,0.87360078
ROR1,242.4817886,-0.121764891,42.32226697,0.050448897,0.959764672,1
GPRC6A,19.65468841,0.00589628,3.478903016,-0.003777468,0.996986024,1
AL109824.1,70.26579578,-0.383547381,1.194044745,-0.143118219,0.886196816,1
AL353743.2,22.71312205,0.052647004,1.211886463,0.344625196,0.730376161,0.917572646
WDR49,37.5204753,-0.275744831,1.826141789,-0.108823168,0.913342747,1
BCAS1,103.009743,0.540530192,1.71518871,1.442204331,0.149244739,0.383585953
NPIPB4,100.2099314,-1.743952354,2.246990613,-2.180258186,0.029238329,0.113597325
EDF1,4072.832372,5.290604174,1.904532205,10.28067429,8.61229E-25,2.73299E-23
SNTB1,530.4578625,-0.42406197,0.192267203,-3.987737669,6.67064E-05,0.000511133
TMIGD3,18.94664726,0.02534491,1.861424753,0.939550583,0.347448134,0.630636341
AC111006.1,14.74938471,-0.137819286,2.904563855,0.696801853,0.485926806,0.745860923
NFKBID,145.577446,0.395778994,1.327266295,2.678184399,0.007402245,0.035776283
EMP1,715.1835319,1.283070166,4.111101982,3.513754303,0.000441821,0.002889661
ZGLP1,18.67547807,0.110462772,1.49899077,0.656982378,0.511192247,0.765875386
AL117381.1,71.50857736,-0.193313508,8.313062146,0.072397485,0.942285586,1
AR,192.6056415,-0.853444548,4.021637101,0.21393839,0.830595102,0.981008379
BTN3A1,119.5914359,2.029728772,1.264920862,4.291744115,1.77275E-05,0.000149752
SPRY1,346.3420442,2.157942824,2.523996722,3.335085869,0.000852731,0.00533482
AC103563.7,13.53357659,0.298539776,1.71605677,1.093334963,0.274246757,0.551567092
AC021851.1,31.92333262,-0.162011311,1.53773364,-0.317657295,0.750744908,0.932521768
LTB4R,36.30972446,0.30189627,1.218210205,2.003372254,0.045137347,0.161513349
LAMC3,30.28359053,0.046435497,1.702573996,-0.27555193,0.782892235,0.951885395
ADORA2A,34.17170879,0.169751531,1.559859632,2.185265965,0.028869351,0.112505724
FLT3LG,85.77348886,0.489712996,1.666203416,2.968972795,0.00298797,0.016109184
SOGA3,14.12296327,-0.053366274,1.367382032,0.610117693,0.541783847,0.790231142
MACROD1,905.5877932,0.813714694,1.519048165,30.5073531,2.0818E-204,8.7318E-202
SLC43A2,702.1102753,-0.076815064,0.956170938,0.137591544,0.890563239,1
AL137003.2,14.88379204,0.1410545,1.993677481,0.99821117,0.318176971,0.598800866
KIF22,429.9386297,2.380829931,1.616336774,5.48141311,4.21942E-08,5.0754E-07
SLC39A8,177.0015544,0.279901284,1.319865072,1.030953072,0.302562827,0.58294859
ZFY,103.1376911,-0.60305872,2.800686552,0.010462054,0.991652641,1
PRMT8,23.84889613,-0.095244369,1.299996662,0.6888353,0.490926918,0.749586294
KRT5,16.47155917,0.075531231,536.4897349,1.054364746,0.291715956,0.572104865
BTK,56.83982095,0.028341909,0.80941697,4.655566448,3.23091E-06,3.10155E-05
LINC00839,51.49969118,-0.135958413,2.19778647,-0.017191972,0.986283467,1
TIGD5,38.73839583,0.426558562,1.468958963,0.90675943,0.364534028,0.647277704
AL627171.2,145.064306,2.159900963,2.664229024,4.065250886,4.79808E-05,0.000376931
P2RY8,279.7883071,0.027827349,4.286589312,1.226027711,0.220188247,0.484745783
ELK3,247.786454,0.465654292,0.303435968,13.46474287,2.52195E-41,1.48349E-39
LINC02356,16.24780896,-0.000584314,2.006668089,0.726142831,0.467751215,0.731344565
AL713852.1,29.31397283,-0.273865116,1.460328831,1.73120669,0.083414907,0.25808326
FOXN3,1320.246838,-0.237180745,1.426338885,-1.958023077,0.050227305,0.174672967
ARF4-AS1,48.7503059,0.390878046,1.336215262,3.409328374,0.00065123,0.004149551
AL645933.3,13.70319113,0.130284821,1.908185322,0.818793948,0.412903984,0.688792104
GRM7-AS3,16.45176286,-0.122604032,2.70879283,1.027449671,0.304208773,0.584485567
AC023282.1,88.08656327,-1.633558689,4.721562948,-1.057381121,0.290337684,0.570044405
AC093010.2,33.3353804,0.643415156,2.187715085,0.249874591,0.802684333,0.964320767
FLNA,652.521479,1.853013107,1.463522686,4.991031972,6.00576E-07,6.24327E-06
MYO5A,444.4040504,-0.178372628,0.685919732,-1.274842888,0.202364857,0.462274619
CALCA,92.87469345,5.917102087,2.967060685,0.310455312,0.756214738,0.93567927
PRMT5,142.2291791,0.093279937,35.7174488,0.051813465,0.958677326,1
AC012184.1,15.61174714,0.042979017,1.872342793,0.684489299,0.493666244,0.751346704
SSC5D,20.79266382,0.053834366,1.237063437,0.529301122,0.596596577,0.82763405
SEMA7A,18.41322923,0.192432951,2.186280204,0.603951057,0.545876182,0.793150137
H1FX,592.5320347,4.916240178,3.202846949,3.406093603,0.000658996,0.004196259
AC093249.6,40.69051334,0.751884066,2.01037267,4.321454311,1.55004E-05,0.000133155
CCDC189,35.2251337,0.351088874,1.161977547,2.39967548,0.016409612,0.070576697
MYH3,20.55143554,-0.09517324,1.918938018,0.614935614,0.538597242,0.787874294
PTGDS,813.5518182,2.804488352,6.178820227,3.19174337,0.001414169,0.008390215
JUND,2951.917046,3.850399937,1.152102687,10.53139826,6.1908E-26,2.04529E-24
AC114812.2,21.62047871,-0.319559132,3.584397601,0.121373199,0.903395444,1
PAK3,62.07954977,0.062174209,1.663703913,-1.879468271,0.060180582,0.201794256
AC104794.5,45.77989319,0.534188869,1.425594685,2.618136306,0.008841148,0.041625454
LRRC75B,102.7675209,-0.270934793,1.455467434,0.189949199,0.849348939,0.989702716
AC093849.4,19.68569798,-0.257044401,2.125267248,0.564391244,0.572487896,0.810976199
PCGF1,69.88947465,0.16141787,26.20159013,0.133147952,0.894076373,1
NLRP7,13.45887083,-0.204852013,1.936768609,1.237361672,0.215952842,0.478478884
PLXNA4,81.1196494,0.10138722,1.286610048,-0.036843692,0.970609636,1
MEG8,129.7346371,-1.598699352,12.52548903,-0.264018836,0.791765405,0.957522986
AC067930.8,16.89080864,-0.032122057,1.23363214,0.375101954,0.707584644,0.903038637
PLAAT2,104.9162254,0.589039071,6.486557284,0.443988413,0.657050961,0.869011602
DKK2,27.67865931,-0.115815361,1.734583017,0.44615211,0.655487373,0.867956142
AC011476.3,138.3810517,0.044203221,1.788464892,1.191164734,0.233588921,0.503222939
PTCHD1-AS,141.1485274,0.290938827,1.407784697,-1.20625608,0.227718767,0.495007043
SLC25A21-AS1,28.28623529,0.688870095,1.35219031,6.870755443,6.38628E-12,1.02001E-10
BAMBI,169.9102806,3.110841263,1.388103699,7.897802745,2.83863E-15,5.63462E-14
HLA-DRB1,3793.554106,5.667044569,1.329463266,12.51932977,5.85273E-36,2.89545E-34
LMNA,1907.072006,2.319410597,0.816512007,9.696208338,3.12912E-22,8.6743E-21
EFCAB8,13.20260406,-0.017471888,1.811338487,0.895448084,0.370547606,0.652312547
CPA3,18.04866949,0.153763626,16.91609999,0.193407469,0.846639866,0.989702716
APELA,19.77232506,0.09288836,2.337833258,0.481297617,0.63030499,0.85028906
KRT17,280.8340157,0.984285767,6.246936024,1.151818166,0.249395801,0.521213452
TTR,48.79839786,0.280452358,1.150333635,1.286803388,0.198162826,0.455786458
ZNF784,31.65504433,0.102574568,1.550919665,1.53474478,0.124846532,0.342254757
MARCH3,229.4337517,-0.766451903,2.011544284,1.613576479,0.106619322,0.307529686
MAST3,109.9443975,-0.331565939,1.608107054,-0.275464323,0.782959532,0.951885395
FGD2,70.39078583,-0.423725517,1.243173132,2.534952672,0.011246252,0.051272492
GPX4,6513.935508,5.45053086,2.115608748,12.09641233,1.10328E-33,4.97354E-32
GDNF-AS1,16.36675189,-0.535255911,3.025368201,1.568209615,0.116832221,0.327259129
OCIAD2,2735.72082,3.741602654,1.747001187,10.19420129,2.10467E-24,6.50762E-23
ODF3B,99.65487503,0.498805596,1.698253371,-0.680726384,0.496044639,0.753241402
GLB1L2,50.42048833,0.044405276,1.337768461,1.915029345,0.055488761,0.190092358
BX255925.3,46.3762686,0.289094916,1.556753003,0.801529484,0.422825182,0.696116231
BEX1,120.1476826,2.541251046,2.807873056,3.091097233,0.001994183,0.011356485
GPRC5A,245.2942574,0.92978746,3.084668303,1.387668143,0.165238121,0.409098262
ASB14,29.33274789,-0.203273396,1.148563672,1.825957553,0.067856656,0.220631331
PRDM1,165.5953755,0.206022725,16.00307219,0.173258832,0.862447981,0.996769579
AC008467.1,24.71877741,-0.291367662,1.461745936,0.190525459,0.848897395,0.989702716
GJC3,19.82538235,0.283457451,3.208280486,0.621312691,0.534393905,0.785150473
COL6A2,193.6489363,0.328179057,2.349603131,1.778356597,0.075345306,0.238800106
AC010173.1,19.91054494,0.012975604,1.882207869,0.295891178,0.767313188,0.942364141
LINC01515,387.5740607,-2.065468389,3.174321287,-3.808506877,0.000139808,0.001000543
PLEKHO2,78.24667166,0.349824201,1.88456146,-0.022735572,0.981861201,1
AL121999.1,25.91065866,-0.518350046,5.942592539,0.74799587,0.454462649,0.719966184
APLP2,2630.113736,3.081996131,0.969820402,6.734872837,1.64073E-11,2.55293E-10
AF111167.1,25.0416104,-0.194613333,2.412330037,1.107588789,0.268039447,0.543915976
SNAI2,41.3174837,0.283551103,1.977907903,1.203637321,0.228729788,0.496474068
TNFRSF19,187.7944271,-0.573552148,1.450816398,-1.454259253,0.145874443,0.377956955
C15orf65,87.10624597,2.390027229,1.688255075,4.481128601,7.42494E-06,6.71306E-05
RBPMS,3206.654137,-1.466470546,0.929572353,-4.270821674,1.94754E-05,0.000163658
DCXR-DT,27.19853582,0.4746186,2.730536223,1.31406932,0.188822878,0.443961565
HS6ST3,287.2797336,-0.054440534,64.99412222,-0.042921997,0.965763714,1
LINC02381,231.7113723,0.565622749,1.476382618,1.220270747,0.222362256,0.487688283
LDHD,324.8708385,3.000466719,2.888138852,4.445041574,8.78749E-06,7.85662E-05
DNAJC6,152.6554466,0.028333192,1.866795985,-0.773753294,0.439076698,0.709628565
NAT8,4017.650401,5.182056464,34.59517689,3.576624334,0.00034806,0.002325202
AC009309.1,20.7763293,0.711990459,1.848815135,1.296238288,0.194893402,0.451847308
VDR,240.3070045,-0.024385854,42.69343267,0.000107375,0.999914327,1
PNMA1,166.8997032,4.386351621,2.489834236,-0.300096139,0.764103824,0.93997827
EEF2,4468.214343,5.869106066,2.527951124,10.11889447,4.55532E-24,1.39067E-22
SEC14L5,13.26001778,-0.028696075,1.471825599,1.098742057,0.271880592,0.548532495
SPC25,78.65394196,0.254112114,2.072838004,1.467698907,0.142186028,0.372129303
BBS9,905.145282,-1.779637237,1.35538181,-2.209970589,0.027107204,0.107041831
PGRMC1,1468.446694,6.252728955,2.64202255,8.387558905,4.9634E-17,1.10073E-15
ALDH7A1,912.4171796,0.678678474,1.073516363,4.109912698,3.95809E-05,0.00031714
AL445250.1,51.55632618,-0.073027338,1.639318912,-0.301691986,0.762886878,0.93997827
CREM,1423.999655,1.300996996,4.285077133,1.487340554,0.136924889,0.362888572
PDE7B,1085.386791,0.227035825,1.088082961,-2.140311645,0.03232959,0.123274131
ANKS1B,368.884744,-0.103862318,1.268333035,-6.568488805,5.08285E-11,7.74632E-10
FKBP5,2716.238658,0.15249042,2.020683938,1.744052133,0.08115,0.252452127
LRRTM4,42.1159743,-0.159150028,2.658483801,0.269552691,0.787504401,0.954643749
C1QTNF12,84.46038162,0.051332412,2.534853538,1.150458777,0.249954964,0.522155811
ZNF541,42.8609948,0.053241854,1.933746556,1.797282987,0.072290706,0.231690511
TMC7,48.4419237,0.18366058,1.580700892,0.01124335,0.991029294,1
ADCK2,14.76945903,0.005122868,1.456863152,1.077643965,0.281192674,0.559801607
ARRDC3-AS1,118.5412785,0.068800271,0.976112363,-1.040932059,0.297907082,0.578741108
AC011751.1,31.82521382,-1.025462239,5.500305445,0.230749744,0.817509226,0.973393466
PLCXD2,25.59422169,-0.029448414,1.801566951,11.81177483,3.39322E-32,1.44204E-30
AL024508.2,19.35086493,0.435533305,1.929534741,1.651616453,0.098612764,0.290212731
MIB2,184.1771363,0.352425261,1.799455589,0.567356109,0.570472263,0.809791925
EXOC3L4,50.35823724,-0.118655551,1.759168108,-0.057246437,0.954348887,1
RGS2,737.7499074,5.037693844,1.970538071,5.831400019,5.49642E-09,7.28352E-08
AC012184.4,24.57495583,-0.008932757,1.232705592,0.921168677,0.356962369,0.640911218
SHANK3,195.438237,-0.109521353,1.012733811,0.395989807,0.692112548,0.892707438
ZPBP,29.41276576,0.210634727,1.563910996,0.414992551,0.678147356,0.883764727
LINC01936,24.94785336,0.108621086,1.565764578,1.3649622,0.172264931,0.419021631
PRKN,1726.282441,-1.680107738,1.086220755,-4.550341461,5.35589E-06,5.00662E-05
NOS1AP,628.1918772,-0.26932786,3.964226878,-1.692292261,0.090590263,0.273458672
NMUR1,19.08039889,0.310577955,2.418504745,1.183679003,0.236540154,0.506345044
PHETA1,35.2050142,0.003829922,1.42992787,1.582619967,0.11350811,0.321118104
FAM43A,112.3954665,3.288772771,2.445499756,0.968602288,0.332743662,0.61387992
ZFHX3,928.6711786,-0.802384989,1.070542425,-0.3946645,0.693090505,0.893405145
AC087564.1,287.2426232,-0.671695828,2.396110146,-1.989981791,0.046592941,0.165250774
SNTG2,76.61111354,0.047484313,1.389164432,15.14189673,8.57057E-52,6.36003E-50
AL356737.2,46.80909296,-0.173247215,1.838018456,0.288186409,0.773204051,0.945506336
GCNT4,120.4055682,0.506907922,1.046757718,0.285455078,0.775295516,0.947081983
UNC13D,78.02533879,-0.294533536,1.541981336,1.506521972,0.131933231,0.353642645
PGAM5,67.50531914,0.081075686,31.08178908,0.038169123,0.969552839,1
AP000919.3,16.05319005,0.011653333,2.211220413,0.880379516,0.37865375,0.659482348
ITLN1,51.47628732,1.178071926,18.05915499,1.867000756,0.061901482,0.206274128
AL590705.1,38.81980225,-0.029499858,1.303995744,0.230258421,0.817890968,0.973513543
APBB2,1392.211969,-1.853329631,2.500245956,-1.697778223,0.089549628,0.271576629
FLI1,320.0737514,-0.104337387,1.449781674,0.475965704,0.634098811,0.851998046
TMEM178A,248.2784118,0.574219007,1.840143374,0.376441685,0.706588561,0.902483761
ABLIM3,127.3423263,-0.249362433,9.840469122,0.210650345,0.833160124,0.982218712
TDRKH,27.14284872,1.221401079,2.11746088,0,1,1
CD48,315.0335057,5.512079772,5.105375668,-0.166476052,0.867782328,0.999006975
BOK,148.6853194,0.115901541,2.540502516,-1.038234439,0.299160923,0.579539545
AC009812.1,15.80154534,0.289178144,0.75564839,1.962180442,0.04974148,0.173421055
AC019197.1,3868.414061,-0.198697655,0.220197189,-18.3442227,3.6714E-75,4.54077E-73
FHOD1,62.47795387,0.403133731,1.566599855,0.801546829,0.422815145,0.696116231
DFFB,42.60431952,-0.700454563,2.164487127,-0.054933865,0.956191152,1
CHIT1,14.81683835,0.189818726,2.77467467,-0.197558667,0.843390376,0.988240855
TAL1,39.03338868,1.213043496,5.34691598,0.603811445,0.54596901,0.793150137
AC073174.1,47.6019798,-0.128760721,11.35578734,0.59325829,0.553008308,0.798557888
KLF16,59.25477202,0.735076407,2.365793244,2.294864149,0.021740911,0.089745215
AL137009.1,122.3781687,-1.211983214,7.139462277,0.025464105,0.97968478,1
NDNF,69.70665207,0.064521602,1.575806232,0.658604901,0.510149515,0.765144958
SULT2B1,47.87492085,0.574278272,1.485990838,1.526444577,0.126899183,0.34552538
LINC01924,140.3127129,0.367850221,1.547853799,0.699725415,0.484098802,0.744357848
ROR2,118.0901946,-0.041695902,1.241198668,-0.779107027,0.435916671,0.707106451
DCHS1,33.47624601,0.190137171,1.421053733,1.940244662,0.052349963,0.181205631
LPIN1,309.0301051,-0.121633741,1.105616012,0.117379726,0.906559149,1
COL28A1,139.5476393,-0.005119771,1.310820875,-0.97233704,0.330882902,0.612673198
SLC37A4,625.0448056,2.430545764,2.982397064,3.585717282,0.000336153,0.002258264
PRSS12,13.68073612,0.101413665,1.538868962,1.086879448,0.27709009,0.55504321
PRRX2,16.39235996,-0.027959899,1.832587427,0.133275172,0.893975763,1
CNN3,1821.78114,1.52086034,1.848408979,1.499649944,0.133705103,0.35710969
GRAP2,96.65672886,0.200862485,1.808650415,2.060935891,0.039309157,0.14406047
AL158058.2,14.25313045,-0.348155608,5.942273205,-0.954006032,0.340080589,0.621944538
FAM117B,333.1727798,-0.684616991,0.585663353,-1.961699757,0.04979745,0.173490791
DOK7,18.40684551,0.56353868,1.405155874,2.290489605,0.02199295,0.090669228
DENND6A-AS1,59.94278741,-0.006259762,30.70847945,0.05999453,0.952159991,1
ENKD1,81.76400684,0.026458919,25.18043017,-0.024968396,0.980080172,1
TMEM86A,58.92634857,0.487813526,1.788747011,-0.017208482,0.986270296,1
AL136115.2,27.50612221,-0.03948827,1.735788455,1.306313689,0.191445904,0.447294413
ENO3,48.56767523,0.348893484,1.666560347,1.707129496,0.087797986,0.267779693
DENND4A,1115.515539,-0.048087824,1.007825252,-0.758514933,0.448142777,0.716122804
SLC13A3,1281.954738,-0.819375333,10.20434602,-0.109541937,0.912772661,1
AC012085.2,47.49633825,-0.406500415,1.887230779,0.082560367,0.934201116,1
LINC01841,28.81603658,-0.201830728,2.574892954,1.043121055,0.29689223,0.577557907
DCDC2B,16.02682619,-0.210744754,2.38218005,0.087246871,0.930475284,1
CNNM2,709.6008966,-1.626216826,1.339434884,-3.790977862,0.000150055,0.001068328
AC084357.2,13.49910363,0.135023607,1.514654201,1.092724787,0.274514653,0.551730065
SMC1B,20.26503465,-0.154644476,1.321356897,1.270638592,0.203857251,0.463882013
ZNHIT2,109.4971262,5.507305776,1.925576255,5.274026603,1.33463E-07,1.51829E-06
C19orf73,21.25551361,0.559824233,2.031950427,1.89317105,0.058335126,0.197459284
TMC8,129.6031733,0.519441098,1.49620285,3.029811223,0.002447066,0.013505102
AP003110.1,40.28329063,-0.289103715,2.159271452,1.352781722,0.176125374,0.425301997
PHETA2,16.88749266,0.28442768,1.809613156,1.317172404,0.187780842,0.443152547
GNG7,506.6313597,-0.251703078,1.029129779,0.318622521,0.750012774,0.932393457
AC011092.2,76.43552824,-0.387285236,1.698348849,0.234267385,0.814777404,0.971681245
ARAP2,450.9748664,-0.548457928,0.985329788,-0.063486534,0.949379082,1
STOM,777.7783426,2.61451942,0.56452044,15.99899162,1.29861E-57,1.12862E-55
WNT2B,136.8730214,-1.078178588,4.195941874,-0.08303183,0.93382623,1
KCNH5,13.94283513,-0.25810027,2.811541386,1.125283991,0.260468712,0.534265728
CD163L1,36.72554372,0.235335324,1.657921499,1.470631213,0.141390878,0.37089957
RBM47,2423.319243,-0.659149682,0.489763088,-1.157307257,0.24714685,0.518134721
AC022182.1,14.39453843,-0.365067308,0.525554607,0,1,1
APOL3,156.1131468,0.374108935,1.041630644,3.396891537,0.00068156,0.00432851
APOL1,132.6963384,2.045132227,2.162533783,2.976248423,0.002917984,0.015775127
LINC01235,21.47442089,-0.010779783,1.686967428,0.812918968,0.416264519,0.691427827
LINC01965,38.69358775,0.132860818,1.638256097,0.224691438,0.822219326,0.976077566
PRDX5,4141.33593,7.879579343,2.02776896,13.88738197,7.55465E-44,4.70192E-42
C9orf135,28.31825745,-0.032919255,1.002359008,1.989490562,0.046647083,0.165321236
LINC00845,22.89083513,0.047643372,7.846389368,0.341980065,0.732365894,0.918982022
LY75,110.7599937,2.788571972,64.4567084,0.53483161,0.592766303,0.82459939
KLRK1,166.7947977,0.383131129,11.30155357,0.459872783,0.645607537,0.860720828
PFN1,5228.102864,8.536780821,5.842884611,4.494701581,6.96676E-06,6.36442E-05
AC245187.2,18.40801483,-0.200752991,2.063636102,0.63800568,0.523469983,0.774968155
TFAP2C,18.83290809,0.493692231,1.682337632,0.820166334,0.412121291,0.687843269
CA9,25.59951361,0.262967305,3.423290217,0.005799524,0.995372676,1
OPTN,815.421698,1.441945479,2.522807231,2.358440963,0.018351879,0.077717547
NRAV,60.99838912,0.063970497,20.39162972,0.000187328,0.999850534,1
AC027237.3,19.11798023,0.078702219,1.687127667,0.429456587,0.667590981,0.876701632
NKAIN2,112.1170808,-0.889890461,1.717820856,-1.206753878,0.227526943,0.494915991
COL4A4,671.8120934,0.292097462,1.015846524,-3.003422235,0.002669618,0.014591389
NXN,286.5675348,-1.159231527,17.59776985,-1.511591875,0.13063772,0.351341535
IL2RB,59.2591094,0.560887728,2.023402562,2.165620469,0.030340201,0.117217428
MIR155HG,95.15941675,0.441818351,1.824357274,2.49477142,0.012603829,0.056684914
ASIC2,89.1370146,0.03974872,1.538328381,-0.202002478,0.839914787,0.986204716
AC023590.1,92.77531851,-0.40438881,1.500089705,0.046295101,0.963075044,1
AC018752.1,18.43791164,0.238245067,4.32604047,0.955930375,0.339107412,0.62103261
C1orf74,20.16107149,0.291864975,1.963948461,1.196850286,0.231364914,0.500219033
TCF4-AS1,19.85653321,0.174616486,1.620985817,1.200503015,0.229944042,0.498375686
IDI2-AS1,19.9938038,0.220793529,1.255315593,1.028352395,0.303784093,0.584018563
MTRNR2L10,182.044277,0.579412895,9.16545323,1.175553805,0.239773225,0.509379497
LINC02398,53.90628832,-0.505831017,2.832096056,0.0828933,0.933936382,1
NUMBL,30.11179816,-0.071903946,1.911171188,0.450290238,0.652501177,0.865848262
HSD17B13,12.98801929,-0.061957546,2.376602532,0.394798528,0.692991581,0.893397004
ASF1B,22.30174778,0.014340199,1.820543632,1.355982305,0.175104798,0.423685976
PJVK,57.94728671,-0.017922407,0.988928847,1.049084211,0.294139362,0.574092745
CR1,70.82278061,-0.180481147,2.496776799,-0.003196942,0.997449213,1
AL049629.1,51.90133316,0.304712592,1.178405591,-0.021325891,0.98298569,1
CD63,5227.938121,6.308851792,1.089606182,15.96761702,2.14838E-57,1.83411E-55
GRIA1,13.17281613,-0.342161137,4.08562557,0.990554194,0.321903314,0.602873475
TNRC6C-AS1,21.83623255,1.3647191,2.248337767,4.520941907,6.15651E-06,5.67257E-05
IGKV3-20,55.44732379,0.335973824,6.466295049,0.05567362,0.955601815,1
C11orf95,62.998264,0.896889462,1.580513237,0.804466131,0.421127822,0.694702479
LINC01886,20.2879775,-0.11726004,3.137264799,0.608088873,0.543128532,0.79130379
APOBR,22.71151178,0.388379587,1.591261041,1.658488489,0.097218909,0.287514045
ZC4H2,182.2147515,-0.25735283,1.312533075,-1.829496202,0.067325308,0.219230749
RAB23,53.00226245,0.003976454,42.79171824,-0.045108825,0.964020568,1
LY6G5C,24.6422285,0.526218689,2.22035592,1.716226593,0.086120578,0.263915252
CNTNAP3B,486.5439797,-1.59417419,2.480662512,-1.441827732,0.149350977,0.383596613
SLAMF8,16.87799338,0.252066274,2.638513673,0.160614856,0.872396753,1
ERBB3,307.9270202,0.003539748,37.41833134,-0.021861937,0.982558087,1
CLVS1,21.13648398,-0.238850137,2.193713777,0.786427985,0.431616794,0.703108276
AL136295.2,13.104992,0.288157657,1.655111476,1.394520448,0.163160499,0.406300809
PCAT19,238.8221801,1.779657512,5.010050407,0.234148198,0.814869929,0.971681245
HYI,424.8410475,2.658975563,1.714055185,4.638590422,3.50793E-06,3.3506E-05
TLE1,412.7236347,-0.273118122,0.502828494,-0.10230409,0.918515309,1
IKBKE,42.63187191,0.384859719,1.01991808,2.640988741,0.008266447,0.039342087
TRIM71,35.20039403,-2.067546537,3.966903506,0.477437053,0.633050934,0.851280906
SGTB,65.12266585,0.866591588,0.713251251,11.73999004,7.94958E-32,3.3199E-30
HNF1A,74.4343945,-0.933994209,3.796373935,-1.313490695,0.189017654,0.444094815
RNF152,1532.262947,-0.984807476,3.684880503,-0.366097149,0.714292585,0.90811552
TMC6,143.040204,0.057244223,28.17891658,0.00653006,0.994789803,1
TMEM120A,381.567083,2.502582902,1.539737225,4.574414558,4.77553E-06,4.49898E-05
METTL24,44.25710278,-0.368594118,5.886306405,-0.258457854,0.796053571,0.959341512
NFIX,165.1801467,-0.101404468,1.139533159,0.343996696,0.730848771,0.918033605
TMEM204,285.8886755,1.81693821,2.823569216,3.557679052,0.000374146,0.002469696
AC009480.1,23.57580399,0.357443323,2.76958796,1.41273107,0.157734812,0.397198573
TSC22D2,908.702631,-0.564946512,0.50991056,-7.624725325,2.44555E-14,4.62592E-13
AC008514.1,16.70201888,-0.090781824,1.973572656,0.738143221,0.460427422,0.724673579
LINC02343,419.4863637,-1.396850379,3.087634668,-0.954550973,0.33980482,0.621558039
C5orf67,40.00708853,-2.386068486,3.112545869,0.31759438,0.750792638,0.932521768
CLDN10,1573.514386,1.129120789,10.93559617,0.508172084,0.611332666,0.837333458
C1orf162,289.9039148,3.691080412,3.653449385,4.42909247,9.46304E-06,8.43715E-05
AC110023.1,14.9100913,-0.015784556,1.803031863,0.774188999,0.438819033,0.709628565
Z82215.1,32.51303207,-0.417612329,0.811498498,1.868850164,0.061643663,0.205699212
HNRNPLL,316.4794316,-0.007430759,0.819091609,0.466517139,0.640845383,0.856621229
MYBL1,95.02351444,0.134925197,1.506184729,2.367822881,0.0178931,0.076045204
PPP1R14A,248.5063477,3.671674904,2.962561916,2.846917839,0.004414475,0.022676488
PARP15,45.97610254,0.14999612,1.3442188,2.348708622,0.018838642,0.079604198
DNAJB5,24.54621997,0.187407972,1.994121967,1.339050121,0.180554357,0.431567859
GGT6,273.9708697,3.619749016,0.746726061,16.1067553,2.28714E-58,2.06206E-56
AL031602.2,64.03180386,0.309278018,1.06460573,4.052263846,5.07244E-05,0.000397513
AC010913.1,135.2936675,0.795683167,2.998333393,-0.524749074,0.599757637,0.829871189
MZB1,69.57873881,0.509292297,3.102311664,0.11346365,0.90966298,1
RGS22,18.51264702,-0.092514603,2.274885219,0.519979943,0.603077554,0.831968794
FCGRT,1576.082461,3.552568428,1.72133406,7.047405503,1.82285E-12,3.05826E-11
LPCAT1,139.7110115,0.917442185,2.40345246,1.263654334,0.206354122,0.467558722
HMGCS2,687.9416478,1.55759717,3.11264904,1.082509079,0.279026383,0.556829116
FKBP1B,60.04948681,4.764702145,3.018019158,-0.865993705,0.386493614,0.664971213
AC008592.4,23.01222391,-0.030447059,2.81645008,0.790124538,0.429455041,0.701125873
SLC2A10,33.66097871,0.263047418,1.581895808,1.103283302,0.269904156,0.545748352
HSPB7,33.66082298,0.600860234,1.892469467,1.419710057,0.155692109,0.393286665
CARHSP1,837.1369141,2.59501392,0.617588326,12.01576794,2.93629E-33,1.28756E-31
AL158071.3,98.16327904,-1.475836114,2.590479998,-1.95742019,0.050298087,0.174856087
AL357079.2,23.10903655,0.688018376,2.917154487,1.39718885,0.162356789,0.405136043
PDGFA,142.6087104,1.463337671,2.086023971,2.050644715,0.040301558,0.146857762
FAM198B-AS1,21.31549821,0.259459781,1.224410006,1.558110372,0.119207087,0.331483781
ZNF521,149.4991926,-1.090041743,7.075066113,-0.591448176,0.554220169,0.798819457
AP003086.1,133.6467202,-0.001499223,15.53030598,-0.006877409,0.994512665,1
ZBTB7C,170.8847187,-1.187127302,11.11555553,0.135227035,0.892432373,1
CNDP1,48.33638262,0.092483505,1.678183931,1.593083335,0.111141497,0.316371208
ZNF182,31.87535962,0.255287262,0.696554906,0.682496744,0.494924901,0.752370079
LINC01349,29.00604726,-0.426788041,4.375251969,-0.180039863,0.857121273,0.993923629
CAPN3,520.0171516,-1.224690004,6.37952554,0.185334953,0.852966324,0.991694039
POLB,154.033965,0.312643261,1.030987461,0.866062894,0.386455672,0.664971213
PROM1,233.0061353,0.038132074,1.392736762,-1.257940497,0.208413276,0.469617826
GPR146,76.38902025,0.41133454,1.314214723,3.622873941,0.000291348,0.001980714
TMEM72,396.5695737,0.558715496,1.57343249,-0.144328383,0.885241167,1
LMNTD1,17.70139396,0.073089255,2.035784976,0.989808873,0.322267547,0.603081948
FYB1,540.6396026,0.407437816,0.228096429,0,1,1
AC138811.1,19.15884105,0.28909807,1.628835087,1.158473211,0.246670978,0.517892117
ANKDD1A,58.59770827,-0.035209148,29.56561043,-0.116651039,0.90713659,1
QDPR,1394.290785,2.177873494,0.523587308,34.83755313,6.5717E-266,3.9623E-263
SCAT2,13.56071948,-0.034630825,0.99925807,0.961572358,0.336264462,0.617948632
HULC,362.4490619,-0.146666853,1.244602379,-1.789912067,0.073468049,0.234583625
ATG16L2,161.4702527,0.190764405,1.239533665,0.623377071,0.533036762,0.783925619
LTBP2,73.84960506,-1.425549941,5.275731136,-0.698028962,0.485159082,0.745156768
AL441992.1,59.73075229,1.246538733,4.684136127,3.829665529,0.000128318,0.000922414
AC016027.1,13.9161034,0.575862846,2.237505523,1.436652837,0.150816662,0.386025031
AL355612.1,386.6226705,-2.085918834,2.619703373,-1.147605955,0.25113127,0.523140437
AC116366.1,17.03124272,0.15499531,4.445401635,-0.392137048,0.694956955,0.894462405
S100A1,1826.104559,8.738641474,3.99287999,5.824412716,5.73138E-09,7.55336E-08
CT69,28.91784436,-0.018230289,21.92493209,-0.100722399,0.91977083,1
AL512662.2,98.98663992,0.297792903,1.304790877,-0.89022452,0.373345341,0.655205113
AL161669.3,21.33777625,0.419517625,1.332870465,2.743241241,0.006083597,0.030095558
AC124854.1,54.72487594,0.352651684,1.37912451,-0.4705585,0.63795605,0.854891236
AL118558.3,29.97149693,0.365654503,1.485944672,2.538038844,0.011147561,0.050942928
BGN,406.6002482,0.332848574,2.86330604,1.405258831,0.159944326,0.400983085
ADGRG6,174.9181654,-0.892699638,3.343173812,-0.596731151,0.550686891,0.796595137
AC009570.1,16.52616422,0.467887946,1.732550039,1.596186286,0.110447209,0.314889502
AC093627.7,13.4481937,0.303861202,2.988363195,0.557622202,0.577102392,0.813220388
TSHR,33.15564388,-0.313845922,3.573592251,9.630255099,5.95814E-22,1.62828E-20
STPG4,97.83229676,0.038775192,1.803972038,1.585640423,0.112820901,0.319830512
IQGAP2,1166.515484,0.152718497,1.348409354,1.332132466,0.182816664,0.435118635
PANCR,17.60330926,0.007068015,2.589621372,0.54349552,0.586788675,0.820343167
LINC02649,148.0482545,0.897378525,3.01612022,19.26502758,1.05609E-82,1.64324E-80
AUTS2,1032.700012,-1.254287033,3.777966123,-1.160169532,0.245979789,0.51698628
CEP250,74.62667912,-0.297602889,0.95204606,0.279094509,0.780172297,0.949693646
RNASE2,16.5307169,0.991958108,8.501867511,0.149931284,0.88081883,1
CDHR3,258.988667,-1.852313389,1.225643197,-2.589768754,0.009604042,0.044672226
AL157756.1,16.14622421,0.122281736,1.164927838,1.50755267,0.131669054,0.353228967
ZNF850,35.002344,-0.032774419,9.118317739,0.217004208,0.828205066,0.97996986
LINC02696,22.15479091,0.327954283,1.82190256,1.45755003,0.144964612,0.376439733
AC012063.1,79.24876494,0.026329799,0.878285627,-3.95327755,7.70879E-05,0.000581899
TRPM1,16.87739878,-0.074646954,1.177630937,1.647940112,0.099364961,0.291803281
AC009506.1,25.73408824,4.86314918,0.836832034,0,1,1
ZNF98,224.5947332,-0.810146465,2.462467916,-2.438845708,0.014734258,0.064523319
AC005821.1,19.95305453,0.208021051,1.462816381,1.204335246,0.228460029,0.496386014
Z99572.1,39.14182743,0.294429559,1.596222982,1.241862725,0.214287215,0.476649473
FOXI1,152.6776577,0.173470397,1.413503431,2.794770348,0.00519366,0.026192029
CALM2,4794.991675,3.52278334,0.282778538,28.12928011,4.2963E-174,1.3815E-171
LTBP1,332.996693,-0.319132444,1.678822585,-0.466263528,0.641026882,0.856733597
CARD14,15.04677744,-0.037022555,1.815722726,0.558725277,0.576349226,0.812748257
DUSP10,95.14637998,0.076998303,3.817949496,1.21018882,0.226206447,0.493044192
MFSD3,226.7100272,0.941065318,3.41656652,-1.387548785,0.165274486,0.409098262
AP001922.5,14.30141319,0.302465148,1.805796663,0.501995651,0.61567058,0.840836245
NUSAP1,66.54495229,0.059076888,26.39432439,-0.004853152,0.99612776,1
ABCA13,57.10578648,-0.023573581,1.801564779,0.300154755,0.764059115,0.93997827
AC007906.2,148.7998967,0.831519387,2.438307386,1.557359174,0.119385233,0.331809088
THRB,969.8904595,-0.689894062,6.039804941,-1.443409464,0.14890516,0.383267896
CEP120,162.5465314,0.742967619,1.160139143,-1.011583286,0.311737341,0.591994119
FGF11,15.32805301,0.201966387,1.43226336,1.30419452,0.192167268,0.448111586
FPR3,46.82907396,0.290618585,1.940303061,1.314581259,0.188650672,0.443881228
ST3GAL6,412.4891893,-0.321357909,1.485062738,-1.712319461,0.086837812,0.265522781
CLRN3,181.9277943,0.109037356,330.8391035,0.106584337,0.915118745,1
KCNH3,21.26561713,-0.181411453,1.178338036,1.432310748,0.152054908,0.387242265
NUAK1,132.6045807,0.704900453,1.100078085,0.124102075,0.901234455,1
AC104695.3,29.99681247,0.382296434,1.81686377,0.883766379,0.376822339,0.657717588
ORC6,15.36975414,0.243209932,1.495896541,1.708899756,0.08746952,0.267115687
ABHD6,191.5072052,-0.035937991,16.10527013,0.042383876,0.966192682,1
MKNK1-AS1,14.40070739,-1.052511773,2.538775653,0,1,1
ABCA10,176.2181216,-0.142379248,32.80202268,-0.022191427,0.982295256,1
UBXN10-AS1,16.61234921,0.587751934,2.477620685,1.653436061,0.098242149,0.289652203
SEPHS2,1411.486692,5.988800885,5.659016684,4.554908289,5.24084E-06,4.90858E-05
RBM26-AS1,48.75157226,0.506147334,1.632205174,1.169322072,0.242273894,0.512748156
BTBD11,276.5059783,-0.060862862,80.27182958,-0.080477982,0.935857107,1
AL353152.1,18.33814125,1.080614253,6.890902979,1.788607491,0.073678051,0.234855502
AL133346.1,45.72754893,-0.171338109,12.71537246,-0.088875433,0.929180908,1
FICD,35.28364764,0.503715485,1.166637277,4.75680031,1.96686E-06,1.94209E-05
PPP1R36,71.17099318,0.645974338,1.731281942,2.204813893,0.027467157,0.108197493
LINC02100,23.89483679,0.14409885,1.177791418,1.831902446,0.066965956,0.218471619
GLB1L,73.35400963,0.566125144,1.334644561,2.951656161,0.003160747,0.016996502
CAMK2B,30.22214043,0.072416091,1.594360536,0.474492855,0.635148492,0.852787405
ACTN2,38.46626767,1.157698011,3.962866842,0,1,1
DDAH1,1251.442878,-0.55621343,0.748045314,-3.265900731,0.001091165,0.006666493
DGUOK-AS1,24.36078425,-0.133544555,1.89736179,0.646816013,0.517751027,0.770336979
SH3RF2,50.20156195,-0.116749104,13.08413951,-0.265876433,0.790334376,0.956751879
SCNN1G,384.1663701,0.346327013,1.306022712,-0.291059808,0.771005578,0.944374151
AC129507.4,70.26353261,0.27291305,2.321356414,-0.261447266,0.793747611,0.958654922
IL6ST,1375.610414,1.272161099,1.036924326,9.732124594,2.1995E-22,6.22246E-21
SLC30A2,90.52108726,0.006654955,2.147765516,1.099522294,0.271540315,0.548367055
KLF12,954.7217525,-0.974190795,1.06356024,-3.011348898,0.002600898,0.014288647
HOXD8,536.2902805,2.720338698,1.433194883,4.496457688,6.90949E-06,6.31809E-05
DOCK9,659.7994034,0.063378805,3.725275911,0.61607084,0.537847766,0.787631265
FAM118A,145.1960166,-0.012187075,1.255534357,0.69824257,0.485025508,0.745156768
PXYLP1,91.47364378,0.801033082,1.626765031,-0.567444303,0.570412358,0.809791925
GLRA1,13.57807029,0.049351597,2.875768297,0.347365571,0.728316695,0.916734996
AC007325.2,13.73390445,-0.134758727,4.448920563,0.709945114,0.477738173,0.739979149
DUSP4,110.9493504,0.509322686,2.188430058,1.822581084,0.068366863,0.221990954
TTC30B,34.01219067,0.417750522,1.07356529,5.962907932,2.47788E-09,3.36204E-08
RGS7,134.8771342,-0.854228,3.523010679,-1.387459637,0.165301651,0.409098262
B4GAT1,156.1463529,4.637885653,3.087666382,5.08408912,3.69394E-07,3.92894E-06
NTRK3,138.6507848,-0.061479881,54.9002276,-0.065775329,0.947556699,1
TYMSOS,134.0997634,-0.063395421,2.936862428,1.181153479,0.237541758,0.50710148
RBFOX3,22.07384559,0.127693256,1.854050027,0.748507796,0.454153924,0.719966184
TNFAIP8L1,114.6608486,0.087262638,17.98973594,0.136763401,0.891217814,1
AC124312.5,26.62275514,0.167692814,1.73801087,0.619043426,0.535887751,0.786085755
AC023509.3,21.15243601,0.36950756,1.655283643,1.685158848,0.091957928,0.276964762
EFNA1,364.917057,0.295811297,1.25037179,2.346918075,0.018929416,0.07995275
CYTH4,61.60388418,-0.093247199,1.579721068,2.371586652,0.017711893,0.075437806
AC107294.2,15.3383135,0.052698814,1.616912135,0.648906668,0.516398704,0.770019575
C12orf40,38.7321789,-0.095481539,1.760325948,-0.141585136,0.887407709,1
COX4I2,64.42836983,3.967231011,3.943351143,1.210919685,0.225926187,0.492774801
PAPPA2,481.563284,0.327028173,1.341570417,-0.761022437,0.446643666,0.714711851
SH3GL3,60.85647424,0.578243933,1.6295897,0.813175065,0.416117694,0.691427827
TMEM59,3432.98414,4.360022631,0.895804034,15.99101296,1.47611E-57,1.27143E-55
PRUNE2,567.4863986,-1.790298821,1.852367128,-1.931513512,0.05341958,0.18418109
AC078785.1,54.32816516,-0.801121056,0.954058968,0.165399903,0.86862923,0.999006975
AP000229.1,16.61353005,0.027948818,1.793333684,0.95027204,0.341974042,0.624815073
NOVA2,59.71977175,0.033482002,1.384763975,1.808134828,0.070585519,0.227556789
SALL1,210.2405345,0.540574573,1.645676809,3.144721106,0.001662452,0.009696298
SLC35F4,39.2079193,-0.206103334,1.827987378,-0.246630264,0.80519438,0.965875505
ABCD1,39.72890736,1.071904276,2.350201468,6.667643808,2.59943E-11,4.0187E-10
NDUFS5,4207.356444,6.576896746,2.620919642,10.52191107,6.84705E-26,2.25439E-24
PDE4A,183.5789875,1.581586329,0.695308433,0.735907788,0.461786817,0.725981821
IGLV10-54,13.4950587,0.001607501,2.937343626,0.723496773,0.469374736,0.732576942
KLF15,160.2950856,0.064546672,28.86767694,-0.033256499,0.973470043,1
ZNF653,41.89054616,-0.377693034,0.859115409,1.438119927,0.15040003,0.385572438
AC087645.2,27.53153339,0.092225652,1.676248893,1.403834624,0.160368101,0.401419582
AC093249.2,21.71223075,-0.072484249,1.967835064,0.445254904,0.656135554,0.868515325
LRRC20,29.58011656,-0.053708363,11.08678749,-0.161837241,0.871434025,1
LINC00923,47.28326497,0.054737815,1.618360104,0.707353801,0.479346639,0.740544485
NRK,272.7375748,-0.01749616,1.584954833,14.01103649,1.33443E-44,8.52533E-43
COMP,13.83552578,0.06907859,4.021399739,0.061419416,0.95102519,1
LGSN,15.52396168,-0.136478448,2.66487266,0.75968278,0.447444225,0.715631374
ZNF404,18.39882491,0.112909934,1.360938671,0.801012422,0.423124455,0.696116231
CLDN15,106.3697347,2.100465409,2.175101387,2.440263158,0.014676566,0.064356743
ADCY3,96.96116564,0.023056286,33.20616901,-0.006568216,0.994759359,1
AL359644.1,49.03297137,-0.112459268,1.740252986,-0.496011765,0.61988611,0.843923413
PNCK,24.53137382,0.00984199,3.791051822,0.927195511,0.353825033,0.636933726
ZNF491,20.41922226,-0.27734191,0.626634063,3.106059276,0.001895987,0.010861394
AGFG2,120.8861232,1.607868204,1.877504629,0.574886906,0.565367786,0.80617155
ZNF816,21.93925973,-0.544932224,0.416299033,0,1,1
C1QA,580.8777537,7.343839242,5.485337626,2.979319607,0.002888893,0.015630482
RGS5,1001.783768,2.305093047,1.571379209,6.145803262,7.95598E-10,1.12046E-08
TGM2,217.0304722,1.555417058,2.16969308,4.23147965,2.32159E-05,0.00019274
NCMAP-DT,30.24110579,0.301055049,1.217419061,2.785873454,0.005338371,0.02680857
RAP1GAP2,501.2008283,-1.250214062,1.180876397,-11.52507241,9.86292E-31,3.86779E-29
SMIM1,352.4906109,6.864624395,3.964907424,-0.901356052,0.36739904,0.649787038
STKLD1,22.23238252,0.142961579,1.529131171,1.297226084,0.194553408,0.451819145
PLA2G4B,39.56762638,0.071316554,0.90033027,0.676770368,0.498551662,0.755344115
RIPK2,269.2248074,0.495876005,1.44898116,2.934792372,0.003337709,0.017750211
AC003991.1,30.2279689,0.018378934,1.442792642,0.347438177,0.728262157,0.916734996
MIOX,8422.159246,2.405674818,59.61665718,2.086320466,0.036949604,0.137055205
INSL6,14.48867453,-0.083730465,1.959026197,0.723822009,0.469175016,0.732383718
AP002387.2,75.73486576,0.227993399,16.49986453,0.119082876,0.905209697,1
DPCD,284.9460546,1.102897353,26.39637385,3.09431323,0.001972691,0.011267347
CRYZ,1299.115869,1.438464475,2.124047978,3.67026963,0.000242295,0.001670777
FAS,106.6480692,0.778162447,1.601370131,2.156392385,0.031053039,0.119492886
INF2,137.9737405,0.219156479,1.134413717,1.118433199,0.263382022,0.538314908
GGT2,68.97713719,-2.109281897,2.868273448,-1.062408251,0.288050389,0.568131094
ITGAM,61.55362418,-0.003485186,1.865843685,2.034051001,0.041946454,0.151670704
AL390860.1,18.39654561,0.035161376,1.787463363,0.652431118,0.514123095,0.768119173
AC090709.1,43.18003141,0.152899909,1.57567891,11.51142615,1.15552E-30,4.51306E-29
GPM6B,144.7431565,0.121707805,0.777758878,0.909437478,0.363119246,0.646359222
AL078459.1,320.2247679,0.147844464,1.172810476,1.977538032,0.047980846,0.169178078
AC104806.2,71.71039592,-0.276560969,1.039654978,-2.045201363,0.04083501,0.14831903
MIF,12432.28235,9.08075591,3.200094883,10.23887795,1.32767E-24,4.172E-23
AC022325.2,19.30606217,-0.098001433,3.19132757,0.331675407,0.740134373,0.925000168
AP000787.1,166.3979401,0.010619567,33.21440945,-0.036248582,0.971084149,1
MED13L,2021.318272,-0.994261243,1.325685084,-1.399139418,0.161771179,0.404406988
MCTP1,392.7626575,1.223053625,2.150928419,2.591281158,0.009561934,0.044508905
CARD11,276.4359858,-0.131803697,1.447826066,2.528341279,0.011460289,0.052149721
AC010197.1,47.62348459,-0.163666847,9.099101756,-0.066642307,0.946866465,1
CERNA1,29.53904402,1.642216999,1.51293939,4.490138044,7.1177E-06,6.4839E-05
ANKRD23,70.19153214,-0.604281624,0.874183299,-1.634762289,0.102098889,0.29783731
RORB,32.05677083,-2.554450821,3.127340252,1.314104897,0.188810906,0.443961565
MARCH10,78.11375293,0.740197762,1.327242731,1.219594247,0.222618728,0.488091562
GATA6,45.97951024,0.019697949,13.3841304,0.000725476,0.999421154,1
AC137770.1,15.65712256,-0.206611835,2.415282126,0.420425563,0.674174597,0.88126861
AC008691.1,52.05929667,-0.37230257,0.856309813,1.038151085,0.299199721,0.579539545
AC009950.1,64.17234924,0.539318602,1.730960701,3.3069881,0.000943049,0.005835531
AC024230.1,53.46760673,-0.746927389,4.720053451,3.725852859,0.000194656,0.001365706
LINC01186,46.61567198,0.465702257,1.31291285,-2.685178462,0.007249109,0.035106502
ARMC5,43.78995528,-0.018581217,0.828771954,3.09224433,0.001986493,0.011326061
BMPER,34.19436823,-0.175955103,12.90232587,-0.168272976,0.866368533,0.998558491
AC136431.1,23.66788448,0.026705759,3.063847396,0.191380742,0.848227307,0.989702716
SYNPR,13.36670969,-0.161462247,4.102814093,0.513449978,0.607636593,0.835024247
TMEM144,58.82885405,-0.00304032,26.86812901,-0.098854665,0.921253665,1
AL603840.1,29.00875734,-0.189492392,2.096930778,1.189581878,0.234210772,0.503887448
FRY-AS1,14.36246111,0.130900062,1.474611034,0.600441057,0.548212332,0.795278853
PLAC8,260.1692562,0.452239392,2.277678625,2.875885297,0.004028961,0.020930202
AL136018.1,15.17146499,0.036878991,1.933720416,1.032318094,0.301923127,0.5824004
LINC01239,64.58732854,-0.388190334,2.512415205,0.06146842,0.950986164,1
RTL8B,83.93212558,5.361662237,2.307699309,5.213216953,1.85594E-07,2.06508E-06
AL031429.1,25.06479824,0.154651164,1.654465858,1.064664826,0.287027633,0.566712152
CPNE9,15.22524159,-0.007508903,1.648685935,0.772811129,0.439634166,0.710023606
AL034417.3,31.8024566,-0.21404325,2.69582195,0.60570633,0.54470978,0.792342467
LRRN3,21.12029315,0.05498446,1.743474934,0.253664229,0.799754972,0.962403291
RCAN3AS,34.58090183,0.0316916,1.418878318,1.130950468,0.25807594,0.531499997
AC093425.1,162.9480264,0.009046023,1.547575721,-0.930918759,0.35189559,0.635396386
LINC01115,36.50774352,0.109599818,1.694973929,0.590159846,0.55508349,0.798956463
CACNB4,397.3781179,-2.132572428,2.282902439,-2.468708863,0.013560149,0.060379256
CASQ2,18.71758212,0.214910386,2.255840276,0.547228804,0.58422155,0.819135128
AC073957.1,15.46683677,0.038553143,1.455953337,0.709537879,0.477990754,0.739979149
FBLN2,77.25821826,0.516984792,1.973191951,1.621787385,0.10484888,0.303655704
STK17B,700.0910304,3.013277254,3.225282314,4.354642977,1.33284E-05,0.000115906
NR3C2,1654.456271,-1.599263849,0.886005078,-2.162942676,0.030545589,0.117916485
GLIPR2,147.6070212,0.63225836,1.436551108,3.696495328,0.000218596,0.001518213
PPP1R42,55.55832605,0.156610093,0.776056311,-0.563570993,0.573046132,0.811144711
MINCR,146.1120275,3.885863535,2.110364022,5.379623553,7.46418E-08,8.76884E-07
ALOX5,153.5222434,0.936754956,2.104250269,1.807072157,0.070751029,0.227815481
PROSER2-AS1,13.7492534,0.048891915,1.620974635,0.664868782,0.506134424,0.762758915
PAQR7,255.5829976,2.180874581,1.768194006,1.652458575,0.098441103,0.290061491
TMEM82,104.5223617,-0.329303806,3.191219692,1.402220801,0.160849322,0.402415303
STXBP5L,18.77927058,-0.136640034,2.385621031,0.725627244,0.468067315,0.731483134
TNFRSF18,28.11556641,0.816112741,3.097210164,1.850164719,0.064289812,0.212108009
AC068305.2,17.60044228,-0.130075499,1.297273919,7.086868799,1.3718E-12,2.32172E-11
PCAT7,23.27355154,0.011491005,1.850069865,0.99785753,0.318348449,0.599006726
RAB24,13.62981908,0.299893901,1.484641618,1.891154543,0.058603717,0.198119296
KRT13,310.1827528,0.209689635,25.64809319,0.172739518,0.86285618,0.996777805
PRXL2B,96.21543976,3.914818755,1.621164929,11.45883034,2.12363E-30,8.22759E-29
AC008914.1,17.29605074,0.010982994,1.268057817,1.749910666,0.08013373,0.250178024
LCA5L,65.00501896,-0.035471202,10.85689395,-0.080553279,0.935797223,1
AL049869.3,49.42434983,-0.312367489,0.709898795,2.91910362,0.003510395,0.018515463
P2RX5,22.71526875,0.237411568,3.071053257,0.74025807,0.459143418,0.723936902
AC005899.8,13.21540891,-0.163692017,1.710295474,0.933849919,0.350381315,0.633932586
SLC4A11,66.17000769,0.387535494,1.423318105,0.772948382,0.43955293,0.710023606
RNF166,111.0398769,0.430304546,1.357011353,1.918653511,0.055028199,0.188798857
RHOH,322.6700634,3.647557605,4.547357201,3.305988446,0.00094642,0.005845143
AQP2,3546.906302,5.1121618,2.405432312,3.737235799,0.000186054,0.001309166
LAMA3,139.4983232,-0.427359058,1.767015455,-1.433946433,0.15158755,0.386867875
BX284613.2,89.0481043,-0.168627879,14.47800177,0.161384993,0.871790186,1
SLC22A24,45.57265535,-1.723043225,3.140603178,0.03584075,0.97140934,1
TRIM7,22.85026748,0.201576548,3.701677581,0.045090181,0.964035428,1
ZNF607,35.06291924,0.080714782,1.063198115,0.301061872,0.763367315,0.93997827
APEH,384.9463677,3.662712488,2.147687779,5.809936191,6.24967E-09,8.20279E-08
DLEU1,427.1461127,0.185722682,2.276921842,-0.131390627,0.895466303,1
DOCK10,483.0229921,0.306484406,0.334952825,2.490876559,0.012742838,0.057266393
AL358944.1,20.35056417,-0.117884212,1.557974905,0.408251636,0.683088942,0.886793033
MIER2,101.9887096,0.139355938,1.302327532,0.304039504,0.761097795,0.939321538
TM7SF2,399.4750808,0.401624135,1.883646236,3.091392251,0.001992203,0.011351908
ABHD15,58.00291235,0.274281616,1.444207564,1.659664073,0.096982051,0.286989522
AC010531.6,29.08500879,0.466511456,1.9172185,1.359410738,0.17401647,0.422323746
NFAM1,36.33168944,-0.144360207,1.896512399,1.477285071,0.139599238,0.367753646
SCRN2,615.0342087,2.007987775,0.528898018,34.1626384,8.6805E-256,4.9259E-253
PDK2,492.7463959,2.215254111,2.376115596,4.321042396,1.55294E-05,0.000133285
WDR86-AS1,15.56751546,0.803462285,3.261105913,0.25887495,0.795731727,0.959313168
PLEKHG1,643.1315546,-0.473954339,1.030705734,19.91597987,2.95808E-88,4.75611E-86
ASGR1,28.61465525,0.361299815,1.877752013,1.54484856,0.122382898,0.3375151
CHRDL1,38.70098605,0.340005836,1.717486271,1.322869938,0.185878634,0.439718289
DACT2,20.37668591,0.098241272,1.723672336,1.13421804,0.256703099,0.529827726
CCDC180,73.19422646,-0.042363856,43.88871543,-0.061055875,0.95131471,1
PLA2G2A,61.35195739,0.020696755,957.6709002,0.008854756,0.992935019,1
SATB2,134.4789698,0.172187608,1.433542046,-0.993705563,0.320366234,0.601163648
JAM3,153.7272121,0.108033507,1.434486358,-2.016488618,0.043748907,0.157362307
LOXHD1,14.55015742,-0.390438105,3.333046821,0.882090966,0.377727617,0.658674457
SCGB2A1,39.35182983,7.452697898,3.517812405,3.312259717,0.000925456,0.005745092
SAMD13,28.75196982,0.077774016,1.592177429,0.707969582,0.478964147,0.740488164
CPNE6,32.19314201,0.136778248,14.27829303,0.268337891,0.788439242,0.955416828
NCS1,167.3741847,-0.193177877,1.229094207,0.39367267,0.693822722,0.89357053
ST6GAL1,1341.193644,1.704806292,4.338332524,0.398956247,0.689925443,0.89135004
LINC00113,90.17441807,0.226675595,1.43508697,0.726995363,0.467228797,0.731147618
GGH,722.0019488,4.21740232,2.78110787,4.977721958,6.4337E-07,6.66658E-06
LINC01485,46.84459877,-0.127036877,2.108280009,1.057994583,0.290057912,0.570044405
AC098656.1,26.65515403,-0.360748437,6.217656267,0.39842635,0.690315938,0.891621982
AL033528.2,168.6603097,4.143133012,2.66017225,3.052936356,0.00226614,0.012665963
ID4,487.26677,2.793929271,1.919259385,4.45954504,8.21338E-06,7.37065E-05
SH2D3C,177.2100936,0.845617985,2.504717274,2.10001734,0.035727316,0.13343454
ZMYND15,14.27644198,0.130385841,1.823106432,0.842838674,0.399318676,0.676123764
LINC00621,120.4034751,-0.034325264,1.298880801,16.97909398,1.17283E-64,1.16642E-62
NDUFA2,2564.13827,8.479136849,4.080300139,6.361183792,2.00205E-10,2.92633E-09
PCK2,733.8539351,2.103902296,3.995908038,3.093339628,0.001979175,0.011291011
TRDN,29.06193967,-0.08425155,4.737081142,0.458823203,0.646361131,0.861130483
SOST,276.5814636,0.389216852,21.9926001,0.583369546,0.559644555,0.80177855
SHF,23.83202937,-0.194254297,1.338795453,1.010801234,0.312111572,0.592238461
ZNF468,18.9476187,0.07882959,1.540771464,0.882411104,0.377554533,0.658518998
LINC02646,27.96999664,-0.725146714,1.938712894,-0.174080901,0.861801883,0.996698594
LENG9,31.492244,-0.003631734,1.586397682,1.18522311,0.235929245,0.505667502
PLAC9,214.7818372,3.396938818,2.859266499,3.894065082,9.85782E-05,0.000727052
GIMAP1,148.0481348,4.797917998,2.853929077,5.783604642,7.31167E-09,9.53184E-08
AL355816.2,35.29259009,0.359535456,1.053784949,3.540503108,0.000399365,0.002620866
TCF7,135.6704872,0.081552421,1.0734997,2.466511365,0.01364364,0.060626529
LINC01002,31.57821497,-0.540928734,1.350874657,0.586770054,0.557358151,0.800362323
AC105916.1,88.85186786,-1.374822926,3.727730166,-2.209599628,0.027132961,0.107099704
ARL15,3243.76561,-1.019522379,1.444126522,-2.105032542,0.035288475,0.132063488
SEMA3C,502.0115911,-0.487857694,1.00193318,-1.121141255,0.262227741,0.53663789
LINC02328,98.08555926,0.548906496,1.845119306,2.021392019,0.0432392,0.155819412
TMEM121,21.00633094,0.417470751,1.718862845,2.420914075,0.015481536,0.067274946
GGT5,61.1119337,-0.210568381,2.177351955,0.87615522,0.380945656,0.660858517
TBX19,34.1035027,0.153303989,0.932002851,0.647414202,0.517363907,0.770245432
ACOT4,139.1546159,4.228211544,3.605833159,3.163494011,0.001558876,0.009153057
RFX2,277.8182848,-0.049081426,50.65609177,0.00717166,0.994277892,1
PCA3,44.54460192,-0.753735692,2.046621582,0.907291602,0.364252614,0.647016197
GTDC1,419.1850138,-0.909062687,1.379700531,1.496079808,0.134632859,0.358785412
NLGN4Y,171.9524386,-0.070907314,329.1490665,-0.125641161,0.900015979,1
EGFR,727.0929505,0.154857156,1.949758711,-2.04782044,0.040577597,0.147662043
DAB2,732.0204298,-0.157269039,3.975334504,1.52210136,0.127983685,0.347069119
SAMD12,1051.587073,-0.013708969,0.446168325,-5.226311139,1.72925E-07,1.9443E-06
AC053513.1,74.31243411,-0.258711955,1.168696616,-0.030524178,0.975649011,1
MS4A4E,33.87585334,-0.046723355,3.393189794,1.019092221,0.308159187,0.588338247
TM6SF2,17.80720716,-0.075199276,2.853893852,1.068237695,0.285413305,0.564912219
SLCO2A1,514.0228569,-0.307039022,2.47255334,0.618078987,0.536523273,0.7864823
EHD1,300.3506654,2.444739567,1.978413097,4.442508714,8.8916E-06,7.94234E-05
SGCG,13.0779359,0.109974995,1.735316664,0.727073649,0.46718084,0.731147618
WNT5A,38.5987713,0.082148009,1.865214458,0.676054958,0.499005753,0.755359877
LINC01535,40.4708537,0.073464138,1.348965214,0.640345595,0.521947945,0.773698805
LRRC8C-DT,50.5889764,0.281257716,1.274529726,1.54580336,0.122152065,0.337167661
MISP3,102.2463281,0.956506384,2.856819764,3.130674441,0.001744054,0.01011111
ZNF30,35.50910818,-0.097768074,6.286137186,0.313232456,0.754104062,0.934829335
LYAR,188.66946,1.584839507,18.61581343,4.123402487,3.73317E-05,0.000300366
BRIP1,27.04523704,-0.06165922,2.248862371,0.434665499,0.663805245,0.874082852
TNFRSF6B,41.13513823,0.07679802,1.840905818,2.641928696,0.008243541,0.039252438
CRACR2B,88.32735442,1.938709177,1.837856063,4.150063679,3.32383E-05,0.00026968
CEMIP,43.04159656,-0.22878333,3.172901669,0.104006355,0.917164305,1
SLC26A3,107.8949207,-0.100191813,2.547046157,0.722817365,0.469792097,0.733042095
KHDRBS3,361.1805991,-0.462902752,1.786928004,-0.393742926,0.693770846,0.89357053
ALDH16A1,136.9256765,1.13823774,4.418480826,5.829098633,5.57276E-09,7.37454E-08
MAP3K13,1327.137587,-0.038910278,0.688719691,0.683961694,0.493999355,0.751436735
F2R,104.4226718,2.412028025,1.950903772,3.242733751,0.001183888,0.007138104
ABCA9,55.03861263,-0.465182461,2.555544403,0.849996568,0.395326994,0.672732319
APOM,1479.38533,5.167701282,6.800512957,3.777834927,0.000158198,0.001122157
ZNF579,73.75087898,0.063847161,36.5565175,0.055445763,0.955783338,1
GPHN,2376.284111,-1.57101369,1.42394738,-2.985738663,0.002828943,0.015366448
KNDC1,22.81309922,0.003230758,1.870384645,0.73820914,0.46038737,0.724673579
FKBPL,40.3215657,0.471583916,1.901073324,2.598408394,0.009365703,0.043732303
KCNE1,72.10599444,-0.429621917,1.120304442,4.026833349,5.65331E-05,0.000438757
OAS3,45.47151633,2.159662231,1.903719044,5.599691484,2.14734E-08,2.6695E-07
AC024145.1,27.21598218,-0.096068247,1.251276582,0.437199348,0.661966783,0.87299873
APOBEC3A,92.3352951,0.422688722,1.606109396,1.784806107,0.074292772,0.236457399
XACT,43.54309437,0.145823084,1.930930212,0.7021901,0.482560619,0.743285424
RGPD8,51.16855438,0.027736824,0.815671747,0.735221649,0.462204517,0.72620309
SULT1C4,164.0290902,-0.378895815,1.43612359,0.724505258,0.468755601,0.73208439
AL132780.1,117.8830371,-0.634982734,2.219731582,-0.374467937,0.708056207,0.903252505
VNN2,35.62863737,0.290526899,1.383620979,2.828421903,0.004677811,0.023901931
AC109466.1,190.7252828,-2.656508862,6.811314101,-1.450001675,0.147058052,0.379932788
GATA2-AS1,85.24277011,0.485837398,1.154361472,1.956496477,0.050406697,0.175044423
SMIM32,415.8701567,-0.373995099,6.6915638,0.582831674,0.560006621,0.80177855
SLC34A1,710.7097772,-3.000068494,3.393462913,0.020570939,0.983587923,1
CD79B,75.02372983,5.168034098,3.043364941,3.837786069,0.000124149,0.000893777
AC026471.3,66.91328291,0.377276893,2.199153393,-0.165844286,0.868279494,0.999006975
PARP8,705.5122076,0.301655983,1.091434631,1.348246311,0.177579174,0.42742173
AIFM3,20.20818088,0.278182586,1.829663146,-0.386986237,0.698766397,0.896409499
SLFNL1-AS1,38.96005158,-0.498258422,1.353685003,-0.871612624,0.383419741,0.662757614
ACAT1,3693.900922,2.911238958,1.158942246,12.03848176,2.23022E-33,9.82419E-32
CDC7,26.44341961,0.241473752,1.114194369,1.287541928,0.197905465,0.455381361
LINC00239,13.07399832,1.163859408,66.39370786,2.12773737,0.033358865,0.126349811
ARHGAP10,491.4933782,-1.105538021,5.329247352,-1.54146773,0.123202991,0.339273461
IKZF2,168.7443165,0.501614532,1.43642094,-0.696346021,0.486212159,0.745941985
IGHV3-30,28.42803072,0.101315417,339.4582701,0.130309416,0.896321631,1
LARGE1,812.1399517,-1.735607427,3.978035519,-1.095660248,0.273227485,0.550276733
UPK1B,101.8384383,0.160822931,2.151383574,1.15315817,0.248845469,0.520288739
IDO2,15.49907898,0.008248026,4.251748251,0.773950232,0.438960223,0.709628565
VIPR2,21.15879568,-0.187302445,3.199234619,0.644132389,0.519489589,0.771358483
CHST12,241.4125935,0.306422145,1.437933636,1.868990283,0.061624166,0.205699212
MARK4,242.9879654,-0.062148484,52.96402291,-0.111579386,0.911156917,1
SLC39A3,189.2364178,5.654902007,0.679358618,26.97973823,2.5555E-160,7.4705E-158
AATK,86.70340464,0.368268974,1.415209279,1.071295894,0.284036406,0.563226969
TESC,202.219436,1.485819388,5.649397227,2.917226218,0.003531595,0.018606936
SOWAHC,169.7471836,2.90114618,2.997266099,2.490157251,0.012768659,0.057295412
DUSP26,18.40509907,0.233852156,1.58948967,1.082577395,0.278996045,0.556829116
LINC01342,15.72026042,-0.044433023,1.083418032,0.037279235,0.970262362,1
RIPOR2,570.1149293,-0.825503576,970.0482823,3.255675254,0.001131231,0.006872155
TRIM50,35.52332878,-0.242450932,4.060114208,0.401431783,0.688102253,0.890186729
CCSER1,4368.742409,-1.904020133,1.360698461,-1.983637206,0.047296298,0.167127277
LINC02814,21.65527551,0.069054096,1.470063324,0.895731489,0.370396188,0.652241601
PAPPA,630.9137679,0.470197738,1.535989225,-1.109439461,0.267240647,0.542980312
RNF165,49.15419695,-0.058685705,11.35628349,-0.106725782,0.915006529,1
AC024257.3,23.49525392,0.045747253,1.445842423,0.575228942,0.565136472,0.80617155
LRRC37A,31.11950374,-0.094043047,1.321044002,-1.33961208,0.180371494,0.431293065
FLT3,39.78750769,-0.152041852,1.624911001,1.231815097,0.218018162,0.481506688
AC004834.1,17.25997201,0.014922403,1.670525349,0.737035394,0.461100826,0.725177644
RRS1,96.35762881,2.414009684,2.191765321,4.481470867,7.41304E-06,6.70859E-05
CD22,26.57480225,-0.738608157,1.769272834,2.253458642,0.024230246,0.097936144
TRPV2,55.84065499,0.182291811,1.220279222,3.576213879,0.000348606,0.002325731
AC110597.3,15.57093115,0.450629445,2.049171915,1.371330891,0.17027183,0.415966163
ETNK2,521.0205534,1.68466934,3.965488753,2.972314915,0.002955634,0.015946866
AC023632.2,28.4541198,-0.008465454,1.06642139,0.878065209,0.379908332,0.660227833
SLC9C1,94.26983172,-0.075496698,1.274161362,-1.909277336,0.056226324,0.192414101
GNB4,145.9427,-0.043282825,1.027727912,0.860385999,0.389576301,0.668013256
FAM49A,205.3958735,0.00245725,1.850315006,1.787746667,0.073816889,0.235175537
CYBA,3042.576046,5.317943655,1.499986782,7.712313641,1.23557E-14,2.37441E-13
AL121992.3,21.76091413,-0.137285649,2.441404045,0.186651866,0.851933598,0.991387626
TOX3,678.8700811,-0.170328014,1.064792469,-1.357793086,0.17452935,0.423106312
IFIT2,128.3896052,0.09404264,48.8987214,0.05611322,0.955251612,1
GLRB,40.99908166,-0.767797106,1.486747874,1.800152436,0.071836572,0.23084857
FERMT1,61.37398074,-0.202975567,1.175915904,2.111522949,0.034727387,0.130421895
HCN3,19.74379495,0.176138848,1.645024867,1.155894599,0.247724272,0.518810456
PRDM16-DT,497.4937889,0.963904655,3.08841066,0.708764298,0.478470757,0.740088344
AC008554.1,242.1159694,-0.791243173,2.517814815,-2.603017126,0.009240734,0.043274446
MEF2C-AS1,140.7980261,-0.65461832,1.786429116,-1.419053607,0.155883388,0.393666765
FXYD7,18.17010685,0.43829782,1.711848991,1.870572824,0.061404314,0.205113372
AL021368.2,39.8764662,-0.067360386,30.47241928,-0.100590551,0.919875498,1
MYOZ1,20.31635525,0.259030541,1.609608411,1.149378505,0.250399939,0.522519623
DCXR,4543.766038,5.930990655,4.789076066,6.729226448,1.70567E-11,2.6497E-10
SPOCK3,26.09231402,-0.20688427,5.153285671,1.175796743,0.239676108,0.509379497
ALDH3B1,97.39852167,-0.224240789,2.092770006,1.454005159,0.145944876,0.377967844
HLA-DQA1,851.3359585,5.861529744,2.38945126,4.259934114,2.04487E-05,0.000170943
LINC02006,55.74681535,-0.412998553,2.0159804,-0.983203732,0.325507178,0.606967088
AC119674.1,264.0537906,-0.8127297,2.904420281,-0.56170332,0.574318172,0.81172644
CCNE2,23.22671479,0.021337788,1.446279344,1.515826451,0.129563242,0.349425941
MARCKSL1,474.3251193,6.416257651,3.265179064,5.25778172,1.45803E-07,1.65478E-06
TMTC2,979.9043022,-1.51018723,1.17668954,0.014833524,0.988164994,1
AC069272.1,23.85293952,-0.093999992,1.472021996,0.202405238,0.839599934,0.986204716
NEDD9,1121.273353,0.133431178,0.740235684,1.578900253,0.114358938,0.322216706
AC018557.1,16.00931495,-0.103109274,1.767880266,0.65663872,0.511413246,0.766087513
LINC02642,14.20880783,0.166069494,2.874603296,0.220951308,0.825130346,0.978380025
GAS1RR,16.45933084,0.02023715,1.519491199,0.845744895,0.397695072,0.67450147
SIAH2-AS1,35.65244068,0.028781246,1.838654678,0.032453772,0.974110181,1
ST8SIA5,36.17909647,-0.119924901,1.39130308,-0.074590972,0.940540157,1
AC006355.2,18.8521158,-0.172794687,2.337628565,0.763885811,0.444935294,0.713242071
LINC02774,14.25487963,-0.038335499,32.35682918,-0.129907672,0.896639474,1
SLC7A7,1379.866834,-0.387651812,1112.3092,0.89748346,0.369460995,0.651456247
TNFSF9,24.70567405,0.604267226,3.101810357,1.821546502,0.068523825,0.222257563
MYCBP2-AS1,61.97572691,-0.03365693,31.92275148,-0.072766005,0.941992323,1
AC069287.3,33.13457566,-0.035890375,11.58473157,-0.027240046,0.978268276,1
ALDH2,2525.754718,1.266230199,30.70373315,6.306545324,2.85332E-10,4.13304E-09
FUOM,724.0170774,4.924140664,4.942707688,4.970902807,6.66419E-07,6.87587E-06
ADAM19,89.35356239,0.340962219,1.662667062,-3.306170946,0.000945804,0.005845079
ZNF724,17.68359497,0.061818481,1.069602013,1.675035199,0.093927326,0.281332308
IGHV4-34,29.37350623,0.171054826,54.40287654,0.593088073,0.553122212,0.798557888
BAG2,106.1816739,-0.156587318,1.805414823,1.770460339,0.076650486,0.24172842
CDKL2,193.2359563,1.252770884,3.057271728,0.271524922,0.785987335,0.953442177
AKR1C3,1442.157552,3.767972658,2.239886499,7.31218952,2.62824E-13,4.71276E-12
B3GNT3,34.48020245,0.373990336,1.523545035,1.611484956,0.107074064,0.308426543
POLR3G,22.22391799,0.07906937,1.092917429,1.057212014,0.290414838,0.570044405
MME,1319.778365,-0.393460029,4.119168567,0.48417318,0.628262969,0.849096787
TSKU,166.2035734,-0.064320093,2.960625647,1.06843456,0.285324534,0.564852408
STARD5,14.33434896,-0.095696151,1.429235546,1.673492035,0.094230473,0.282031396
ABHD3,561.7541336,0.202076986,0.215131645,1.845585371,0.064952432,0.21349101
LINC02596,14.95425378,0.119609344,1.74447499,0.934074827,0.350265296,0.633841551
TTC30A,40.17979293,0.349754181,1.589232236,2.21333785,0.026874362,0.10634002
ARL4A,316.0075955,4.237109856,2.739927922,6.580390303,4.69215E-11,7.16221E-10
DENND1C,59.91508541,0.05296196,1.976867669,1.832851958,0.06682459,0.218094253
TMEM115,185.0945395,4.428787216,2.485406555,3.133091182,0.001729757,0.010035808
LMNTD2,29.85655434,0.640947084,1.143856384,4.202352463,2.64155E-05,0.000217247
AC008608.2,51.08822705,3.149740087,1.436155254,7.393992249,1.42485E-13,2.60825E-12
RAMP1,69.51893678,-0.255048147,2.680321437,1.633521068,0.102359454,0.298076015
TSPAN2,92.90537532,-0.022270517,1.142433177,0.363763141,0.716034889,0.909252149
AC073569.2,72.26752672,-0.080696838,1.478187515,0.590836529,0.554629957,0.798956463
GC,47.12224674,0.090258982,9.927447795,0.080987913,0.935451565,1
AC021744.1,23.88523783,0.084522141,7.035006467,0.203870803,0.838454462,0.985449585
LINC00707,13.29148304,-0.086969636,1.984250973,0.996181593,0.319161921,0.600069198
COL4A6,127.2718052,0.251059309,1.241772722,-2.758676308,0.005803599,0.028874326
CARD8,278.4507342,-0.100079048,0.387139519,-1.747454731,0.080558491,0.251097823
KIF7,19.30947989,-1.188377323,6.111192919,1.317394504,0.187706422,0.443152547
IL1RN,73.56334376,0.380889937,2.360862005,1.144457688,0.252433876,0.524731528
PCDHB14,18.39178154,0.145082134,1.824125071,0.805488791,0.420537672,0.694245264
CEP128,181.829765,-0.952333675,1.020887446,-0.086529447,0.931045549,1
AL121658.1,14.84332707,0.475842176,1.650916636,2.056528386,0.039731613,0.145150727
PKM,2578.390785,4.18102245,0.345945492,131.5153541,0,0
AC009570.2,35.46055901,-0.015734765,1.89956067,0.854546391,0.392802316,0.671159041
PRR16,53.18595773,-0.033363985,2.174714584,1.253135804,0.210156288,0.47183184
CD52,1111.570541,8.776993962,6.147086343,5.406901715,6.41243E-08,7.58097E-07
ACOT6,21.34956308,-0.030341716,1.332452488,1.574239457,0.115432101,0.324373281
CXorf21,27.52155502,0.118877642,2.663922715,1.03730375,0.299594319,0.579660328
CES2,641.646855,1.714813214,2.011183418,4.231745708,2.31884E-05,0.000192678
CCL8,52.33775002,1.059545099,6.407211952,1.11315089,0.26564363,0.540874652
THBS1,576.1748216,0.849748519,1.784957917,2.960432742,0.003072072,0.016547335
KLRD1,413.3820828,-0.952821311,51.48872358,1.781725134,0.074794066,0.237727767
WDR18,395.6764822,2.627395334,2.282353142,4.504223475,6.66161E-06,6.1088E-05
SEMA6D,354.6529164,-0.244334402,1.095305565,-0.861816613,0.388788442,0.66725531
RHBDF2,148.1472297,0.094577055,0.893881476,1.635245601,0.101997572,0.297631754
C21orf62,131.4267327,0.461509724,1.630940702,0.6208633,0.53468957,0.785345658
SNHG29,6343.336385,6.716258075,1.522521843,19.0274679,1.01017E-80,1.47654E-78
ACOX2,215.763112,-0.108274337,2.769995848,-0.700998478,0.483303965,0.743901796
LILRA1,24.47723285,0.324269359,3.223431859,0.655962244,0.511848418,0.766586896
ABCC4,739.9830426,-1.253010701,4.094545529,21.18602764,1.2849E-99,2.38376E-97
LINC00265,48.60578468,-0.381263865,1.055729279,23.016758,3.1676E-117,7.6396E-115
ZBTB8A,134.2869741,-0.300638035,2.019654319,0.03111861,0.975174948,1
VIPR1,36.22981939,0.177540476,1.577404031,1.788520376,0.073692091,0.234855502
ARNTL,152.1034963,-0.243459529,1.49755965,0.830082331,0.406492236,0.683526617
NPIPB15,38.92480569,-0.136035403,21.61064204,-0.124317582,0.901063827,1
CACNA1D,424.7993335,-1.888738478,1.337508352,-5.580205795,2.40234E-08,2.9636E-07
PDGFB,139.3622921,0.427592799,1.736575929,-1.065794743,0.286516438,0.565934495
AC007344.1,30.95118509,-0.022027499,1.902380759,0.513527192,0.607582595,0.835024247
PRR11,25.65015243,0.720126448,0.466642301,0,1,1
AC007032.1,17.51878107,0.525212389,2.058723715,2.066978642,0.038736167,0.142574513
CUBN,2847.680636,-1.3182475,11.34308984,-1.636024096,0.101834544,0.297335911
CPT1B,79.70506191,-0.028358495,26.28438018,-0.049294126,0.9606849,1
AL157931.1,43.70688449,0.056034152,2.299183004,0.397130325,0.691271358,0.892419849
FBXL16,32.73109315,0.47741133,1.879494505,1.505388746,0.132224161,0.354225626
SOCS1,248.9192007,4.282466561,2.037838865,1.622144884,0.10477233,0.303655704
BSND,152.8664808,2.812962201,2.094408662,2.74442806,0.006061644,0.030003427
PILRA,186.851896,0.061250725,1.372356378,-0.391746718,0.695245368,0.894509477
APCDD1L,57.82306797,0.300587009,1.10075568,2.990640002,0.002783935,0.015156106
C22orf23,20.23928675,-0.202237098,1.346404864,1.076964195,0.281496262,0.560031849
MIR3945HG,17.9686429,0.495285457,2.944258358,0.788311223,0.430514684,0.702194248
SLC9A3-AS1,74.85640178,0.30998442,1.559821801,1.188084684,0.234800048,0.504549637
KCNA3,13.30876601,0.603709534,4.185260108,1.162379397,0.245081389,0.515884826
SYCE2,16.58008087,-0.047683375,1.596397086,1.183495631,0.236612777,0.506345044
PTGIR,25.26358824,0.075198813,6.606640397,-0.118369409,0.905774964,1
CCN4,27.4241236,0.059784341,1.792281826,0.478008947,0.632643837,0.851214128
C2orf73,21.23415887,0.172494968,0.915451837,2.205380003,0.02742744,0.108085177
TRIM29,29.25764091,0.039306044,1.737168087,0.625943849,0.531351772,0.782339517
AC105339.3,17.59993097,0.083057717,1.670014765,0.855635878,0.392199218,0.670247273
IL12A-AS1,19.65937628,0.287998123,1.989887303,0.976907235,0.32861508,0.60976143
CXADR,307.6585956,0.638561754,2.046979065,0.693009112,0.488303833,0.747231418
GIMAP8,125.3211552,1.268079208,6.765135856,2.364979554,0.018031066,0.076560606
AC104123.1,190.7927709,-0.093403859,38.66263106,-0.077336828,0.938355594,1
KIF17,25.93770681,0.051345722,1.46303525,1.60575951,0.10832676,0.310742865
ZSCAN16,39.16580628,0.22719227,1.242502978,3.133414361,0.001727853,0.010035281
AC087623.2,24.72841711,0.508102314,1.922757025,0.535241696,0.592482737,0.824535627
FRMD6,96.47887583,-0.438518704,2.070171808,0.606357526,0.544277367,0.792085285
LYPD6B,264.0765264,0.704305042,1.516270974,22.30391675,3.3853E-110,7.595E-108
PLET1,16.10643684,0.20107434,0.961146207,2.323547169,0.020149777,0.084405079
AL445426.1,41.8779097,-0.068210041,25.93643739,-0.089104069,0.928999204,1
IGHV1-2,17.33695688,0.134226135,16.33632841,0.116100498,0.907572894,1
TST,892.9867827,3.901694559,2.287792698,6.799200383,1.05201E-11,1.66373E-10
LINC00892,24.70889869,0.798206421,3.394676051,1.771413141,0.076492025,0.241386511
AC011466.1,17.75754605,0.190036629,1.33708353,1.614015104,0.10652415,0.307487993
AC022509.2,18.50496123,-0.035956171,1.485282722,0.501190994,0.616236712,0.840936619
AC241644.2,12.87210832,0.022373639,1.933004767,0.699952989,0.483956664,0.744357848
AC022784.1,88.14654701,0.247492414,1.241502349,0.157302438,0.875006499,1
DNAH5,102.2130736,0.21071712,1.341264447,-1.230106073,0.218657386,0.482697438
AC040970.1,29.77941357,0.343666743,1.73591011,1.600247357,0.10954372,0.313209327
HDHD5-AS1,52.07480021,0.282873405,1.149054805,1.471634768,0.141119531,0.370645282
KIF26B,505.1613949,0.295611382,1.176210442,-1.514403314,0.129923579,0.350010377
PLXNC1,118.3979329,-0.505358349,1.915772122,0.861594248,0.388910838,0.667346647
FOLH1,132.7301469,0.067199129,19.31230097,0.065806829,0.947531619,1
AC008937.2,26.76355925,-0.012590394,1.526515274,0.81584072,0.414591241,0.690174581
PTPRD-AS1,31.87909718,0.196357553,4.829001967,0.420639406,0.674018414,0.88126861
PTGER3,1979.384693,-0.925605586,2.210748027,0.031266889,0.975056696,1
DHX58,50.30270006,0.044946348,33.99694178,-0.010161084,0.991892767,1
CYB5R2,15.32316966,0.121516812,1.58518548,0.968774689,0.332657618,0.61387992
ADSSL1,118.6311438,0.563281951,1.569377528,2.157324711,0.030980373,0.119308446
AP001042.1,53.20970665,0.472650712,1.87181174,1.142001325,0.253453469,0.525927881
AL031123.1,84.74799323,0.265891368,1.664014966,0.410429248,0.681491094,0.885514096
RNF32,34.93842097,0.009096722,8.965222521,-0.051018011,0.959311169,1
GDF11,38.66009884,0.030502294,1.59899353,0.849176371,0.395783159,0.673152351
AL138963.4,118.8512841,2.399153291,5.260403354,0.738494968,0.460213724,0.724673579
BMP8A,13.352713,0.072602287,2.475423668,0.477253326,0.633181742,0.851331605
LINC02352,38.19824812,0.21299459,1.751702035,0.450081575,0.652651621,0.865923558
AC011405.1,23.1230548,0.042893469,1.361694712,0.929792533,0.352478513,0.635700172
INKA2,79.80464482,-0.348131809,1.488260333,1.583089701,0.113401021,0.321003418
TTC8,168.1785261,0.123089544,0.718882043,-1.964214268,0.049505249,0.172847316
RAMP2-AS1,13.55740474,0.778527801,0.549318533,0,1,1
CLEC4A,42.70819678,0.273783467,1.484316918,1.749148804,0.080265301,0.250426701
KL,968.9115792,0.692338198,2.528371477,1.450968908,0.146788518,0.379744927
DARS-AS1,20.10261118,-0.132827552,1.476588192,1.157360366,0.24712516,0.518134721
DMPK,191.4417682,-0.168005371,1.693280064,0.312751051,0.754469806,0.934922315
SPATC1,27.5831233,-0.167740043,2.165392522,0.315436622,0.752430165,0.933954426
DNAJB1,2838.252474,5.627620213,8.011251299,4.741949659,2.11671E-06,2.07942E-05
INHBA,52.03310906,-0.243764816,3.886073849,0.012108097,0.990339372,1
HFE,38.69184971,0.357051614,1.037584156,2.767832901,0.005643038,0.02817722
ACP5,473.9255897,0.730496634,2.676598594,3.062656477,0.002193817,0.012311668
TBX2,374.0868449,1.080621285,3.638455191,1.468971289,0.141840577,0.371426722
PDE1A,2081.211544,-0.228588359,0.646807326,-5.361205924,8.26682E-08,9.65497E-07
MYL3,188.1567569,0.024242188,24.17925289,-0.027881522,0.977756646,1
AL592295.4,48.37287355,-0.55911099,1.424271048,0.59232746,0.553631331,0.798696195
FXYD4,3159.838257,7.032162668,3.150046177,4.541421315,5.58762E-06,5.19772E-05
TSBP1-AS1,76.54657179,0.390289868,1.107141087,-0.886714515,0.375232621,0.657009296
ADCY6-DT,18.3197855,0.889832564,3.279247321,2.166452407,0.030276633,0.117018701
CDH2,326.5428113,0.135426318,0.925615206,-1.900012295,0.057431506,0.1952226
AMDHD1,92.51334729,0.82037722,2.246163645,2.526580995,0.011517883,0.052313095
AC087741.1,41.39130417,0.314537108,1.261971845,-0.417209281,0.676525337,0.88278218
LINC02853,44.17867804,-0.092927976,36.08853436,-0.118042282,0.906034156,1
IL3RA,195.3102357,-0.089792958,0.610895553,-2.849134788,0.00438383,0.022558141
IDH1-AS1,25.10058492,0.833735526,3.129633268,0.220462465,0.825511002,0.978380231
ENDOG,326.9354149,3.843678173,2.213040944,4.594172039,4.34471E-06,4.10513E-05
AC026979.4,22.68173581,-0.314583347,1.418302418,0.352403159,0.724535933,0.914736116
CDK14,1026.715281,-1.77232025,0.570750414,-59.49447715,0,0
AP000688.2,37.5462363,0.221372628,1.340429592,2.2549103,0.02413896,0.097720749
SIGLEC1,13.01698912,0.104151083,2.372506441,0.518049297,0.604423875,0.83250996
RP1,405.0539807,0.049679153,1.355681197,-0.261233592,0.793912375,0.958654922
LINC00970,360.0343482,-0.005781468,1.367158743,-1.242005535,0.21423452,0.476649473
SERPINA5,688.9482073,2.972951797,2.425092288,2.775016152,0.005519897,0.027590903
LAIR1,73.19753198,0.473159735,1.605111104,0.00701948,0.994399311,1
C1orf115,252.256598,3.623827634,2.340168653,5.180472346,2.21325E-07,2.43735E-06
GRTP1,202.7268056,-0.315230179,1.653108071,0.116765866,0.907045593,1
RIMBP2,126.04025,-0.342464886,1.206492752,-2.684199836,0.007270364,0.035174121
SLC16A1,170.8637594,-0.593891715,2.255244183,2.644200858,0.008188405,0.03902843
CLSTN3,188.5210598,0.152596443,1.06548455,0.699097266,0.484491247,0.744723878
SYDE1,51.8812132,0.057722699,34.01326667,-0.008292918,0.993383284,1
AL035427.1,15.18277119,0.022369179,1.8423757,0.63301068,0.526726668,0.777982825
AL591506.1,28.12808922,0.058113432,2.151643168,0.215322361,0.829515997,0.980558855
HES6,38.37217981,0.522911599,1.793390053,2.722924218,0.00647069,0.031799666
EGR1,1786.408551,3.602467366,1.850617399,7.947613244,1.90139E-15,3.8214E-14
TESPA1,55.68764033,0.323496814,2.141995028,-0.52850583,0.597148302,0.827804234
RBKS,937.8928029,1.13987656,4.927873849,4.292706569,1.76508E-05,0.000149235
THY1,856.5477064,4.420898818,1.59794612,8.018106552,1.07388E-15,2.19485E-14
SHROOM3,1130.699936,-0.256603745,0.611149528,-2.989475941,0.002794565,0.015196823
KRTAP5-8,35.55053979,0.126607416,4.285595884,-0.071270795,0.943182238,1
S100P,1024.336917,3.348069556,27.9760693,0.264466856,0.791420201,0.957225511
AL031275.1,18.76828624,0.117455856,1.792249524,1.049044116,0.294157815,0.574092745
KCNB1,39.32345428,-0.601556772,1.81826012,1.547038202,0.121854034,0.336537608
CD5,47.6642323,0.245472902,2.524831027,1.178494802,0.238599403,0.508228846
C12orf75,2147.53849,1.906289478,1.514863894,5.827983434,5.61011E-09,7.4138E-08
TNR,59.52003622,-0.192051255,4.441362008,0.362045288,0.717318188,0.909923545
LRRIQ1,169.2278903,-0.137501233,0.942089108,-2.238921709,0.025161011,0.101052569
ADAMTSL2,73.49991672,-0.03171167,1.76760425,-0.158284844,0.87423235,1
PM20D1,23.413604,-0.024044171,1.835950019,1.181452732,0.23742292,0.50710148
KIAA1324L,89.05344039,-0.039888827,41.06029653,-0.060338588,0.95188597,1
AC003044.1,343.4073352,-4.473276922,5.370102426,-2.698166908,0.006972247,0.03393606
SPTBN1,1900.152335,0.063252845,0.437619492,1.436155849,0.150957999,0.386181866
AL354740.1,75.52727205,-0.118526217,1.235204921,0.981816876,0.326190073,0.607672673
TFCP2L1,1461.057097,-0.683413658,0.823872902,-1.887809604,0.059051515,0.198999642
CACNA2D3,1040.841083,-1.878362571,1.30862876,-2.072653249,0.038204562,0.140940499
IFITM10,93.30279384,0.086240739,1.234177009,0.876289879,0.380872466,0.660858517
NAV1,248.6936613,-0.39293355,1.110997209,-1.07224139,0.283611624,0.562722806
CATSPERD,22.62833876,-0.123138481,2.609117373,0.7425378,0.457761559,0.722753806
AL512422.1,14.10608134,-0.165684236,1.942067952,0.779424173,0.435729889,0.707106451
GMFG,580.0651219,4.790727857,4.979616592,7.174252293,7.27034E-13,1.25694E-11
RGPD2,38.81955875,0.220632499,1.503082705,0.849207405,0.395765894,0.673152351
S100A8,1037.231649,8.21911115,9.76708829,-0.44210332,0.658414442,0.870203481
F8,235.5155009,0.034286258,48.15289678,0.019487591,0.984452136,1
ANO5,119.6184191,-0.180606826,1.314753835,-0.728864426,0.466084597,0.730633427
AL807742.1,14.15008349,-0.206001781,2.836081234,1.157583227,0.247034157,0.518134721
NLRC5,175.4632778,0.569204904,0.671180701,0.498515276,0.618120905,0.842590415
BCL2L15,12.86021548,0.142087294,1.729662981,0.759380019,0.447625263,0.71565146
GLS2,27.4597811,0.106663739,1.471334487,0.125044437,0.900488371,1
GRM8,124.1021442,-0.121274537,26.07319106,-0.002747162,0.997808084,1
NDST1-AS1,13.92820606,0.003926218,1.62581589,0.944504553,0.344911876,0.628381582
NUCB1-AS1,32.21644654,-0.362696188,1.685742516,1.308058272,0.190853545,0.446342825
WDPCP,662.4732572,-1.299069147,1.315088993,-6.013871285,1.81144E-09,2.48932E-08
AP001107.9,32.9288374,0.079232233,1.668281697,0.76810837,0.442422805,0.711545991
AC145124.1,52.48565119,-0.014429105,1.66783884,0.140187867,0.888511558,1
STK17A,581.4352402,0.950920814,2.936564518,3.121021286,0.00180225,0.010398509
IFIT3,183.8805044,2.205740067,1.908501594,4.009391733,6.08754E-05,0.000469061
AC009779.2,42.85582375,0.434927173,1.705494545,1.893847397,0.058245268,0.197363852
AL513218.2,16.31690327,0.29172461,2.096724421,0.910172798,0.362731388,0.646359222
WFDC3,19.66181236,0.18462853,1.45299224,1.471168374,0.141245588,0.370875391
ASH1L-AS1,39.31977563,0.146692691,5.985226721,0.092956986,0.925937734,1
UMOD,18612.77273,1.76581309,1.886081839,3.971424655,7.14441E-05,0.000543979
TNFAIP3,757.3841536,3.654940283,3.440004621,5.637741651,1.72295E-08,2.16141E-07
AL031666.1,19.33521639,0.592040309,2.406009434,1.90211941,0.057155546,0.194558768
ACOT2,423.3998758,2.763668846,2.49627353,3.471984982,0.000516625,0.003347135
PDCD2L,41.20076777,0.115124716,1.205331471,2.58498114,0.009738432,0.045123275
RTN4RL1,32.41031821,-0.116786823,5.845399801,0.093861226,0.925219395,1
ACO1,902.9724993,0.522165002,1.481090828,1.986771305,0.046947746,0.16608174
C1orf112,56.32338168,-0.174118344,1.355103358,-0.031871589,0.974574456,1
MIR2052HG,40.1307962,-0.302984274,2.173985754,-0.792379031,0.428139703,0.700638458
GDPD5,31.11097552,0.029256952,1.691033554,1.127210175,0.259653629,0.533293286
SERTAD2,282.8888348,0.289002272,0.305977998,6.687805832,2.26541E-11,3.50794E-10
HIST1H1D,54.13804792,0.748264386,2.497172949,2.298386372,0.021539808,0.089067523
OSBPL10,693.2508999,-1.536686675,2.014447146,-2.783790906,0.005372766,0.026959598
SUSD3,208.1854222,0.256908842,1.998689934,2.41768034,0.015619792,0.067723205
CYP26B1,39.0141216,0.435335691,1.976134293,1.426961704,0.153590933,0.390329751
NQO1,409.7259599,2.172949,3.422522535,3.458910913,0.000542364,0.003499135
U91328.1,16.05483472,0.215481541,1.767067948,1.241425664,0.214448543,0.476898363
NKD1,48.50377972,-0.31546173,1.981500988,-0.453082167,0.650489576,0.864600846
MYORG,72.67206258,0.433091876,1.82411778,2.001619844,0.045325633,0.16188685
RGS10,283.3369486,1.931728306,181.1558649,5.78375883,7.30496E-09,9.53184E-08
TBC1D8,772.6646498,-0.488441457,1.130146739,-1.099280567,0.271645706,0.548465075
MYOSLID,16.80384622,0.263383058,1.501592708,1.505504907,0.132194316,0.354225626
AC011921.1,37.32996647,-0.139736517,9.330724948,-0.528124656,0.597412819,0.827981596
C3orf35,54.84574422,-0.196647815,13.57214621,-0.22046213,0.825511263,0.978380231
RADIL,19.59948798,-1.859818473,2.170523722,0,1,1
IL2RG,260.096996,5.795758141,3.898027604,3.720911743,0.000198505,0.001389678
KMO,259.3160203,0.149189345,1.664393316,1.585116587,0.112939848,0.319979651
MANBA,381.5815838,-0.080492681,0.99753945,-0.101795138,0.918919285,1
EGFLAM,45.3182826,0.045108532,8.837044328,0.115801321,0.907810003,1
PLIN5,198.5728444,-0.062526099,77.77955096,-0.035439466,0.971729316,1
CFH,192.0388755,-0.288936259,1.026896003,0.790390891,0.42929952,0.700990601
AP001363.2,32.8672279,0.60503661,2.005226955,2.267497159,0.023359872,0.095045419
AC010542.2,14.48675226,0.296623855,1.848755494,1.530754179,0.125830158,0.34406482
ANKRD55,32.33501568,-0.127646271,1.561720992,1.342792967,0.179339021,0.429683084
FCHO1,30.29660989,0.199441929,1.23156918,2.532580568,0.011322635,0.051571981
PRR22,15.3993188,-0.022784101,1.531183132,1.118991868,0.263143608,0.538154877
TRNP1,82.02174104,0.604304353,1.935663289,-0.993114232,0.320654289,0.601395929
A2M-AS1,21.08557029,0.160766339,1.770948207,1.333480649,0.182374122,0.434625284
CAPS,324.3759559,3.190136514,59.34031426,3.597462744,0.000321337,0.002164758
C1QB,524.0429511,6.809312082,4.42380681,2.692430646,0.007093329,0.034455862
PDLIM3,99.37761152,-0.25024619,2.470250126,-1.171121647,0.241549884,0.511689005
ARVCF,49.68001888,-0.20910711,1.539094204,0.190167897,0.849177566,0.989702716
AC133919.2,30.19752309,0.326239695,1.245607,1.834340764,0.066603427,0.21765693
FO393418.1,23.08940601,0.030301543,1.292469327,1.536995687,0.124294365,0.341323013
AC009505.1,40.56584839,0.002971182,1.683942461,1.658088937,0.097299517,0.287664246
PCP4,632.5498951,2.073835822,2.131185651,3.436694698,0.000588859,0.003779589
NRXN3,396.3961994,-1.206520764,8.489673103,-1.393062832,0.163600791,0.406778623
ARHGAP22,47.47437458,-0.005075046,1.965943913,0.641210632,0.521385843,0.77310317
MMRN2,165.6660945,2.241250034,2.088580283,4.705508835,2.53234E-06,2.46513E-05
AC026803.3,329.4420346,-0.421059371,5.475847019,0.929929156,0.352407766,0.635700172
NCAPH2,96.50397247,0.340086343,1.324414493,2.287141957,0.022187539,0.091293
SCX,20.35981045,0.123178394,1.511179245,1.689579004,0.091108526,0.274921472
TMCO1-AS1,16.21134713,0.233753758,1.246600702,-0.29177793,0.770456421,0.944011905
ARMC4,16.80232916,-0.0585993,2.297105405,0.510195479,0.609914519,0.836598611
A4GALT,282.1070419,0.031664593,1.453412116,1.2968687,0.194676368,0.451830417
KLHDC8B,98.11897401,0.100510643,29.42493947,0.033047212,0.973636938,1
PAMR1,31.43767099,-0.208169073,3.484164476,0.315241149,0.752578565,0.93401845
AC005237.1,80.87164616,-0.142872153,1.420433018,0.311727464,0.755247654,0.935467544
AC108734.4,16.36227192,0.05246094,1.46810518,0.955887458,0.339129096,0.62103261
PLAAT3,1510.504345,1.997418924,3.593967777,6.016815638,1.77881E-09,2.44796E-08
SNHG31,237.4243215,-0.256986462,1.02518138,1.17830607,0.238674609,0.50827681
CRLF3,274.5893921,-0.313734968,0.78590453,0.313024697,0.754261899,0.934904862
IGHD,54.82780258,0.361257758,3.516132088,0.715284702,0.474433139,0.736539507
RASGEF1B,522.4603526,-0.5121399,1.61898367,-1.895960851,0.057965221,0.196828754
AP002989.1,63.6419333,-0.789236283,2.937535087,0.915702576,0.359822914,0.644487866
MMP19,41.52989833,0.017825913,3.232771802,0.062665169,0.950033134,1
WNT5B,81.13070626,-0.870271698,2.144911817,1.416485619,0.156633372,0.394940443
ITM2A,352.6833723,6.809710809,3.501981985,7.950899076,1.85163E-15,3.73696E-14
AC092957.1,14.71242956,-0.194315294,1.494003956,1.2479878,0.212035525,0.473387343
GEMIN7-AS1,74.0220638,-0.764253585,0.523529929,17.08473301,1.92824E-65,1.9789E-63
DIRAS1,24.85640338,0.029657498,1.462035025,0.979871147,0.327149727,0.608458246
ARHGAP28,166.2115751,-0.875520094,2.899779186,-2.445208512,0.014476842,0.063578227
STBD1,59.42485048,0.365117207,1.655596212,1.331611176,0.182987991,0.435120815
AC004039.1,17.82082719,0.10610032,1.668411792,0.756008513,0.449644092,0.717333645
SCN7A,239.3473908,-0.108430878,207.5874095,-0.187302853,0.851423187,0.991032756
PALM3,104.8962346,1.366040683,5.841958308,0.274214224,0.783919998,0.952093192
EPB41L3,789.3958445,-0.775775173,1.663796516,-0.105876126,0.915680636,1
MARCH1,248.0405325,1.507631444,1.629769744,0.842831302,0.399322799,0.676123764
A1CF,299.3060692,-0.825366375,3.696538079,0.879982597,0.378868737,0.659618608
UQCRH,4955.82059,4.186823463,1.784766332,8.225397767,1.94544E-16,4.17988E-15
AL445524.1,112.3941629,0.614469293,2.00933382,3.880340438,0.00010431,0.000764652
GMIP,49.97242437,0.140939311,1.562877343,2.123006468,0.03375331,0.127593331
SLC6A6,300.9026641,-0.195068302,1.013638652,0.630618002,0.528290325,0.779861324
LINC02610,13.51787018,0.327057287,1.678140639,1.382055336,0.166954711,0.411290117
NPR1,144.7630799,2.384562676,1.238563898,2.627819312,0.008593415,0.040617674
PRICKLE2,557.91079,-2.521816749,2.079912229,-1.841720132,0.065516098,0.214831338
NLRP1,212.8930985,0.056033976,43.30933485,1.559767357,0.118814868,0.33079568
ZNF687,51.65371024,0.154885554,1.396796111,1.121458931,0.262092563,0.53647506
AC002429.2,63.56879732,0.280761729,1.288360268,-0.749459953,0.453580027,0.719966184
IL4R,260.6305237,-1.386602065,0.636364731,0,1,1
OSM,50.56732713,1.18657733,22.05979304,0.582335361,0.560340811,0.802137974
IRAK2,159.8002765,-0.194917569,1.824457093,0.415786322,0.677566369,0.883308481
LINC02362,15.75991373,0.114233225,1.65136761,1.164172753,0.24435401,0.515027995
ARPC1B,1061.200273,3.146061708,1.821266047,3.617457068,0.000297512,0.002016933
PHLDB3,139.4144707,0.642553752,1.338620646,1.168388392,0.242650135,0.513195633
KALRN,559.6269466,-0.952923006,3.002753205,-0.847927121,0.396478559,0.673333294
AC244153.1,24.97236025,0.216687229,2.281298037,0.645343762,0.518704439,0.771023378
AC129507.2,65.06412871,0.49224581,1.51719653,0.66767254,0.504342642,0.760812114
TTYH2,39.0885296,-0.321768306,1.407781606,2.54577983,0.010903393,0.049969138
BICRA-AS1,14.20004428,-0.29499952,1.459512703,0.631814722,0.527507953,0.778948296
SHOC1,230.7313396,-1.157104539,28.00023493,-0.601923312,0.547225186,0.794279515
STAM-AS1,13.05131449,0.37342836,0.713795931,6.17710431,6.52879E-10,9.26225E-09
KIFC2,85.4824026,0.240376279,1.394541384,-1.392970993,0.163628562,0.406778623
HIST2H2AA3,13.60500427,0.150709379,52.17090694,0,1,1
NEFL,37.99234208,0.712952924,2.919404179,4.372884993,1.22615E-05,0.00010773
CSMD1,130.2143198,-0.05756651,2.639444375,-0.762538306,0.44573879,0.714055481
LEF1-AS1,38.81264001,-0.225324948,2.20480974,1.085697402,0.277612891,0.555269393
OSGEPL1-AS1,15.59450795,0.564332484,0.994512196,5.570570766,2.53906E-08,3.11633E-07
MFSD13A,25.7320916,0.171362828,1.134199721,2.389271843,0.016881806,0.072381681
MCU,772.4722407,0.378970868,1.093233485,0.597195438,0.550376905,0.79650255
HAAO,355.2606791,-0.084975888,1.88859083,1.772788049,0.076263834,0.240876527
PLPP3,1554.345606,0.583519838,0.920704826,1.478084474,0.139385169,0.36729001
PDXP,74.3199926,0.395301145,1.995142731,2.021669211,0.043210537,0.155774308
SH3BGRL3,2605.583915,8.59439342,3.00467912,11.67956536,1.62122E-31,6.59913E-30
EEF1A1,41258.22439,8.744463572,4.07959933,9.242918458,2.39864E-20,6.20366E-19
YDJC,183.5440962,4.098233241,1.914860211,5.632318399,1.77803E-08,2.22762E-07
ATP6V1G3,694.6002553,0.443819715,1.504400921,4.251852393,2.1201E-05,0.000176925
PHKG1,110.1962775,0.343889723,1.232197261,3.62036089,0.000294192,0.001997237
PRELP,43.86105352,0.191967517,2.232973847,7.366333187,1.75385E-13,3.18633E-12
ROM1,21.68094232,0.365004627,2.254038282,1.311720744,0.189614375,0.444896074
SDS,55.99365788,0.136100336,2.491181904,0.021601535,0.982765809,1
CHCHD4,159.822243,1.030584717,3.550298689,3.223958719,0.001264316,0.007589831
TMEM171,87.39497173,0.935905953,2.995848687,-2.002800153,0.045198743,0.161628948
SLC25A6,4987.305849,6.59703694,3.623556609,8.96181475,3.19378E-19,7.98197E-18
C16orf89,199.2097868,0.596481102,7.229135849,2.5345296,0.011259841,0.051310198
LINC02109,15.86573406,-0.025571513,1.754543852,1.368671333,0.171102035,0.417350526
NUDT7,186.3119325,1.244633638,5.369474391,1.530464144,0.125901882,0.34406482
SHISA3,119.2823439,3.436241969,2.278220648,3.029810332,0.002447074,0.013505102
VGLL3,66.52458382,0.659866653,2.253711834,0.823703591,0.410107999,0.686277712
CORO1A,608.9179088,6.602088481,5.520424808,3.130050895,0.00174776,0.010126512
AL135999.1,35.10961923,0.061774606,1.389373525,0.343387011,0.73130733,0.918421641
ATXN1,1576.79474,-0.98276192,1.043459511,-8.541082615,1.3297E-17,3.03254E-16
RECK,148.5469328,-0.291152478,1.09795483,-0.31094803,0.75584013,0.935658891
BYSL,40.1430503,1.974323682,1.634096583,6.344115082,2.23708E-10,3.25506E-09
SLC37A2,21.62000271,0.202408501,1.982890735,1.440090811,0.149841709,0.384652199
NCAM2,44.83256753,0.436757711,1.706292131,0.283640903,0.776685588,0.947601602
PLEKHG5,34.78292572,0.406378223,1.706762305,0.048936766,0.960969689,1
AC007923.4,23.18423203,0.082894571,1.412822429,0.743705442,0.457054696,0.722238912
CTTNBP2,367.3987669,-0.575437803,1.724168213,-1.499207273,0.133819869,0.357309791
LRCH1,947.5838275,-1.085464049,3.147280585,-18.62039951,2.1957E-77,2.98337E-75
CCDC183-AS1,19.88817809,0.271593832,1.853392083,1.23414036,0.217150607,0.480250321
AGTR1,48.04218124,0.038899244,2.328593408,0.127984561,0.898161191,1
AC132872.1,20.46271085,0.120837531,1.333484408,1.131624972,0.257792137,0.5312798
SLC35E4,50.99201051,0.193903897,0.954261355,2.657018872,0.007883503,0.037761744
LINC01625,27.76344584,0.183185382,1.740326638,1.334592091,0.182009888,0.433971673
MARCO,32.16495247,0.332457919,2.541617268,0.961594297,0.336253437,0.617948632
FRG1-DT,105.5861387,-0.096888107,1.404099727,-1.246788088,0.212475209,0.473820699
LILRA5,65.97351243,0.766995902,3.418346674,2.12342029,0.033718648,0.12751227
WDR90,46.51882444,-0.02161391,0.871733359,0.565722409,0.571582499,0.810329453
SLC23A1,35.54145746,-0.264461616,2.06703932,1.637477118,0.101530816,0.296628645
AC068733.3,19.66476419,-0.222084897,2.525856579,0.56223928,0.573953002,0.81150881
TKTL1,28.64201608,0.198778796,4.910536879,0.401882606,0.687770424,0.889996148
SPATA4,23.89398749,0.249357259,2.186320711,1.155451956,0.247905396,0.518810456
AC010969.2,32.60786857,0.114778159,1.902767576,1.250109494,0.211259552,0.472748991
ADGRE1,18.72010997,0.05515682,1.76106947,1.51349467,0.130154054,0.35033375
RNF208,66.71679816,3.160831424,1.397685824,8.908609304,5.16767E-19,1.275E-17
LINC00299,82.38329945,-0.430334771,2.090868647,0.332175747,0.739756556,0.924647771
AC026462.3,157.8360785,0.965254972,5.165739796,1.728666669,0.08386877,0.258989125
ITGA11,45.42351749,-0.217581771,2.077931649,-0.264667915,0.791265297,0.957158159
LINC01558,33.07803631,-0.020567986,1.534440503,0.897433559,0.369487612,0.651456247
AL356056.2,29.51336356,-0.090252298,1.18436636,-0.130950949,0.89581411,1
GLUL,1168.805642,3.538546986,0.759261205,16.79328078,2.7331E-63,2.66325E-61
AC097518.2,72.45604891,0.144589081,1.811583358,0.059922643,0.952217246,1
PRTFDC1,66.97120436,-0.035209571,48.74556695,-0.097904532,0.922008101,1
INAVA,88.56084808,-0.67074502,2.065993622,-1.022845923,0.306380701,0.586323075
AC079922.2,27.2982401,0.33343975,1.65208056,2.041769452,0.041174406,0.149214685
SLC36A2,439.528848,-0.531524782,12.49480008,0.149697559,0.881003234,1
KIF24,26.72376637,0.193852748,1.332447374,0.383177981,0.701587803,0.898476261
ATOX1,3073.207336,5.092652204,2.171469705,8.117686225,4.75155E-16,9.96483E-15
ERVMER61-1,168.8481242,-0.093534148,62.73944481,-0.10588924,0.915670231,1
CRISPLD1,26.98756882,0.046691655,1.387784201,0.998341337,0.318113869,0.598798926
CAMSAP3,117.3095601,-0.167965956,0.97662398,0.216388103,0.828685239,0.980177354
CHI3L1,82.14720303,0.206262297,2.094054594,0.975900529,0.32911376,0.61030255
CCR5AS,19.91638685,0.286369753,1.299701611,1.582624995,0.113506963,0.321118104
GRN,1111.101342,5.605965036,1.87505847,8.672419815,4.23033E-18,9.88135E-17
WIPF3,82.94818079,-0.459473137,1.938870891,-0.835331869,0.403530879,0.680347315
NCOA3,796.6602539,-0.376760085,0.170091973,0,1,1
LINC01191,27.12472225,-0.182714239,2.151434828,0.782456622,0.433946269,0.705711337
ANKRD35,16.27560998,0.204888121,1.775733787,1.074980461,0.282383476,0.561102656
F2RL3,38.38951077,0.014815607,2.485411467,1.141690981,0.253582491,0.525975121
TUSC1,183.0514571,5.460933898,2.958118967,2.400988889,0.016350833,0.070355257
AC026333.3,68.71512589,-2.03810143,18.92053263,0.487581727,0.625846141,0.847730655
IRF4,36.92462108,0.350883876,2.710339604,1.114850874,0.264914331,0.539959551
ATP5F1E,11375.60079,8.569712273,3.657585874,9.441648613,3.6696E-21,9.80626E-20
LSM11,21.32652176,-0.052093609,1.51559022,1.116373084,0.26426247,0.539330925
LHX4,20.42731936,-0.139286004,2.665142024,0.785391456,0.432224089,0.70374106
LINC01208,22.01511588,0.026051445,1.700567577,-0.692201838,0.488810584,0.747551634
ARHGEF5,115.4279533,0.372073029,2.177795175,0.007478276,0.994033254,1
MST1,270.1468187,1.551013471,1.984275023,1.626658931,0.103809556,0.301369481
CALML3,206.9075997,0.62606668,17.09996597,-0.116902541,0.906937284,1
NRTN,35.33862393,0.108333466,1.683186149,0.896897248,0.369773749,0.651663748
COPZ2,107.6608254,2.301317722,2.148493042,3.196423612,0.001391427,0.008275643
ITGAX,131.4573601,0.114409445,2.052994848,2.06202251,0.039205593,0.1438085
RIN2,962.9747381,-0.989263603,2.007153237,0.724381011,0.468831854,0.732084962
TSPAN33,445.0631753,0.790949346,2.350413726,1.409515329,0.158682844,0.398561298
AP005329.3,31.04853074,0.486703095,1.501521314,2.002605675,0.04521963,0.161628948
DDX41,166.2997508,2.969481232,2.438902716,4.640455728,3.47642E-06,3.32378E-05
EP300-AS1,18.59695581,1.486797621,0.795466649,0,1,1
PLPP4,129.1408246,-0.067269391,22.17369483,-0.01771766,0.985864092,1
SYNGAP1-AS1,36.90920224,0.855506066,0.456870034,0,1,1
AC096536.3,13.73397049,0.126962728,2.09687437,0.605210964,0.545038832,0.792525539
AC092720.1,36.26594896,0.008912021,2.017721816,1.316639093,0.187959628,0.44333292
FILNC1,36.98797583,0.001626723,3.225923656,0.792128325,0.428285856,0.700639927
KIAA2012,17.16805244,-0.091421927,2.647073146,0.823776116,0.410066781,0.686277712
LINC02542,21.40133505,-0.12165235,1.226296922,0.974254664,0.329930109,0.611495823
S1PR3,45.01175367,-0.092731549,1.75709959,0.857980482,0.390903241,0.669187067
IER3-AS1,17.97091265,0.913510018,3.267015637,2.884957074,0.00391467,0.020391374
CYP1B1-AS1,85.58630653,0.336634852,1.189580476,-1.74167777,0.081564844,0.25349744
LINC01146,14.32457013,0.145485302,2.453165954,0.930881463,0.351914884,0.635396386
AC008696.2,31.97137056,-0.111441285,3.615652518,0.507790974,0.61159994,0.837488236
AL080248.1,22.49826087,-0.031531495,5.535945375,0.940353846,0.347036088,0.63000699
MFSD12,309.9442512,0.379249001,1.11724956,1.126476852,0.259963733,0.533702944
MEX3D,43.55509671,0.293205364,1.568176452,-0.827003062,0.408235326,0.685074263
KRT8,1914.433325,3.69706196,1.042237302,10.86891603,1.62115E-27,5.60547E-26
CIDEB,126.749304,2.262409273,3.823058042,7.556553318,4.1389E-14,7.69326E-13
STIM2-AS1,30.18984668,1.135889387,14.51923403,2.218988063,0.026487537,0.105111175
CDK18,183.8206676,0.897992586,1.548236442,1.021097323,0.307208331,0.58755725
PNLIP,18.54295033,-0.260464179,7.72871099,-0.757431253,0.448791538,0.716566033
STEAP4,34.94723991,0.1345479,2.029244941,3.467772608,0.000524791,0.003393204
CGAS,97.0233123,-0.329467703,1.817869712,1.905547228,0.056708974,0.193490312
SAA2,40.23667732,0.167160273,2.145830407,-0.196954671,0.84386301,0.98843449
NOMO2,39.71103014,-0.080904824,1.530208539,0.238036984,0.811852409,0.970172332
LEF1,165.4117215,-1.083897811,7.123744644,0.138486152,0.889856213,1
AL359643.3,28.91518216,0.102463138,1.198827424,1.277047219,0.201585577,0.461265669
AC068338.3,27.16587189,2.837395679,0.490639054,0,1,1
APOH,81.12753042,0.009136225,3.625422679,0.48769778,0.625763924,0.847730655
AC005165.1,36.1657261,0.240940055,1.365001903,1.607247257,0.108000139,0.31001792
RUBCNL,49.2907453,-0.311718461,1.605748401,1.42063872,0.155421816,0.392809604
RIPK4,115.1111637,0.002082959,36.85708946,-0.079235734,0.936845123,1
NTN4,1310.257724,1.935428768,1.109236827,-1.375682679,0.168919897,0.414122044
GPR89B,243.6348925,0.018335909,1.231407082,-0.366385012,0.714077802,0.90811552
FCN1,337.8603799,5.09605647,5.680067612,-0.269956348,0.787193836,0.954507156
TPST1,816.366644,-1.066888097,2.716174076,-0.957291547,0.338420121,0.620337618
CDH1,685.7469824,1.488705063,1.28482714,0.338053859,0.7353226,0.921613242
EGOT,120.3292772,-0.236195378,1.331597436,0.073250534,0.941606754,1
PDE1B,16.71219835,0.607192219,1.407578114,0.523707943,0.60048169,0.830158622
TINAG,866.9609491,-0.850305283,13.15214461,-0.670353301,0.502632597,0.759301074
FN1,454.7279952,0.921159346,2.519548239,2.317010072,0.020503183,0.085514141
PLSCR4,240.1187173,-0.028656298,43.2936888,-0.076259929,0.939212305,1
DOC2A,23.45066378,0.09341124,1.326621069,0.233070918,0.815706337,0.971976165
ALPK2,194.1206734,-1.951482459,4.745273922,-1.251480061,0.210759384,0.472241775
LONRF3,111.2428775,-0.024600525,57.34247621,-0.071961965,0.942632177,1
ANKRD2,68.29894168,0.484301984,1.894173313,1.675032475,0.09392786,0.281332308
SLC9A5,13.11037564,-0.631404145,0.561562967,0,1,1
POF1B,61.74518607,0.213395005,1.751406756,1.030369932,0.302836382,0.583122712
ERMAP,83.61677257,-0.082440387,0.960636158,-0.932699364,0.350975213,0.634650025
AC100793.2,31.98876235,0.047343588,2.217429388,0.646019247,0.518266891,0.770700426
CYP4F12,23.32603026,-0.231795963,1.205970711,1.227653241,0.219577166,0.484063282
PGM5P4-AS1,15.65078978,0.137618531,1.525333618,0.848940313,0.395914505,0.673257048
AC040168.1,17.7925932,-0.148810599,1.034930617,1.611349117,0.107103651,0.308426543
AL442067.3,20.12333836,0.226851523,1.686881596,0.944139159,0.345098541,0.628381582
AC005537.1,25.05927765,0.000121483,1.496991814,0.81799727,0.413358746,0.689242002
LINC01094,14.30816394,0.105984217,2.04998768,0.510504671,0.609697943,0.836546161
IQCN,140.076431,0.550183476,0.847742909,0.17599192,0.86030029,0.995708133
GIPR,23.41431467,0.238583232,1.390657167,1.697106822,0.089676467,0.27179041
AL139260.1,202.8424943,-0.656382606,1.788720761,-0.827911416,0.407720669,0.684644264
DGCR9,53.85148284,-0.513969374,2.07959428,0.741809914,0.458202513,0.722776313
BCL11B,289.7924045,0.155960454,20.17490586,0.225426198,0.821647733,0.976041827
GYG2,18.80019285,-0.08405016,1.331159246,1.072121435,0.283665492,0.562722806
KLHDC9,140.2931101,3.106477216,2.214750522,4.274019984,1.9198E-05,0.000161467
LINC00390,13.88551906,0.159803158,1.710569535,1.04734416,0.294940876,0.575271862
CDC25B,102.5968791,0.454017917,1.399305495,0.600537064,0.548148367,0.795278853
PIP5K1B,314.8350729,-0.061680199,40.26681165,-0.031157334,0.975144066,1
CCDC88B,48.78359597,0.307814484,1.395356476,2.108610531,0.034978213,0.131093559
CLNK,819.2071187,-0.933057974,5.37080446,-0.799286152,0.424124507,0.6970237
HEXIM2,109.3246548,1.980508131,2.233401579,2.846381021,0.004421925,0.022702667
AMOTL1,176.9007008,-0.794129112,2.269373861,-0.057107086,0.954459892,1
SYNE3,47.53551588,-0.195307823,2.533084718,1.069786515,0.284715414,0.563993757
ZCCHC24,61.28987823,-0.044214632,1.198047252,0.59813541,0.549749585,0.796236643
AC012306.2,22.40795755,0.518181973,1.610071922,2.112189474,0.034670201,0.130314455
VAMP5,721.8224386,4.777235077,2.618852567,14.69763022,6.67553E-49,4.77028E-47
MAK,101.6817538,-0.040022927,34.86366168,-0.071933772,0.942654613,1
AC087379.2,126.5604964,0.264244562,1.817978914,0.853191418,0.393553162,0.671759535
AC244131.2,71.88657349,-1.390656835,3.308369977,-1.560133712,0.118728286,0.330725885
PPP3R1,579.7295931,-0.558291903,0.377179602,-6.174645628,6.6312E-10,9.39372E-09
FAH,616.2904343,0.783788597,4.183142205,2.946417383,0.003214783,0.017239027
KBTBD8,15.9056077,0.509908045,1.056267649,2.437829056,0.014775759,0.06460136
IL1RAPL2,307.5566182,-0.194939722,1.676780869,-0.801082313,0.423083995,0.696116231
AC027458.1,35.99198359,-0.128998384,3.481720893,0.738056951,0.460479842,0.724673579
TMEM108,46.36474074,0.094781462,1.699244973,0.78540849,0.432214105,0.70374106
KIF15,15.49736719,0.00710263,1.901983806,0.751385548,0.452420657,0.71955201
LRFN5,45.52616402,-0.702322828,4.145480556,-0.354399034,0.723039859,0.91379184
YES1,638.1175583,0.518470567,1.293649067,0.371546753,0.71023034,0.904978483
CST3,6025.385928,7.728924183,3.188061885,9.012980961,2.0053E-19,5.0378E-18
LINC02458,17.68149218,0.034403973,1.649023827,0.84277827,0.399352463,0.676123764
AC087239.1,49.50068468,3.518610468,0.37157,0,1,1
PPP4R4,19.98510229,0.10346859,1.262634214,0.468103778,0.639710377,0.85593426
ANGPTL4,258.3958531,0.326218018,1.609367634,1.627328173,0.103667418,0.301062945
EEF1D,5031.353125,4.564578522,1.959512555,9.956576944,2.3605E-23,7.02833E-22
AC025887.2,49.45351657,-0.083870616,1.683352579,-0.395712099,0.692317429,0.892766507
AC008871.1,15.02572477,0.115269718,1.815249518,0.748018555,0.454448966,0.719966184
AOX1,376.6671324,-0.592248789,4.841595662,1.051772094,0.292904125,0.573100183
NAB2,106.6889063,1.391191478,2.96201691,4.627369917,3.70339E-06,3.52333E-05
PODXL,657.9400398,-0.047748585,1.03377376,1.25904951,0.20801245,0.4689638
C1orf167,21.68450864,0.2393123,1.417216722,1.701200615,0.088905322,0.270132172
AC093607.1,42.94354859,-0.269058378,2.293633067,-0.751333791,0.452451798,0.71955201
SLC7A5,194.1302166,1.580329822,3.213164207,3.008080262,0.002629037,0.014410409
ATG16L1,112.3422075,0.034369289,0.798798544,0.421821224,0.673155513,0.880771902
FMNL2,1035.138395,-0.91047948,1.52621999,-1.530331132,0.125934786,0.34406482
DENND2D,197.3754411,0.811077168,1.86597167,2.056059867,0.039776746,0.145199347
TMEM256,1602.649072,6.96421709,5.094686911,5.213855671,1.84955E-07,2.06273E-06
PDZD3,74.45330953,-1.158033346,36.82914968,0.499767941,0.617238486,0.841863379
SRGAP2-AS1,21.90367623,-0.056622759,1.713262188,1.222695645,0.221444673,0.48652495
RRAS,262.3658042,4.596972004,2.050122271,6.455743157,1.07689E-10,1.61567E-09
C9orf24,94.33404762,-0.034334247,1.618790854,1.770141192,0.076703623,0.241737946
LINC00957,15.86850953,0.172765462,1.741006284,1.354515668,0.175571918,0.424390452
TIMM8A,118.4025967,3.431821108,2.586406772,4.355327929,1.32868E-05,0.000115788
CDKN1C,551.8609379,2.685722919,1.818320735,5.294484053,1.19353E-07,1.3626E-06
AL049869.2,31.09053458,0.138478203,1.997901888,0.349046483,0.727054413,0.9157715
FAM78B,31.8294611,-0.403813777,1.42312187,-0.501669291,0.615900169,0.840924499
CYSTM1,4955.792049,4.026369773,0.298258878,28.84824695,5.33E-183,1.9044E-180
CR382287.2,18.2040244,-0.19462412,2.076907818,0.436404917,0.662542972,0.873162849
LINC02166,42.3492697,0.137969305,1.691122443,1.371899177,0.170094827,0.415840039
AC090630.1,51.49510865,-0.092258294,10.72819274,0.048196692,0.961559486,1
CLEC18B,145.8437335,-0.397257701,2.595398006,1.24085171,0.214660535,0.477109714
EMP3,870.9250833,4.939389655,2.346690969,10.36999439,3.39545E-25,1.08824E-23
UQCRHL,17.86155852,-0.274458682,1.533636284,0.285476838,0.775278847,0.947081983
PSMB9,557.8270651,4.370619934,1.199807985,5.782095129,7.3776E-09,9.60481E-08
AC104825.1,25.74815436,0.170598496,1.21462112,1.33740302,0.181091119,0.432101417
LRTM1,20.1570019,0.060237228,1.776359845,0.547688745,0.583905642,0.818979024
MAPK15,20.28616972,0.204656981,1.561762712,0.584796359,0.558684653,0.801193823
SMIM30,783.5677735,6.796713673,3.416242698,8.315065579,9.17015E-17,1.98351E-15
DNAH12,52.3183057,-0.442208149,1.008544284,2.063591967,0.03905642,0.143424927
TPT1,34366.39271,8.692697454,4.947476997,10.91459691,9.81638E-28,3.44359E-26
CHST11,743.1352869,0.628914348,2.466139644,1.925339997,0.054186837,0.186161117
NES,146.3054306,0.689438005,2.22943297,2.135697715,0.032704061,0.124456045
AC005753.2,32.06814657,-0.122899869,7.600885736,0.614054685,0.539179192,0.788176994
LINC02320,15.74315051,0.10886272,1.822657493,0.191339243,0.848259817,0.989702716
AL445584.2,14.61897773,-0.256356945,2.359064902,1.125318489,0.260454098,0.534265728
AC092296.1,16.94744769,0.146575128,6.449416312,0.275165484,0.783189104,0.952044517
AL356295.1,16.3922179,-0.129263802,2.174787156,1.051572434,0.29299576,0.573100183
LPP-AS2,21.27142374,0.398411327,1.646091555,1.961780559,0.049788038,0.173490791
PTX3,24.46893499,0.409555126,2.043165816,1.255259666,0.209384512,0.470951441
AC008571.2,15.9950905,-0.053513193,3.229822352,0.599107598,0.549101135,0.796089368
AC007952.4,87.47049358,3.575641497,2.730520609,4.027887963,5.62801E-05,0.000437145
HIPK1-AS1,17.6099496,0.303999963,1.206221753,0.124748264,0.900722847,1
LAMB4,45.52958723,-0.025771632,1.728434141,-0.007242768,0.994221158,1
PRR26,36.28612291,-0.005078634,5.917909113,0.133500415,0.893797636,1
SOWAHB,34.79463333,0.666234706,2.20140396,0.317869165,0.750584183,0.932521768
ATP2B1,913.2155867,0.61275615,0.545907966,3.042951244,0.002342703,0.01301097
HAP1,21.96273839,0.20181173,1.579707658,1.365210744,0.172186823,0.419021631
CDKN3,20.36067159,0.402543625,1.819156365,1.472051248,0.141007039,0.370450683
SECTM1,39.68397097,2.824341694,2.09915506,4.397362124,1.09574E-05,9.68895E-05
LURAP1L-AS1,26.56712007,-0.068309158,1.272128696,1.015981056,0.309638408,0.589394486
PTGER4,206.5542208,-0.057391832,1.847587159,2.411693256,0.015878634,0.068598829
ADA2,182.280624,0.08797895,0.623780625,7.724046266,1.12694E-14,2.17432E-13
Z95115.1,19.59146517,0.331132995,1.820678283,1.489626194,0.136322551,0.361888731
AP000282.1,82.68324388,-1.370079798,6.642093935,-1.03677712,0.299839741,0.579902562
SNAP25-AS1,49.65921718,0.207788466,1.207300823,2.006748028,0.044776499,0.160460211
SLC8A2,23.3133005,0.023578323,4.317726465,-0.327856659,0.743020045,0.927351768
OSBPL3,843.8726714,0.485237646,1.074177524,-0.717226322,0.47323446,0.736228125
SULF2,300.3010861,-1.030267218,2.803327805,-1.010264259,0.3123687,0.592493285
RFTN2,68.50658289,-0.533385167,1.225150506,2.339885134,0.019289672,0.0812609
LINC00672,19.10318753,0.107255634,1.232613522,0.183993229,0.854018766,0.99201915
RNF186,490.741388,0.132901882,2.702428952,1.752080642,0.079759942,0.249333818
NXNL2,86.84328692,-0.093360172,1.486182696,0.267466914,0.789109686,0.956109161
AC010168.1,75.7090894,-0.884644745,2.142507918,-1.252977557,0.210213875,0.47183184
TEX28,14.52116781,0.218207231,2.832510875,0.730722835,0.464948465,0.729445087
AP002784.1,32.04277242,0.147159232,1.631525963,1.220212737,0.22238424,0.487688283
AKR7A2,1426.01441,4.62046634,2.205388028,7.906227591,2.65306E-15,5.29898E-14
CCDC62,34.46164469,0.354979151,1.651785654,1.178966577,0.238411485,0.508228846
C19orf18,35.12089167,-0.229965453,1.72336647,-0.379672304,0.704188681,0.900730338
SLC45A4,416.6471257,1.042297449,4.793841523,-0.436758239,0.662286688,0.873063635
BANP,307.1280511,0.109039766,0.317826004,1.163245385,0.244729957,0.51570771
LINC00612,15.55181479,0.243966091,1.799792945,1.118612368,0.263305545,0.53827264
KLHL32,104.6507827,0.449919831,1.262439466,-3.007031626,0.002638123,0.014452001
P2RY14,61.99221374,0.259538428,0.808636896,6.506624214,7.68584E-11,1.16215E-09
MMP28,57.90734357,0.407239452,1.583131983,1.118092977,0.263527285,0.538497717
CNTN3,174.8162366,-0.80988907,1.988799292,-4.126494461,3.68335E-05,0.000296605
AC026894.1,15.56163884,-0.129511745,1.999497337,0.079805195,0.936392192,1
LINC02427,34.56330048,0.160168334,1.605701141,-0.499431999,0.617475081,0.842067021
AL117382.1,16.25159873,-0.201091355,2521.248805,-0.284643971,0.77591692,0.947081983
GHDC,144.6556336,2.954713387,2.212275572,4.294540671,1.75055E-05,0.000148267
COL19A1,96.56126087,-0.025005823,2.148338034,-1.06699263,0.285975164,0.565592406
ZNF550,36.66062582,0.158027665,0.423246316,5.253365515,1.49345E-07,1.691E-06
DDX43,18.99909191,0.046253313,4.110660187,0.110399191,0.912092795,1
BRD3OS,98.14673702,0.818308875,3.09491746,3.606098764,0.000310835,0.002099877
SMG8,38.98649159,0.544953788,1.444503234,3.873511561,0.000107278,0.000784026
DNAAF3,17.30882472,0.250036497,1.463138509,1.218026466,0.223213915,0.488841009
GRASP,164.5812082,0.070492136,55.29269566,0.01112223,0.991125928,1
GNA15,90.38033228,0.309429638,5.849651552,0.816194748,0.41438876,0.690174581
CRIPAK,44.61699249,0.304440622,1.403036667,-0.413986714,0.678883837,0.884186184
DPEP2,54.87701222,0.136307934,5.494704884,-0.040108339,0.968006754,1
AKT3,1392.03391,-0.674182451,0.400279171,-0.778441748,0.436308635,0.707106451
AP000943.2,22.07428271,-0.00747674,3.542198964,0.446749801,0.65505572,0.867904963
CATIP-AS2,30.82992806,0.055536386,1.166457463,0.192265373,0.84753434,0.989702716
AC108471.2,23.1880047,0.094043516,1.31513666,0.905689437,0.365100255,0.647329932
MTUS1,657.4194439,0.619423057,0.972942591,-0.529704896,0.596316553,0.827602617
SALL3,45.63376424,-1.746553012,0.963274951,0,1,1
SLC16A5,258.6375136,2.279897027,0.890346459,-0.237200076,0.812501577,0.970434903
RHOD,131.4173384,2.20697466,1.688579663,4.692413363,2.70001E-06,2.62306E-05
AC124852.1,51.1420829,-0.16878073,7.63298888,-0.002465524,0.998032799,1
GLT8D2,32.67386169,-0.768187726,0.477607076,0,1,1
ARHGAP25,166.7946761,-0.123196086,1.459489045,1.037726662,0.299397329,0.579539545
PHYHIP,23.19423262,-0.242908874,3.470086087,0.876101524,0.380974844,0.660858517
AC015908.2,19.61836273,-0.069033039,2.226692694,0.655140262,0.512377452,0.766586896
AL109930.1,65.65996548,-0.69476167,1.632743861,-0.111546538,0.911182964,1
DOCK6,278.28149,-0.390162665,1.024497293,0.247059725,0.804862002,0.965854427
LINC02147,162.3255984,-0.211190564,1.869418966,-1.314315555,0.188740035,0.443961565
TYMP,145.6066071,0.113350736,1.943878533,1.76080229,0.078271872,0.245637199
KCND3,49.86282624,-0.2021992,8.377846112,-0.053452372,0.957371478,1
BACH2,639.7781574,-0.375106107,0.549660235,-2.911111162,0.003601459,0.018933727
AL031073.2,99.57929548,-0.074018908,51.67101652,-0.126489916,0.899344131,1
ZGRF1,37.98362051,0.118563656,1.016309213,-0.029671675,0.976328902,1
NXPH2,154.598968,-0.04434649,8.055095524,-0.101130964,0.919446498,1
IGHV3-33,17.52071921,0.105115974,203.9877906,0.052503917,0.958127174,1
RGS14,229.1147092,0.631716045,2.040972266,3.786723473,0.000152647,0.001085176
LINC00616,20.1510887,0.032606966,2.286001432,0.584653621,0.558780645,0.801212379
ADAMTS12,41.96472942,-0.293600212,3.884353694,0.125161069,0.900396037,1
MUC6,25.2001828,-0.219089662,4.447041161,0.121678529,0.903153618,1
FOLR2,52.1111615,0.601492916,2.800075411,-0.066997218,0.946583918,1
VASH1-AS1,24.08187405,0.871066914,1.567602133,0.87622131,0.380909734,0.660858517
FBXO5,29.93756671,0.259620031,1.137818912,2.797147501,0.005155599,0.026061365
LCK,193.6269038,3.723894161,3.322899739,2.272659251,0.023046722,0.094009187
GAS2L1,115.7016887,0.268950729,1.399582333,-0.68360984,0.494221569,0.751631579
CHD5,14.08319948,-0.088876825,1.421575244,0.835327186,0.403533514,0.680347315
CTC1,93.74206869,0.07047107,0.654195037,1.338091754,0.180866528,0.43191356
ARHGAP20,18.89533566,-0.234270932,2.367938158,0.605266263,0.545002094,0.792525539
ADCY9,338.8482113,0.239686875,0.782294206,-2.235895501,0.025358617,0.101592433
USP13,157.7434502,-1.282762437,1.84735142,2.449571494,0.014302631,0.062974662
NAALAD2,26.71319722,-0.082976708,1.705144915,1.212684972,0.225250287,0.492071903
ARAP3,90.49362859,0.013389527,45.87377184,-0.066160102,0.947250361,1
LINC02742,24.36202908,-0.083360285,2.151888834,-0.145422571,0.884377245,1
SFMBT1,323.5856546,-1.268386413,1.496228814,-2.3097808,0.020900293,0.086907381
P4HA1,628.3786663,0.250955581,1.089174272,1.737620332,0.082277735,0.255219713
ZC3HAV1L,17.03708884,-0.002414703,1.507882659,0.708660174,0.478535385,0.740088344
LINC02133,17.55707454,-0.065890774,1.619087402,0.991551542,0.321416338,0.602312239
ADAMTS16,287.3624003,-0.122803316,52.17687012,0.060601301,0.951676737,1
SPATA9,15.78603041,0.096042831,1.403630997,0.4781976,0.632509571,0.851214128
SRRM3,16.64015643,-0.0070255,2.908116362,0.427113992,0.669296302,0.877626944
LRRC8E,13.31012656,0.216280172,1.308702763,1.686588531,0.091682499,0.276221445
NDUFV2-AS1,83.97711008,0.158176644,1.197940975,1.408107474,0.159099248,0.399487363
IRX2,155.0573816,0.288061171,1.583610365,1.259437882,0.207872214,0.4689638
LINC01428,39.16150059,-2.361913109,3.714850896,-0.387271004,0.69855559,0.896377464
PACRG,885.4102774,-1.358857173,3.608138388,-1.278164017,0.201191601,0.46058267
LY86-AS1,117.4310152,-1.23758203,8.951463522,-0.457524073,0.647294403,0.862016719
AP000317.1,82.73375614,0.378413837,1.274989577,-2.098622015,0.035850234,0.133738286
PSMD6-AS1,17.17699986,0.023730551,1.412314407,0.439994264,0.659941262,0.871758641
ECM2,72.48749995,-0.470469004,2.248674034,0.518456194,0.604140016,0.83250996
FAM222A-AS1,38.2995516,0.004161581,11.10679479,-0.029698727,0.976307327,1
LY6E-DT,56.92557482,-0.188927979,1.460496805,1.546489669,0.121986353,0.336806625
UBL4A,129.5095322,4.095811086,2.593928727,4.806693011,1.53447E-06,1.534E-05
AC006525.1,13.1090101,-0.075455548,2.567424834,0.735823821,0.461837922,0.725981821
CD34,290.906181,1.553454583,2.372239244,2.718241882,0.006562984,0.032204022
AC008074.2,17.5804469,0.32433808,3.414704335,0.535577163,0.592250816,0.824422301
GJA4,132.1610578,5.100811013,3.292900261,0.321197851,0.74806046,0.931286522
BRWD1-AS2,13.3679293,0.571837819,2.082612754,0.856526462,0.391706642,0.669664128
AC004771.4,42.52541624,0.397446259,1.52383292,-0.661837867,0.508075135,0.763814996
AP000462.1,40.28824282,0.469750232,1.845245933,1.330541232,0.183340011,0.435528462
TIE1,141.9355299,1.46462712,2.593797306,4.038542878,5.37843E-05,0.000418771
ATF7IP,698.7628774,-0.357110605,0.500880641,-1.738388637,0.082142358,0.254881738
LINC00499,12.9703905,-0.189619667,2.646410234,0.85343167,0.393419965,0.671759535
MRLN,125.0651177,0.050890631,3.194839434,0.639550756,0.522464706,0.774226884
SOD1,5974.600304,7.054652107,3.563565643,8.730222926,2.54171E-18,5.99508E-17
LINC00324,37.56790132,0.465007163,1.584194034,2.862338594,0.004205274,0.021717493
FAT4,185.455839,0.122621447,1.109257552,-0.540155196,0.589090008,0.821953783
AC008083.3,18.40323016,0.112588488,1.764112,1.195158783,0.232024999,0.500860408
C7orf61,24.8585552,-0.301252599,1.170007177,0.456252157,0.648208664,0.862757861
MYO1F,338.7756372,0.033529947,13.16573648,2.558226448,0.010520756,0.048376421
AFAP1L2,153.6999687,0.378470834,1.496091351,-0.229218163,0.818699356,0.973886415
XYLT1,347.7712974,-0.1133388,0.661029589,-3.262464524,0.00110448,0.006730839
SLFN12,55.89239538,0.600891703,0.284131601,0,1,1
ANKRD24,31.28577126,-0.127494044,1.664015372,0.625305401,0.531770636,0.782607372
RDH10,396.0729497,3.194201643,1.267725394,3.617558158,0.000297396,0.002016933
USP46-AS1,29.29045342,0.276606826,1.27101689,1.777512798,0.075483907,0.239065414
ZNF750,12.92400257,-0.048036182,2.130768381,1.220432794,0.222300852,0.487688283
TMEM131L,330.7996873,-0.796387195,1.602468858,-0.522604824,0.601249283,0.830505703
AC074286.1,25.07756322,0.171736077,1.607153842,1.893566885,0.058282522,0.197384396
ETV6,1004.172542,-0.69024371,1.265497679,-0.456566919,0.647982361,0.862694706
CCDC169,29.03934392,0.351186636,1.392377036,1.452906323,0.146249765,0.378467413
AC104506.1,29.30785742,0.499205243,1.692826744,2.56608118,0.010285475,0.047362282
SEMA6C,41.50925468,0.087420675,1.538395982,0.28882442,0.772715743,0.94534848
EPHB1,76.45248709,0.240069837,1.409555213,-2.74783322,0.005999052,0.029739389
LINC00393,17.21138628,-0.199374613,2.434025704,0.853359097,0.393460197,0.671759535
OGG1,297.2036924,0.176773513,1.767131725,0.808757889,0.418654423,0.693111244
MARVELD3,133.0699175,0.360796315,1.520001343,-3.119592522,0.001811014,0.010442827
PITPNC1,1544.72478,-0.047737719,1.384025548,-3.281009648,0.001034362,0.00634764
NDE1,149.9994248,-0.650755897,0.277314194,0,1,1
ZNF708,183.0084706,-0.422323772,0.379076096,-0.930580901,0.352070398,0.63555822
AC009163.7,13.38486019,0.1883203,1.658653336,1.296822167,0.194692382,0.451830417
RERGL,223.7070914,0.030122557,1.628946906,1.000946852,0.316852504,0.597357066
CLEC12A,79.61082913,0.499854126,1.884650702,-0.457006717,0.647666218,0.862392823
HSPE1,6259.561673,7.286642274,3.694764546,10.60925206,2.69901E-26,9.07224E-25
AC034206.1,26.82855119,0.383381841,1.966120111,1.525579439,0.127114636,0.345819203
AC090617.5,17.8273179,0.149389968,1.501970532,1.079853103,0.2802076,0.558389323
MPEG1,67.58910927,0.63562727,2.336239392,-0.428173923,0.6685245,0.877091779
SMIM10L2A,40.70540171,0.209240516,1.566878667,1.460158943,0.144246396,0.375484346
DPH2,53.35122044,0.436431801,1.307775414,3.024243916,0.002492554,0.013724696
BID,230.694136,0.654857924,1.603272755,3.816627489,0.000135288,0.000970353
LINC01687,38.35180948,0.15614631,1.612423642,0.599127302,0.549087996,0.796089368
AL024495.1,32.28773481,-0.485178649,2.698825131,0.400892333,0.688499395,0.890472957
AL590807.1,17.73801253,-0.108414419,3.08047138,0.745308184,0.456085435,0.721406163
HIST1H4H,51.5635323,0.630570706,1.586584438,4.073278247,4.6356E-05,0.000365954
ITGAV,1025.962148,0.657081522,0.902436131,-0.241934507,0.808830912,0.968671954
SLC5A2,341.0247662,-0.431182858,4.546589122,0.856503833,0.391719154,0.669664128
GRK5,294.8922229,-0.104084041,0.989178591,0.547155841,0.584271671,0.819135128
PRAG1,126.1304371,-0.436671188,1.009963482,-1.195205743,0.232006655,0.500860408
CELF5,16.45971759,0.055849561,1.358359872,1.221852378,0.221763457,0.486991138
UTRN,1894.654345,-0.533071777,0.535120017,-0.55668892,0.577739989,0.813643456
MEF2A,1423.779956,-0.586029773,0.789862439,-1.084941385,0.277947617,0.555492161
GLIPR1L1,15.32619869,0.046791953,1.644037725,0.944433662,0.344948087,0.628381582
KANK2,215.157417,0.471814161,1.19390012,-0.106098742,0.915504009,1
NTNG1,241.9208966,-3.28791503,3.982646969,0.323263947,0.746495356,0.930171462
PPP1R26,72.30652218,0.011088592,40.82716121,0.001542461,0.998769294,1
AC073529.1,78.59707456,-0.089362661,43.37627827,-0.097805106,0.922087053,1
EPS8,1309.593982,-0.43805146,0.30127435,-1.783852808,0.074447586,0.236871986
AL132712.1,13.96048084,-0.098996559,2.023278035,0.686640647,0.492309208,0.750517706
FOLR1,1155.478436,7.582656637,2.45044241,8.340405196,7.40364E-17,1.6159E-15
FAM83D,56.1317707,-0.115427562,3.612220873,1.049967381,0.29373311,0.573924495
AC073342.1,33.89324462,0.198948055,1.037984986,1.389012088,0.164829074,0.408452628
CPNE5,52.89341794,-0.923429061,3.461297316,0.943946953,0.345196757,0.628441803
CD1D,23.44286697,0.345795927,2.26900321,1.565248416,0.117524673,0.32872152
FSD1,13.60028281,0.38001255,1.925317088,1.432332043,0.152048817,0.387242265
AP001631.2,34.21422073,-0.040939154,2.067439707,1.281755081,0.199928576,0.458670862
GALNT16,45.63179913,0.113310621,1.408989972,-0.030538279,0.975637765,1
ACBD4,120.0977464,0.436057701,1.160844355,0.649563449,0.515974249,0.769811875
ATP6V1F,3120.128493,8.239360582,2.835757206,9.081037371,1.07545E-19,2.71593E-18
SLC5A4-AS1,29.40799509,-0.007860732,1.176931541,1.077458327,0.281275558,0.559801607
STAG3,68.34892289,-0.04359347,9.502321683,0.131925198,0.895043458,1
STMN3,67.97091273,2.087110272,0.389061111,0,1,1
CDCA2,13.60199049,-0.142214349,2.179554066,0.385821347,0.699628985,0.89691971
TLL1,150.9081928,-0.575920719,0.977417653,-0.510618972,0.609617888,0.836546161
HELZ2,67.03276631,1.112443922,5.226470013,2.21238792,0.026939873,0.106482367
LINC01697,321.288119,-0.124142863,2.454676323,0.643292055,0.520034611,0.771606314
MTFR1,451.6662943,-0.00162509,2.265119793,-0.131658549,0.895254373,1
AC009093.2,103.6677398,-0.645984279,4.245498544,0.41173955,0.680530333,0.885027895
HIST1H2BG,42.30676595,0.432703157,1.911179399,2.380339351,0.017296701,0.073832423
SELL,117.3377943,3.883256348,2.642029541,3.054879555,0.002251509,0.012598787
ZNF837,28.86463117,0.39271043,1.489180826,1.081155497,0.27962795,0.557579751
GFER,228.2502511,4.120277374,2.302328628,4.709933847,2.47797E-06,2.41709E-05
LINC00937,63.44575609,-0.184319343,1.392573369,-0.981608877,0.326292572,0.607672673
LLGL1,20.74159486,0.019873906,1.795452366,1.239147673,0.215290815,0.477450688
AC124798.1,22.66854133,0.030317299,1.773756322,0.909338154,0.363171657,0.646359222
KLRG1,122.057016,0.045707948,26.79507503,-0.001250664,0.999002115,1
ADTRP,113.6768139,0.328474494,1.096625274,1.316473531,0.188015157,0.44333292
RNF157-AS1,13.63814094,0.246705126,1.301150824,1.181014295,0.237597044,0.50710148
PRKG2,20.02348376,-0.155906957,1.341249759,1.181222003,0.237514542,0.50710148
AHNAK,1189.020634,1.292049435,1.426130069,5.165261839,2.40103E-07,2.62616E-06
PRMT6,86.90412549,0.306370368,9.94622039,0.172543084,0.863010593,0.9968227
EMP2,310.8223365,2.010326786,1.996630555,19.05789035,5.65078E-81,8.38662E-79
EGF,2705.671755,-1.055208693,4.695516236,0.359688183,0.71908033,0.910841379
RALGPS2,583.6166817,-0.645139179,0.752592539,-2.104698913,0.035317525,0.132108633
AL451070.1,20.97874883,0.017455773,1.37778013,0.852586309,0.393888757,0.671931351
ZNF208,204.3902158,0.278692502,0.589104173,-2.689744924,0.007150665,0.034716894
TMEM147-AS1,22.55438394,1.057962396,2.056072599,5.15131236,2.5867E-07,2.81647E-06
IRF6,147.7202241,1.206711147,4.217663213,3.77960662,0.000157076,0.001115843
SKAP1-AS1,36.15560215,-0.054880678,1.129479732,1.175618201,0.239747479,0.509379497
PRNP,609.3634737,4.254036798,3.597650722,5.407816835,6.37976E-08,7.5516E-07
C4orf48,585.9972109,7.777612545,2.842343899,7.352872273,1.93992E-13,3.51775E-12
AP006284.1,24.70027635,0.377003356,1.342575455,1.057986883,0.290061423,0.570044405
ID2-AS1,33.44957329,0.397013617,1.195333666,2.579611713,0.009891146,0.045764933
AC132192.1,15.67586439,0.04926789,1.02216184,0.453179211,0.650419701,0.864600846
SEC16B,58.45661561,-0.154596058,8.411334854,0.026647033,0.97874126,1
FLVCR1-DT,43.73538413,0.769066246,1.691014905,3.253837413,0.001138574,0.006907476
LINC02340,68.54746619,0.95748973,2.099400114,-0.241358151,0.809277545,0.968743079
CYP1B1,216.7967983,3.1513444,7.393401204,3.874566534,0.000106815,0.000781229
POMC,52.08143857,6.545538865,3.34733408,1.931122584,0.053467895,0.184281808
DDHD1,209.0580999,-0.333482795,0.544109498,-2.450280455,0.014274498,0.062879491
CYP4A11,508.102803,-0.262884389,20.84116103,0.603671122,0.546062317,0.793150137
AL359504.2,17.84358058,0.316624364,1.632796126,1.523066748,0.127742007,0.346892047
PRADC1,240.9844637,4.506728763,3.167452884,3.443828259,0.00057354,0.003688626
TFPI,728.8249221,0.293580164,0.97915644,1.55871176,0.119064617,0.331299787
ERICH6-AS1,89.54718823,-0.035224301,1.088583844,0.601984515,0.547184445,0.794279515
LILRA6,13.67210582,0.490476708,1.984903701,1.459516524,0.144422996,0.375741273
AL031432.4,13.25264638,0.081285932,1.286095908,1.15848858,0.246664709,0.517892117
FGFBP3,24.22459499,0.610474889,1.558647045,2.898492116,0.003749617,0.019648321
PTPRG-AS1,88.72799133,-0.052259462,1.27461503,0.810818969,0.417469639,0.692195427
GPSM3,290.8070724,5.667198865,3.960681068,5.662724409,1.48988E-08,1.89366E-07
IL18RAP,25.72342506,0.287987576,1.854211903,1.639050469,0.101202749,0.296028782
AEBP1,121.2829112,0.418472425,1.756203322,1.743238974,0.08129188,0.252811982
TKFC,388.0127096,2.396088824,2.023929654,3.381696689,0.000720396,0.004569141
C9orf153,36.67452608,-0.055931586,1.343944108,0.719689628,0.471716114,0.734748956
AGR3,42.3707498,0.379153794,2.010658864,1.270281693,0.203984307,0.46389359
AC026347.1,36.35061112,0.325269309,0.870463967,5.208577284,1.90294E-07,2.11494E-06
TMEM47,248.0579056,0.094421249,41.58251202,0.01581195,0.987384415,1
UHRF2,317.5690901,-0.652604484,0.548653541,0.135768416,0.89200436,1
SLC25A1,552.5783574,3.748059753,1.827807156,6.179774793,6.41931E-10,9.12034E-09
PTMA,14668.41193,6.509636234,2.924346569,8.529924143,1.46444E-17,3.33194E-16
HAGLROS,57.56451736,5.223304213,3.341887949,-0.893672842,0.37149696,0.653030462
ZNF688,162.4049959,2.979572883,2.000282441,5.650228345,1.60235E-08,2.02063E-07
DOK5,125.2620638,-0.053205586,15.57893925,-0.101662043,0.919024931,1
CRYBB2,21.10306274,-0.104165819,3.67861393,0.564274221,0.572567523,0.810976199
CFAP47,39.0302246,-0.026937164,1.353557172,-0.014570824,0.988374576,1
SEPTIN6,528.7629066,0.33705553,1.881237245,2.687719028,0.00719419,0.034858038
CHTF18,19.8170942,0.093136333,1.684984932,0.837407777,0.402363396,0.6794388
STARD9,101.8150659,-0.769856112,1.490499817,0.115808244,0.907804517,1
ZMYND19,43.08905058,0.362996119,1.357318307,2.413663418,0.015793044,0.06832085
ERVMER34-1,43.9637725,0.629845257,1.84282751,1.70717217,0.087790056,0.267779693
POC1A,18.6761923,0.058171592,1.612782175,1.133121076,0.257163412,0.530440286
MAP1B,199.5966699,-0.242801472,1.807088736,0.520981132,0.602379916,0.831353225
UNC5B,90.48951889,-0.321263601,2.445059094,0.532796184,0.594174676,0.825352404
AC093535.1,90.33349276,-0.278712079,2.052900651,0.048577408,0.961256075,1
LYZ,1369.755946,7.568394789,6.289963288,2.936884739,0.003315273,0.017640617
AC007611.1,19.6298153,-0.120870139,0.378970592,0,1,1
ZC3HAV1,1053.921602,1.650372297,1.676380653,3.989117164,6.63197E-05,0.00050871
SFRP1,859.6548615,0.349259515,1.585100698,2.894856354,0.003793321,0.019844992
HEG1,347.120547,1.149778126,6.961921473,3.159352281,0.001581202,0.009267229
SMPD3,13.43038313,0.176369396,1.802549342,0.889514827,0.373726458,0.655429598
LAMTOR5-AS1,199.4908873,-0.216806952,1.449923171,-1.320774299,0.186576632,0.44104503
AC113410.4,23.35463351,0.554798013,1.862931368,1.01934038,0.3080414,0.588334069
AC013264.1,19.95183004,0.494440718,2.514545428,1.324833419,0.185226408,0.438605586
ADAMTS9-AS1,814.7923324,-1.354392552,2.336240806,-1.767927056,0.077073099,0.24252514
KIF26A,25.19801078,0.146115068,1.974522736,4.046999595,5.18783E-05,0.000405567
FLACC1,43.77360186,-0.118654152,20.10830859,-0.200748679,0.840895094,0.986755258
AMIGO1,23.06405886,0.419907978,1.184109065,3.142085503,0.00167749,0.009766295
RNF217-AS1,66.61204513,-0.154633637,11.64718179,0.030796822,0.975431575,1
SH3D19,764.5590758,-1.111268586,1.350494889,-9.982266185,1.82256E-23,5.47733E-22
MAJIN,26.57733533,-0.09549531,1.859348339,1.268009701,0.204794486,0.464895366
HNF1A-AS1,590.6670283,-2.312535285,2.269153286,-1.999837753,0.045517786,0.162332749
AC079760.2,27.67628335,-0.339090114,3.092276877,-0.031608114,0.974784573,1
ZNF132,16.18070099,0.208322582,1.131718972,1.404400375,0.160199659,0.401386799
DGKZ,225.4722392,0.135030046,2.304109391,0.932364776,0.351148042,0.634843546
AL031710.1,111.7935697,0.611164546,2.623072172,1.615085357,0.106292212,0.307006277
GCDH,342.5508819,0.823060827,2.965899858,2.185059232,0.028884504,0.112505724
TSPYL2,378.7267175,0.92704693,11.68538045,3.156652458,0.001595914,0.009342103
RAD51AP1,17.08986769,0.142210552,1.399122633,1.54321676,0.122778192,0.338411777
TNFAIP2,229.0735894,-0.306528076,1.435210516,-2.420389024,0.015503911,0.06734184
ILDR1,77.82536152,-0.015044361,33.56220502,-0.108891615,0.913288457,1
LINC01695,32.68142357,-0.302754285,1.067964636,-0.29142627,0.770725325,0.944150757
AC004551.1,19.17949244,0.180958471,1.701986626,0.734932964,0.462380321,0.726242748
AC069234.1,32.86101846,-1.782047835,3.348996326,2.499564735,0.012434598,0.055975999
AHRR,17.39077106,-0.021942831,1.551750074,0.787611387,0.430924052,0.702335585
C2orf27A,89.36890751,-0.254177318,1.11697506,-1.025815182,0.304978708,0.585381934
AC129803.1,24.41989829,-0.298121001,1.942697211,0.611083818,0.541144092,0.789775651
MAP7D3,123.4243406,0.428369906,1.312728962,1.248170399,0.211968662,0.473387343
SAA1,100.6222974,0.591421475,2.643092056,0.356486111,0.721476552,0.912558581
LINC00472,2934.372347,-1.623269059,1.302741551,-3.88615745,0.000101843,0.000747136
FAM107A,263.3444496,1.513778894,3.126667905,2.274642594,0.022927379,0.09380001
BST1,77.09810353,-0.323596104,1.144937888,3.678590119,0.000234527,0.001620688
ARMH1,77.84516342,-0.786234288,1.08552722,-0.880627433,0.378519505,0.659450613
GRHL3,25.86047941,0.267737799,2.284464214,0.213732265,0.830755849,0.981008379
SNCG,841.553305,3.977533554,3.930823939,3.305130935,0.00094932,0.005858519
BCL2L10,34.32707593,0.720973398,2.630890346,0.665114259,0.505977415,0.762758915
TPSB2,143.8905547,0.315777503,19.78974983,-0.183701775,0.854247417,0.992165281
IFI30,1388.501596,7.089517726,3.804549982,5.980080095,2.23028E-09,3.04321E-08
FREM2,371.1440654,-0.258750304,2.311521056,-1.379700552,0.167678863,0.41236109
AC245060.5,101.2206365,-0.184940679,1.600783327,1.442837403,0.14906628,0.383387498
LRP3,18.24333335,0.057975336,1.484147976,1.025355028,0.3051957,0.585523187
AL591519.1,91.41383683,-0.217925462,13.83982659,-0.185881032,0.852538057,0.991612567
MAEL,23.35930339,0.143210503,1.73207504,1.00076003,0.316942838,0.59741062
KIAA1549L,47.09093315,0.249520674,1.611428519,1.003758771,0.315494902,0.596252581
LINC01508,95.56805858,0.246557357,1.113450279,-0.615358993,0.538317666,0.787874294
MYLPF,34.28601724,0.33163245,1.642058073,2.381463447,0.017244002,0.073640057
AL670729.3,13.88687064,-0.141658451,2.049115012,0.445966233,0.655621637,0.867956142
AC006994.2,113.9008859,0.273192202,1.362714122,-0.494727434,0.620792533,0.844602369
HSPA6,1051.284558,7.612641346,21.24847128,-0.529414196,0.596518152,0.82763405
PTGER2,79.70480548,0.688423805,2.311403836,2.778114683,0.005467532,0.027414386
LINC01836,32.22033168,0.108833038,1.503177237,0.251771261,0.801217873,0.96363905
AC034102.4,14.38151167,0.209458248,1.818195194,1.111862289,0.266197365,0.541652233
CGA,23.49798844,0.657246219,2.602584947,1.228628086,0.21921128,0.483588205
AL135785.1,21.59025098,-0.080207724,13.19200399,0.647870278,0.517068856,0.770245432
AC011997.1,38.05460531,-0.106034027,3.102154478,0.441994264,0.658493357,0.870203481
MUSTN1,200.9199432,0.336143916,2.426847757,1.898438068,0.057638399,0.195856863
AC245140.2,19.9361474,0.293227098,1.485342517,1.259269469,0.207933017,0.4689638
AP3M2,159.8662034,0.45767618,1.165925442,1.422541653,0.154869069,0.392455291
TXNRD3,51.62187924,-0.126693565,1.483009601,-0.70972249,0.477876243,0.739979149
PLA2G1B,14.77745966,0.533985208,1.931301712,1.781596081,0.074815124,0.237727767
AL355312.3,14.74770345,-0.004370757,2.186695815,0.532754698,0.594203397,0.825352404
AP005230.1,43.71398226,-0.201317303,2.793091884,0.005045161,0.995974561,1
AC127035.1,47.89932579,-0.08291858,0.99580623,1.222715144,0.221437305,0.48652495
SLC10A2,38.37848292,0.002904176,10.65314446,0.468508774,0.639420798,0.855875035
SAXO2,46.32411846,-0.044815928,6.567986412,-0.056243151,0.955148106,1
ST8SIA6-AS1,17.41974483,-0.078649943,2.286560053,0.782489349,0.433927042,0.705711337
ABCB1,592.5900053,0.452848931,0.65960729,1.535302243,0.124709603,0.342068216
IGFBP1,32.33805579,0.712430089,3.201424783,1.131112284,0.258007835,0.531497242
AC023389.1,42.0256984,-0.055291986,10.4432732,-0.006753934,0.994611181,1
PPP5D1,27.89140205,-0.077002608,1.731889632,0.296508503,0.766841775,0.94223048
HPSE,43.5980142,0.256635725,1.494743017,0.883766797,0.376822113,0.657717588
SUSD5,16.76596076,-0.027154096,2.699212807,0.598481135,0.549518943,0.796216468
PIGR,989.9162863,3.76049392,2.07364259,3.820267419,0.000133307,0.000956855
STAP1,132.517061,0.328070142,1.62558738,0.671014123,0.502211532,0.758902671
MDK,181.0828787,5.389704373,2.895938313,3.036320873,0.002394844,0.013269992
AC063979.2,17.53439651,-0.041421209,1.884963312,0.611195044,0.541070464,0.789775651
TIGD2,35.17736815,0.065440327,1.99859096,1.2476734,0.212150687,0.473425323
ISG20,353.0003233,1.613107323,2.55477271,5.789592795,7.05573E-09,9.22312E-08
SACS,74.04115168,-0.334928995,1.488593475,-0.100249023,0.920146627,1
SOX2-OT,259.4768202,-0.826794292,1.772281315,-2.736140837,0.006216441,0.030628197
COL5A3,20.24133715,0.115833805,1.597228632,0.90599274,0.364939695,0.647297348
LZTS1,23.77849878,-0.05843101,2.387172705,0.715844752,0.474087216,0.736239435
P3H2-AS1,41.90055941,-0.041091266,6.669008389,-0.229188002,0.818722797,0.973886415
UBE2U,28.44486726,-0.094852143,3.169603601,0.196191778,0.844460063,0.988702176
DUSP1,4301.039106,4.48195486,1.620513487,10.27456991,9.17528E-25,2.90209E-23
AL031772.1,67.25901216,0.08342454,15.92658314,0.177696292,0.858961497,0.994527312
DDN-AS1,21.24953205,0.039696375,5.178131756,0.103269991,0.917748692,1
DCDC2,1310.903333,-1.7296621,1.707580249,-2.155714107,0.031105996,0.119605686
CAMK2D,731.1968091,-0.389373295,0.27283194,-0.357329214,0.720845362,0.912118994
TCIRG1,110.1256259,1.106117916,9.108425485,2.214617733,0.026786314,0.106035113
AC021086.1,43.69808436,-0.036410739,1.336130749,2.104994733,0.035291767,0.132063488
DCLRE1B,16.6244794,0.402962532,1.53824454,-0.539126881,0.589799308,0.822700105
PGAM2,82.93088546,0.539545175,1.929284204,0.981220677,0.32648393,0.607794379
MAP3K12,128.2159819,0.254783344,1.320245223,1.375531697,0.168966666,0.41413146
STK31,15.67093712,-0.014002718,1.257687152,0.79507359,0.426570696,0.699024798
CCL15,223.2741439,0.415689586,11.23856664,0.958425625,0.337848179,0.619859525
LINC02476,14.81598206,0.085815284,1.791205559,0.862172972,0.388592341,0.667180284
KLRC1,55.09801671,0.62073699,3.776743107,1.392948792,0.163635276,0.406778623
AL136987.1,16.44838925,0.33842128,2.40877163,-0.561049897,0.574763522,0.811821918
CSF1,72.75790274,0.328114187,1.291327573,2.669430602,0.007597997,0.036539322
LINC01983,107.0184879,0.438989988,1.884163869,0.858150748,0.390809228,0.66917583
SCN3A,234.600206,0.786680038,4.68538497,1.522917926,0.12777924,0.346892047
APCDD1L-DT,236.2882412,-0.665916565,2.661421678,0.396812609,0.691505652,0.892419849
AL359915.1,51.34199443,-0.105838001,1.874006151,1.939342459,0.052459652,0.181488793
ADCY4,122.1041624,0.590425859,1.717273375,1.832831196,0.066827678,0.218094253
CRIM1-DT,94.33829839,4.956637402,2.681981653,3.979504314,6.90591E-05,0.000527485
AC104162.2,52.56646657,-0.105516943,1.311363806,-1.185820286,0.235693278,0.505386321
TK1,65.91384322,0.752440513,2.239252239,2.030506024,0.042305129,0.152853028
GUCY2C,18.99195563,0.019489642,2.162839764,0.995838946,0.319328404,0.600265221
AC211486.5,17.71292772,-0.116427951,1.760878556,0.582902946,0.559958637,0.80177855
HCST,625.4248064,8.620130034,4.736975836,3.955781004,7.6285E-05,0.000576741
AC034268.2,79.75100582,0.120705971,1.507633848,-0.49614739,0.619790426,0.843923413
AC005871.2,22.35004469,-0.062996128,0.68655299,2.938160852,0.003301657,0.017590285
ISYNA1,303.0566676,3.002095275,1.93868868,4.179231173,2.92496E-05,0.000238926
AL157392.2,26.24275276,-0.141862453,1.679899126,1.347746456,0.177739945,0.427672683
TNNC2,14.69396727,0.544401815,0.679879138,0,1,1
ASRGL1,635.6378793,0.543393587,1.174674313,2.716151615,0.006604566,0.032391588
TMEM132A,23.15305748,0.364278989,1.695723511,1.259994882,0.207671209,0.468787058
GSG1,19.37775584,0.439690913,1.203200898,1.993357234,0.046222343,0.164298801
GAB3,54.33134746,-0.108283628,1.494770546,2.444575087,0.014502289,0.063621456
LINC01828,32.94325982,-0.565058242,2.854493897,0.194826908,0.845528456,0.98956792
TRIM14,190.9856903,-1.021447947,1148.290378,3.62915048,0.000284355,0.001938641
COL14A1,132.4764026,0.277876325,1.465086089,-0.314095135,0.753448784,0.9347263
AC073508.3,17.58216247,0.395913697,1.453914095,2.056021573,0.039780437,0.145199347
CLBA1,61.93514267,0.411309678,1.06247892,0.303720487,0.761340848,0.939321538
LINC02274,83.57523197,0.050593091,1.525239807,0.173558025,0.862212823,0.99676858
SEC14L2,88.5890826,-0.174307064,1.624336235,0.31041609,0.75624456,0.93567927
DNAJC22,103.1321656,0.010928093,1.628406471,0.661030261,0.508592907,0.763913228
SCN11A,57.02594175,-0.132167471,1.102408784,-1.182207187,0.237123502,0.507100515
MLXIPL,135.4900875,-0.15577749,26.11326871,-0.047673988,0.961976065,1
LINC01889,16.80168446,-0.091245952,2.363231309,0.335670984,0.737118989,0.922706966
IQCD,63.30645808,0.509230734,1.677198886,1.581215922,0.113828676,0.321507622
SERPINE3,64.6451297,-0.101026953,2.096014869,1.528512297,0.126385393,0.344975814
AC006460.1,36.49001185,0.394321258,1.795209999,1.346787264,0.178048758,0.427910847
TUBB4A,12.90370746,-0.066522036,2.077504357,0.589471587,0.555544967,0.798956463
AKR1C1,347.763512,4.38899677,2.267622886,4.406605881,1.05003E-05,9.32748E-05
CABYR,14.92121169,0.007022048,1.503159334,0.82957691,0.406778036,0.68360328
AC018682.1,116.4550792,-0.191570717,1.551684917,1.962416169,0.049714052,0.173412794
ARSJ,213.8405862,0.456396709,1.136681789,-0.475669135,0.634310113,0.852064455
IRF5,46.90257027,0.274257785,1.304016084,1.708528967,0.087538236,0.267240938
AC092894.1,105.3997017,-0.024684739,1.039979947,-0.716474595,0.473698349,0.736228125
BMX,18.91498497,0.083135435,1.474014607,1.070469245,0.284408145,0.563732356
COBLL1,3621.707186,0.236028012,0.658732202,-2.122043807,0.03383406,0.127738731
Z94721.1,71.16413912,-0.725722071,2.823947314,-0.716555608,0.473648344,0.736228125
MCM6,53.83543146,0.108973136,1.29222437,1.83979694,0.065798055,0.215536107
NFATC4,35.37367325,0.120785611,1.59671271,0.288479621,0.772979628,0.945377328
AL157886.1,16.11018004,-0.177443577,4.450522106,0.544835192,0.585866873,0.819785335
MUC20,648.829525,1.113496183,5.057291025,-0.089786006,0.928457269,1
AP001266.2,16.18522835,0.0154306,1.677747081,0.778976952,0.435993292,0.707106451
LDLR,336.0324788,-0.715457322,12.0180685,2.699011812,0.006954571,0.03386711
HDAC10,50.72983875,1.968212333,1.300614346,6.979612699,2.95995E-12,4.82342E-11
CD244,26.67578,0.315956197,1.224523585,1.672210589,0.094482803,0.282540484
EYS,323.0896643,-0.398398387,8.223429862,0.161730384,0.871518176,1
AC006329.1,18.63258894,0.23630578,1.754307749,1.069237528,0.284962652,0.564367626
AC084871.1,45.47494485,0.066603827,1.720285563,1.656809865,0.097557922,0.28816328
POU2F3,20.04749981,0.215674739,1.733382036,0.407946125,0.683313228,0.886964843
WNT10A,22.46518062,0.587166072,1.956298124,1.31478824,0.188581081,0.443825735
MMP9,22.36345884,0.450575608,2.963971067,0.489447207,0.624525122,0.847145543
DRAM1,272.8118639,0.85698037,0.615269452,0.100910212,0.919621737,1
ADORA1,25.06587538,-0.076412529,1.744387033,0.454765526,0.649277934,0.863823504
SCNN1D,14.16866333,0.027347929,1.575528662,1.140911479,0.253906762,0.526198371
PLAU,346.2998099,2.65709937,2.444058867,3.124442199,0.001781425,0.01029683
AC117528.1,21.67460624,0.115864781,1.492454054,1.310030199,0.19018562,0.445320552
SCGB1D2,91.60734085,8.112499168,4.721858625,14.14194413,2.09418E-45,1.36504E-43
QPCTL,52.24588325,-0.078047536,1.606451785,1.196137303,0.231642983,0.500628055
PTPRK,1143.33557,-0.206785297,0.619509334,-1.530390821,0.12592002,0.34406482
HMGCLL1,19.4605414,-0.162285104,2.103966803,0.617756567,0.536735817,0.786625556
SMTN,159.1939302,-0.067932246,1.673549611,1.093558142,0.274148816,0.551556544
C1orf198,84.92116761,0.033446553,45.20367918,-0.054656061,0.956412475,1
LINC01571,42.45752758,0.606297118,1.829022217,1.807229941,0.070726434,0.227815481
AL627309.5,24.37024792,0.204989194,0.611635754,1.514397429,0.129925071,0.350010377
ORAI3,169.6921275,3.135966352,2.401743267,4.600218957,4.22047E-06,3.99166E-05
AL139246.5,80.20346202,0.218642904,16.56825117,0.189734859,0.849516903,0.989702716
NME2,4281.020296,7.974720722,2.13012142,12.06443293,1.6278E-33,7.20338E-32
FRZB,171.4519795,0.371386336,2.120140591,1.177780682,0.238884052,0.508386157
TCEA3,758.909065,0.943307239,1.658410906,3.051330623,0.002278295,0.012719165
ABI3BP,296.418613,-0.651314033,1.459293156,-0.758177266,0.448344869,0.716138639
SMC4,222.4637291,0.797616377,1.680705188,1.597274621,0.110204505,0.314655972
AC093525.6,20.40770369,0.061103633,2.004103335,0.875515394,0.381293538,0.660858517
NCOA7,1252.023192,0.185953361,0.845252862,0.304779157,0.760534357,0.939321538
LRMP,175.7725362,-0.74986774,2.230993428,2.13371488,0.032866127,0.124924953
SLC35D1,222.9646759,-0.562400773,0.734831398,-0.853365155,0.393456838,0.671759535
SMIM5,498.0737985,2.649344594,4.37636601,3.938533335,8.19812E-05,0.000614032
TRIM55,97.22710396,-0.03360599,1.498556734,0.684792081,0.493475133,0.751336016
GABRA2,123.0729487,0.601180592,1.516988282,1.635740267,0.101893958,0.297419369
AC243829.1,17.05145875,0.302477156,2.30919042,0.969680494,0.332205776,0.61339668
AC138627.1,138.6651717,-0.591918781,1.826144168,-1.526919428,0.126781048,0.345398692
CYTH1,701.7724483,-0.244295425,0.414519693,0.505758939,0.613025887,0.83848869
USP2-AS1,87.39674445,0.161729758,1.461878907,14.29774271,2.26023E-46,1.49345E-44
SPATA24,86.48829002,0.368018357,1.398140071,3.064740011,0.002178593,0.012233345
LSP1,406.5053542,4.170805504,4.206215725,3.796728119,0.000146618,0.001046949
MMP25-AS1,85.87439003,0.452036973,1.262216608,0.852288116,0.3940542,0.671931351
AL355490.2,13.40364619,0.087910371,2.04462029,0.524320861,0.60005539,0.830045074
ALDH4A1,985.7881385,0.493152536,0.569976081,28.88065541,2.0892E-183,7.7518E-181
HEATR3,85.21418273,-0.211172843,0.758381539,1.056924413,0.290546086,0.570158277
CDC42EP5,78.33786192,0.341075212,1.651149312,-2.713784569,0.006651941,0.032574251
BBC3,59.16417398,0.098498756,27.92309007,0.011067683,0.991169447,1
CENPJ,44.71487776,-0.165042016,0.958676876,0.532538657,0.594352975,0.825352404
SH2B2,51.55339341,0.077170166,1.237961384,2.245949498,0.024707243,0.099561726
RESF1,392.3510205,-0.036053416,1.041991202,0.585883145,0.557954045,0.800503074
AC006333.2,82.70159469,4.917024693,2.000167527,0.5844586,0.558911811,0.801281356
DPP6,418.5207912,-2.657634003,0.635774691,-2.783714344,0.005374034,0.026959598
ZNF273,43.1679901,0.019126327,1.337674372,0.478833492,0.632057088,0.851124334
AL163541.1,68.81894156,-1.625758341,2.971845628,1.628989059,0.103315335,0.300337358
MKRN3,53.49044947,-0.92664299,4.303150905,0.813085365,0.416169116,0.691427827
LINC02675,43.87834208,0.256879728,1.95019612,1.374721378,0.169217841,0.414641735
ARHGEF4,43.67578584,-0.855126797,3.542358826,-0.89791787,0.369229337,0.651456247
AC100778.3,47.35691466,0.617651481,2.56255073,1.135709584,0.256078128,0.529251403
NFKBIA,2241.537057,3.614201258,2.532439675,8.613661207,7.07636E-18,1.62537E-16
PHLDA3,102.9805758,2.897023592,2.371040101,-0.344805171,0.730240845,0.917572646
PTPRM,2289.543994,-1.164624564,17.01516332,-2.099327409,0.035788049,0.133609639
ANXA3,301.9256049,0.690354888,1.363621277,2.237812297,0.025233298,0.101300719
SLC14A1,317.976798,1.795141123,4.287173646,2.067822482,0.038656719,0.142444228
Z96074.1,17.25767943,-0.253571875,4.058721192,0.787093568,0.431227094,0.702592092
LINC02196,28.33039937,-1.321520409,1.111153748,-1.79488E-14,1,1
DAPK2,90.10583422,0.142707348,1.158354562,-0.016828855,0.986573151,1
CHSY3,85.83140789,-0.679736801,2.693240395,-0.475620072,0.634345073,0.852064455
AK5,48.00514228,-0.160012658,1.96121816,1.445643817,0.14827713,0.38186741
ENTPD5,425.0755722,-0.271901679,1.311723582,-1.138602612,0.254868938,0.527849001
AC026471.1,20.0399447,0.025124658,0.834992846,2.824621128,0.004733655,0.024148901
HOXC-AS1,42.01550213,3.807797076,1.825211949,1.292926573,0.196036456,0.452887982
LRRC45,53.63538269,0.231414102,1.283854963,2.54006588,0.011083159,0.05069665
EEF1B2,4819.891678,7.538128014,2.743613484,13.62582612,2.8121E-42,1.69552E-40
PLN,216.292031,0.283696509,2.944622335,0.975807725,0.329159756,0.61030255
HS6ST2,387.3024106,-1.320906428,5.681085762,-0.430090226,0.667130009,0.87648413
PSORS1C1,21.99932332,0.077415249,1.604482197,0.509954905,0.610083055,0.836598611
AC090204.1,80.80325666,0.104537057,1.21009481,2.642535467,0.008228785,0.039201524
NMNAT2,29.12906181,0.0001566,1.274167069,1.236936212,0.216110765,0.478608941
RHPN1,122.422526,0.201952059,1.077503941,0.07532562,0.939955638,1
BBOX1,3844.513347,0.491913527,6.404909373,2.042187882,0.041132898,0.149197833
AC022031.2,15.9427554,-0.035554765,1.786510377,0.804196942,0.421283244,0.694743928
LINC01606,498.2007043,-2.342964973,1.734737902,-1.683439827,0.092289979,0.277618155
MAMDC2,118.7988071,0.640893804,1.533978442,0.142887632,0.886378927,1
ERO1B,377.8930124,0.039896834,49.93687221,-0.017044499,0.986401116,1
CD33,24.79781257,0.401203955,3.47969652,1.274676295,0.202423841,0.462274619
EFHB,38.54711973,0.013383203,1.358755248,0.957271419,0.338430277,0.620337618
AC010978.1,14.98164918,0.07097604,1.503183307,1.325425627,0.185030022,0.438355752
VIM,3797.628873,4.753508364,2.122871406,8.853547743,8.47804E-19,2.06534E-17
CNKSR2,24.07446509,-0.326643287,4.761005789,0.501612776,0.615939931,0.840924499
AC245452.1,23.90629972,0.033366306,1.938178704,0.548966647,0.583028339,0.818343429
IFITM3,3758.86393,6.258778625,2.132314756,9.294981688,1.47232E-20,3.85963E-19
C9orf40,36.22057694,0.377939389,1.476111845,2.362805515,0.018137185,0.076883101
AC245014.3,36.32326513,0.458531223,3.178865448,1.522108842,0.127981811,0.347069119
TCF24,22.44785745,-0.201809523,1.552422074,0.167527784,0.866954788,0.998628399
LINC00513,725.8003958,1.218657515,1.747088759,6.075509415,1.23595E-09,1.72052E-08
SLC16A6,35.90439258,-0.044488776,1.714309013,1.160697677,0.245764867,0.516759736
ATP13A3,728.9600939,0.848872945,0.645623837,3.20150579,0.001367113,0.008146104
GPRC5D-AS1,126.800499,-0.219536809,0.84068595,-0.252453374,0.800690649,0.96324513
IGSF11,107.2730093,-1.796004619,3.556241662,-1.594178045,0.110896162,0.315766021
ATP5IF1,4643.286083,5.930244153,2.024756303,9.969548634,2.07168E-23,6.20668E-22
BRINP3,109.7343357,0.132006019,1.414844813,-0.085083317,0.932195154,1
KIAA1191,940.5138101,1.432352633,2.689485955,0.261975571,0.793340276,0.95846633
MYLK,536.2221213,-0.242228672,0.561198406,-2.45396283,0.014129159,0.062467458
CMSS1,658.165743,-0.210041972,0.19988602,5.175574984,2.2721E-07,2.49482E-06
SAT1,9181.399102,2.951730762,0.689915011,14.22710652,6.22027E-46,4.0821E-44
AL356481.1,26.63579948,0.279815056,1.047845352,-0.116188454,0.907503187,1
SH3BGRL2,156.5484704,0.753107786,0.340073163,0,1,1
PSAP,3482.554089,4.366081732,1.826225282,8.761488251,1.92689E-18,4.62406E-17
KSR2,381.3717571,0.909293523,2.381386991,-1.123974635,0.261023787,0.534854815
DYNLL1,3993.274664,6.153647177,1.980471078,12.4763629,1.00472E-35,4.92008E-34
SLC10A1,96.58188918,0.037447946,1.393048524,2.013659969,0.044045246,0.158310165
MIR3681HG,98.94541766,0.331789507,1.446612455,-2.125196609,0.033570211,0.127000716
AP001767.3,19.76371989,-0.024374333,1.490271381,0.513653859,0.607494017,0.835024247
MMP15,61.08218834,0.046940544,42.93908111,0.050312786,0.959873135,1
PJA1,74.55026396,0.178622546,19.40713873,0.127049591,0.898901149,1
ALDH3A2,923.368026,0.853453769,1.202629083,2.673136357,0.00751457,0.036231733
RELT,43.11787244,0.21849407,2.16976792,-0.104963032,0.916405143,1
MSX1,29.54459133,0.3485521,1.706892118,1.241949903,0.214255046,0.476649473
FOXP4-AS1,16.21252704,-0.015707658,1.404597436,1.410454751,0.158405448,0.398263581
FBN3,44.28162629,-0.084459741,8.235114876,0.038005149,0.969683577,1
ANKRD37,330.5371468,3.84968058,1.619433183,8.516147071,1.64949E-17,3.73537E-16
CTNNA3,159.2853543,-0.767340687,2.822595264,-0.58995122,0.555223353,0.798956463
RGS9,86.88274576,0.179447285,1.154935016,1.382973619,0.166672955,0.410937947
AKAP5,25.29498084,0.324298392,1.55444459,0.609258309,0.542353236,0.790702988
EEF1G,9212.415558,7.580568401,4.483232441,8.998952557,2.27881E-19,5.71006E-18
AC148477.2,23.11997009,0.217859451,2.119675706,0.874266365,0.381973212,0.661339351
AL157871.4,69.80087918,-0.06654233,1.590504372,1.500278243,0.133542343,0.356963974
AL078590.2,98.58989919,-0.414578939,2.653753519,0.024022957,0.980834297,1
CDK17,617.6747154,0.250867689,1.349872378,-1.109169121,0.267357231,0.542988465
LCN12,125.3874843,1.409876444,3.63770172,1.433164313,0.151810886,0.386887037
RINL,66.57087229,0.562704392,1.705104322,3.212476106,0.001315961,0.007880245
GINS4,15.3604147,0.161857352,1.956496431,1.190187514,0.2339727,0.503599873
LYSMD1,40.95116281,0.333765337,1.63508925,1.194322316,0.232351912,0.501220507
INTS6,1030.780805,0.357879942,1.566562939,-1.852036173,0.064020629,0.211364478
XKR9,39.04531471,-0.151207754,10.60622231,-0.044108023,0.964818297,1
KAZN-AS1,32.60034128,-0.224956927,2.533960538,0.530115367,0.596031945,0.827384367
SORCS1,302.2842112,-2.431658996,4.643347169,-2.301328229,0.021373085,0.088529907
BX537318.1,19.97438815,0.674590725,2.420411724,2.190999189,0.028451851,0.111303734
AP006621.4,33.7643056,0.151264963,1.521249769,-0.133311792,0.893946802,1
SLC4A10,26.29824937,-0.188489558,1.651753542,0.215183068,0.829624591,0.980567071
AC099568.2,15.0110829,0.425570574,1.707827939,1.434996804,0.151288008,0.386411283
RELA-DT,72.32594601,0.148233965,17.98434206,0.116547118,0.907218946,1
POT1-AS1,303.4448806,-0.752374809,0.865843149,-8.74417349,2.24654E-18,5.32491E-17
ICAM1,395.0777813,2.360345977,3.103327736,3.309088827,0.000936001,0.005795639
KCTD21-AS1,34.83239475,-0.648936496,2.139350085,0.229523307,0.818462208,0.973886415
MID1,507.5271703,0.678764917,0.873092971,-0.232086819,0.816470582,0.972297157
DOCK2,248.5487824,0.273411969,6.929599091,2.196015242,0.028090852,0.110114772
AC133065.1,15.94569998,-0.153749871,2.1393637,0.848197883,0.396327776,0.673333294
B4GALT1,1035.781179,1.380919466,10.17636672,1.990937398,0.04648777,0.165059815
AP003498.2,75.87910619,0.426255975,1.712835541,1.526068123,0.1269929,0.345585474
PLEKHD1,24.31148256,0.287175097,1.575616555,0.765206473,0.444148606,0.71269155
SLC25A22,49.51425335,0.450380494,1.648221531,1.836593405,0.066269942,0.216934553
PDZD2,738.5272703,-1.816344218,0.686184849,-7.028090081,2.0938E-12,3.49461E-11
HEY1,48.12974884,0.569628199,1.788087725,2.582710327,0.009802759,0.045399528
LINC02084,13.32253661,0.71311858,4.821118685,0.707607921,0.479188772,0.740544485
SMOX,57.95494324,0.584183862,2.033520922,1.994669615,0.046078925,0.16397173
IL7R,579.8125747,0.367087044,34.86077722,0.289402652,0.772273266,0.94532676
AP001628.1,18.54723454,-0.137305762,1.515516775,0.483377698,0.628827581,0.849621802
DNAJC9-AS1,22.86986713,0.228652144,1.318766816,1.304571639,0.192038751,0.447966565
MTRNR2L8,5375.347802,2.854213239,21.57787999,2.079086873,0.037609366,0.139139704
AC008543.1,41.06720316,-0.845389065,3.107758276,-0.189823812,0.849447196,0.989702716
TRIM54,13.72629707,-0.04025887,2.399707555,1.015923991,0.309665583,0.589394486
RDH8,15.3035546,-0.094833043,30.50832453,-1.352498597,0.176215867,0.425414032
PEBP4,61.74820073,-0.461365002,1.603770519,0.846744682,0.397137448,0.674029725
LINC00271,365.1706797,-0.3774104,1.090608273,-3.24693628,0.001166545,0.007055586
CCDC97,167.0338116,0.095936418,1.097935747,2.371638583,0.017709404,0.075437806
MT1H,8174.924606,5.973200626,36.85515673,3.572933991,0.000353004,0.002350191
AC239799.2,23.03167627,0.532533273,1.936237234,2.325817166,0.020028306,0.084005684
GABRG3,32.26657654,-0.156957897,3.02157918,0.048247739,0.961518804,1
SLFNL1,47.8253227,-0.072879435,5.330848481,0.606161379,0.544407596,0.792136134
LINC01564,13.17307466,-0.309107905,2.316593662,0.155254684,0.876620539,1
REEP6,212.4465662,3.61094452,2.854850132,-0.2743291,0.783831723,0.952093192
LINC02410,30.48269274,0.284217121,1.968920015,1.269305031,0.204332293,0.464247204
MFSD2A,62.6623203,0.237111832,1.64941699,1.247366387,0.212263186,0.473566825
BLK,24.21083065,0.248172925,2.223781535,0.812603403,0.41644548,0.691427827
CD1E,17.1187871,0.504397877,23.24425319,0.448334918,0.653911504,0.867118114
ZBTB33,47.42431608,0.443085414,1.313190748,3.584138334,0.000338193,0.002268808
JHY,135.8090671,-0.046581073,36.35659084,-0.056645881,0.954827285,1
C9orf72,295.048714,1.043979188,3.737462408,0.076248578,0.939221335,1
CYP51A1-AS1,21.43874432,0.523370714,1.356730199,3.069147386,0.002146707,0.012089479
RGPD3,21.51217288,-0.564642825,0.552228223,0,1,1
CFAP206,30.27308201,0.12972138,1.20306633,0.694031924,0.487662189,0.746979539
AC010883.1,18.24598959,0.17122351,1.694999585,1.30233682,0.19280127,0.449047285
KIAA0355,481.1376138,-0.371322332,0.841279096,-1.970492368,0.048781969,0.171127147
AC099850.1,42.5203415,0.220597505,0.822609506,4.473519118,7.69427E-06,6.92412E-05
KCTD14,35.15241271,0.3328013,1.513136476,0.678807183,0.497260042,0.754374528
AC116535.1,16.79316765,0.624803467,1.1926719,2.524249576,0.011594558,0.052587072
SFRP2,36.03727619,0.128562176,3.744961731,-0.134390824,0.893093537,1
AC104316.1,44.83666161,0.103380458,1.198415088,2.117888289,0.03418453,0.128819593
OXT,74.92087853,0.516698715,2.294882885,1.315323367,0.188401248,0.443642289
MYOM1,92.3154413,-0.405670142,1.165789083,-0.172268331,0.86322658,0.99695281
LY96,145.2662679,2.206671199,2.436907188,5.224207813,1.74902E-07,1.95808E-06
PTAFR,58.06335525,-0.631037263,2.192271497,1.2275025,0.219633783,0.484075926
FGB,393.8192318,0.225836486,17.19103318,0.352069552,0.724786102,0.91482553
DHDH,293.1365553,-0.504543739,2.751133772,2.913545853,0.003573494,0.018807142
NR4A1,1498.549288,2.497622783,1.590029504,3.873320506,0.000107362,0.000784047
AL360091.3,87.7802817,0.202988458,0.665865442,2.800670648,0.005099654,0.025840209
ETV3,132.8501643,1.188725595,7.278355299,3.05678188,0.00223727,0.012548224
TTC38,507.5877338,0.01450695,55.09843991,0.010881308,0.991318144,1
AC112487.1,13.26265645,-0.043176782,1.89534658,0.540149612,0.589093859,0.821953783
PRF1,295.8108023,7.472169262,5.606458194,3.596572022,0.000322438,0.002170665
DBP,135.38215,3.268366129,2.514577719,4.991233781,5.99948E-07,6.24327E-06
KIF11,19.99746602,0.310354079,1.407385543,1.346937253,0.178000442,0.427910847
EML1,228.858793,-0.026833092,48.69126782,-0.066708729,0.946813585,1
FCRL3,16.16276229,0.301142445,2.689613772,1.086928355,0.277068474,0.55504321
GALNT12,43.87084193,0.636766169,1.493789618,1.270566124,0.203883045,0.463882013
TMEM246-AS1,152.7058835,-1.621777967,2.582367679,-0.374846744,0.707774448,0.903161389
BTF3,4717.379703,6.729286553,1.7608451,16.12851612,1.60839E-58,1.46378E-56
LRRC34,41.41141407,0.210803698,0.864439145,0.48690923,0.626322657,0.847853806
LAMA4,96.31325239,-0.080932743,16.67789751,-0.128363478,0.897861332,1
AC006059.1,114.9866016,-0.182104577,0.879344668,0.748389475,0.454225269,0.719966184
AP002433.1,24.72646,0.132190186,4.990113643,0.482968436,0.629118148,0.849895361
GPR158,18.15979619,-0.163300174,3.961546233,-0.06252733,0.950142899,1
APOBEC3G,145.0584279,3.621673144,2.004665857,5.136441738,2.79989E-07,3.03489E-06
C2orf81,54.06980492,0.64116038,1.461962922,2.58550869,0.009723542,0.04507593
SLC22A23,362.4315489,-0.932880574,2.796804359,-0.664932679,0.506093553,0.762758915
TCL6,316.4734994,0.169238162,1.915076087,2.186418786,0.02878498,0.11237908
AC114689.3,34.50127475,-0.324517081,1.84379986,0.634920659,0.525480162,0.776905307
AC007240.3,15.05741236,0.097355763,2.139897303,0.803974593,0.421411648,0.694814249
HDAC9,427.2221804,-1.608768066,2.091892733,-2.276419585,0.022820909,0.093443678
NAMPT,1587.587486,1.900849268,1.795687,4.183151805,2.87495E-05,0.000235439
ATP8A1,396.1646739,-0.497829378,1.15602345,-0.102729124,0.918177958,1
GRB14,583.012434,-0.075555436,1.083758303,-1.240533465,0.214778144,0.477109714
AC093627.3,12.94928885,-0.022421597,1.581276055,0.651837759,0.51450584,0.768571979
ST18,67.52202139,-0.830464753,2.754404015,-0.265254761,0.790813212,0.956851255
AC046143.1,17.00691115,-0.013183777,1.844045706,0.443159619,0.657650285,0.86956583
MEG3,265.5548093,-0.622615138,7.686352294,0.398419777,0.690320782,0.891621982
IL1R2,133.5818895,0.716301092,1.961020827,4.311448545,1.62189E-05,0.000138586
TSPAN5,453.513618,-0.368387008,0.782502894,0.582858128,0.55998881,0.80177855
AC092120.3,56.64262882,0.002544637,30.50734961,0.012101429,0.990344692,1
SFTA2,43.44688775,5.113140145,3.010089097,0.874630428,0.381775026,0.661336627
CCL17,13.85969253,0.04241747,4.061121513,-0.142926805,0.886347989,1
ORC1,15.80405239,-0.133977943,1.319178286,0.297896058,0.765782497,0.941563057
TMEM44,60.23052551,-0.040629909,10.88138309,0.076316763,0.93916709,1
NRP2,94.5644844,-0.240059783,2.362744014,0.722516941,0.469976714,0.733042095
AHCY,82.01706519,-0.406925277,1.43992993,0.75056135,0.452916689,0.719771878
AC006972.1,20.70673401,-0.423939082,1.573806907,0.099021018,0.921121582,1
TSPAN13,110.3791313,2.588836054,2.095499316,-0.913427532,0.361017731,0.64519045
ITPR3,149.1646505,1.223624184,3.504290938,-0.693495884,0.487998408,0.747231418
B4GALNT3,209.9764311,-0.414983477,1.192220707,-0.338448726,0.73502506,0.921360025
HMCN1,194.9215437,-0.210108667,1.598248884,-1.445629901,0.148281035,0.38186741
LINC00379,98.42073161,0.532742375,1.556291601,0.923282744,0.355859878,0.639881875
CSTA,138.5350186,4.282345193,3.688659235,-0.378978146,0.704704092,0.901150634
ZNF250,98.01980403,0.569774081,0.634372168,2.06565069,0.038861474,0.142926666
USH2A,36.61222578,-0.141520979,1.488498448,0.970131168,0.331981115,0.61339668
HDAC7,290.9631326,0.588813415,0.481942595,1.233093681,0.217540815,0.480672524
MSRB1,818.9785177,4.458949765,3.964916368,3.942214287,8.07328E-05,0.000605622
AC103591.3,79.49091693,0.540458232,10.36491131,0.576083316,0.564558868,0.805904024
AC022146.2,64.64090008,-0.081082647,23.44855313,-0.029510238,0.976457654,1
DEFB1,21502.7057,4.316122951,2.064607449,8.191465594,2.58064E-16,5.52006E-15
DPP3,127.1746144,0.876429101,2.440291952,2.122267321,0.033815296,0.127738731
SPRYD3,120.1008418,3.611309268,2.212159655,4.88766747,1.02038E-06,1.03399E-05
SPINK1,3572.536891,4.723178317,17.88924412,2.095787102,0.036101081,0.134466073
DRC7,13.37400761,0.274786559,1.837005899,0.8083013,0.418917154,0.693189329
AC141273.1,39.51692603,0.106988643,7.364758347,0.377136525,0.706072149,0.90206304
APOL6,233.0606116,0.098881901,58.05881858,0.062168164,0.950428915,1
GBP4,177.9218352,3.684620522,4.336508402,3.697079081,0.000218094,0.001515819
PDGFRB,121.3811509,-0.298687096,1.98930207,-1.393795229,0.163379449,0.406624671
ZNF324B,13.52653347,-0.240034916,0.385526638,0,1,1
AP000331.1,49.93367939,-0.103895074,1.942292523,0.928642196,0.353074546,0.636061652
TRPV5,28.72825589,-0.376997584,3.124475435,-0.111337884,0.911348415,1
RASA2,689.2467429,-0.20184836,0.304769621,0.496678245,0.619415966,0.843759648
FGF1,215.0431767,-1.635649598,4.678688877,-0.047930808,0.961771386,1
HYAL2,497.6020553,4.245267617,1.928028927,6.815997737,9.36118E-12,1.48532E-10
NECAB1,79.66602018,-0.117906357,22.29926764,-0.04233889,0.966228544,1
PKNOX2,65.26924938,-1.659202743,2.341746196,-1.03602827,0.300188954,0.58022898
DGKA,74.76809115,0.480507467,0.902644236,4.298702585,1.71801E-05,0.000145766
SLC34A2,45.40148969,0.437345858,1.619605058,1.077431908,0.281287356,0.559801607
CNTN5,115.354307,0.104956628,1.546165107,-0.586385084,0.557616765,0.800387673
SCN9A,89.15854039,-1.259060526,9.023778958,-0.883111393,0.377176089,0.658215943
SHISA4,61.46438731,6.007862969,1.478729455,13.60970561,3.50653E-42,2.10109E-40
KCNMB4,161.446996,0.784091292,1.18497772,-1.583997418,0.113194307,0.320512321
TMEM86B,22.41905098,-0.001704377,1.611622166,0.850159922,0.395236181,0.672732319
IGHV3-7,23.62469256,0.102618515,392.9964906,0.200378694,0.841184421,0.986856038
PIDD1,49.52721726,0.701595661,0.597671575,0.657505254,0.510856094,0.765769749
AC024022.1,167.4703706,-0.090997862,39.9861045,-0.163925472,0.869789814,0.999388082
AC104088.1,25.27383469,-0.016039332,2.28952737,0.89854143,0.368896968,0.651308392
BBOF1,738.062858,1.047147642,3.701558452,0.00449064,0.996417,1
SCN1B,34.51659183,0.15699329,1.587944786,1.48488959,0.137573074,0.363857335
CAVIN2,464.4598576,2.899416331,3.754396115,3.12616894,0.001770998,0.01024884
ODC1,762.6341806,4.059006702,4.688343756,5.990213139,2.09566E-09,2.87171E-08
LINC02068,49.16283326,-0.474128077,1.362524016,-0.123621923,0.901614633,1
MAP3K5,647.2234306,-1.461034253,0.558333697,-18.91272319,8.96076E-80,1.29022E-77
GALNT10,372.0100905,-0.67202098,1.770142971,-0.804478132,0.421120893,0.694702479
ACSL1,1081.572071,0.699757932,0.596925485,4.182242417,2.88648E-05,0.000236095
RASSF2,70.20371327,0.086926308,2.555602192,3.319023958,0.000903327,0.005611329
PPFIA3,55.68601857,0.201212619,0.885085772,4.332359705,1.4752E-05,0.000127406
CCL19,26.24725233,0.441897451,2.672495148,0.402687273,0.687178298,0.88971878
VWA2,16.82682171,0.102566967,1.545251856,0.654848922,0.512565029,0.76674133
PKD1L3,33.42364363,-0.054867358,1.966207296,1.040946189,0.297900523,0.578741108
FRMD5,81.76436948,-2.310860978,1.551538261,0.316195391,0.751854206,0.933502223
MSC,14.35251549,0.275713325,3.773162972,1.028879643,0.303536236,0.58389114
ACE,84.60746474,-0.374841036,1.361968155,2.273721862,0.022982715,0.093946716
VXN,17.34645945,0.036263647,2.037701506,0.873871133,0.382188437,0.661340242
JAML,147.8854418,2.086501152,2.524564459,9.906392932,3.9049E-23,1.15201E-21
ANK2,1235.825894,0.867651926,0.992582256,-0.26315937,0.792427746,0.95787792
AL358335.2,21.7161386,-0.211050577,1.763246242,0.556907774,0.577590443,0.813643456
CSPG4,30.91720029,0.07486453,1.732813107,0.610619874,0.541451263,0.789984926
LAYN,33.58032753,0.744644813,2.291019088,1.843378711,0.065273736,0.214255098
BMP6,156.2296011,0.437175044,1.43487064,0.614480761,0.538897683,0.787927546
NPAS2,356.3138395,0.223311034,0.733719505,-2.094852202,0.036184133,0.134619487
CHP2,18.32280246,0.45371541,6.064062996,0.511132639,0.609258183,0.836365644
PYGM,15.29289427,0.082834728,1.745527351,1.383273505,0.166581019,0.410937947
B4GALT7,150.719464,3.299385994,0.448805037,0,1,1
AL391117.1,214.1406298,-2.489162761,8.232590367,-0.054351217,0.956655344,1
PDGFRA,56.60018903,-0.280239426,3.254136391,0.053111883,0.957642764,1
AHR,459.0135675,0.455115826,1.316422243,0.767949359,0.442517271,0.711545991
AL513166.1,84.76642736,-0.188451208,1.859978406,-4.31247396,1.61438E-05,0.000138067
LINC00861,114.4489832,0.190943477,1.520324292,2.197125403,0.028011491,0.109848316
RBMS3-AS2,57.69362431,0.045072521,8.38395615,0.068104355,0.945702564,1
SLC24A3,121.0336058,-1.739432639,3.207333595,-1.439645292,0.149967779,0.384771053
ACTC1,13.33053821,0.395088071,2.750194278,0.753689268,0.451035828,0.718603242
GAS2L3,69.70694443,-0.384260176,2.191082121,0.274633114,0.783598123,0.952049293
AMACR,781.0215688,0.122648431,44.02579699,-0.014216541,0.988657224,1
IL10RA,136.3475434,0.962611126,3.173192233,3.374467583,0.000739586,0.004675484
ZNF223,35.61566534,-0.084407396,1.098951824,0.496021823,0.619879014,0.843923413
RNF122,72.10411867,-0.219556808,1.745999076,0.993256351,0.320585043,0.601395929
MPP2,17.26270137,0.086211186,1.781748905,0.612133802,0.540449235,0.789478161
THBS2,46.45923756,-0.241973212,9.257590475,-0.088424185,0.92953954,1
HLA-DQA2,150.9347141,0.455890509,10.11396301,-0.071274007,0.943179682,1
ANO2,103.0143666,-0.038406698,1.988446747,0.454165594,0.649709645,0.864205923
AC018797.3,29.16390344,0.004939507,4.434706597,0.912332437,0.361593744,0.64556135
PROX1-AS1,26.416207,0.30728666,1.42665734,0.677706523,0.49795779,0.755195535
PALMD,191.5028555,0.341176357,1.088158251,-0.884536741,0.376406538,0.657666218
ARHGEF6,123.8846386,-0.195194372,1.738525366,0.756111403,0.449582406,0.717333645
ZNF101,60.9666737,0.212156417,1.209470828,0.288739177,0.77278098,0.94534848
TYMS,94.8056798,0.383839717,0.860045107,5.190068913,2.10216E-07,2.33098E-06
ZFP37,18.10574804,-0.045227788,1.472506792,0.46697253,0.640519532,0.856422997
PKDCC,42.80418652,0.236956109,1.239833174,0.903636839,0.366188,0.648256531
LPXN,246.6116935,0.217630668,0.79460474,0.905462216,0.365220568,0.64742426
SCN2A,621.4279612,-0.314233149,1.336983852,-1.533709726,0.12510108,0.342660454
SPINT1-AS1,466.1492907,3.770032125,2.988701576,5.25380187,1.48991E-07,1.68897E-06
AP003120.1,14.78892916,-0.053568528,2.058286729,0.826058896,0.408770683,0.685487109
LDHAL6A,18.32566011,-0.143274336,1.894439222,0.992688087,0.320861982,0.601507101
IL11RA,60.12654611,0.220211002,1.3170417,0.923612168,0.355688276,0.639695153
SPDYE1,47.68832807,-0.119184555,1.23103562,0.678351164,0.497549065,0.754694314
FBXO32,164.0579728,0.763421917,1.242184581,2.08628868,0.036952481,0.137055205
COL11A1,22.98807494,-0.189723253,2.339673456,0.400791574,0.688573583,0.890472957
SATL1,21.64043531,-0.057778347,1.469966566,0.747176971,0.454956743,0.720566032
CCNO,24.65965135,0.393954781,1.67201221,1.96781971,0.049088785,0.171695811
CPN2,49.7721293,0.059103162,4.763741749,0.149253835,0.881353342,1
AC091114.1,14.90655442,-0.128356984,1.321907232,0.690543737,0.489852315,0.748551447
GEMIN6,174.463569,0.723200709,2.047503484,5.09808909,3.43099E-07,3.67764E-06
CCDC144A,145.2710288,-0.128338383,78.51333357,-0.087982544,0.92989055,1
NRN1,57.06319801,0.677585267,2.180486955,2.44514842,0.014479254,0.063578227
AP002748.6,18.89859381,-0.207526071,1.138227925,0.589703648,0.555389349,0.798956463
LINC02732,20.5733235,-0.089623729,2.468901658,1.43750358,0.150574956,0.385815831
RIMS1,23.0066344,0.053397742,1.457942581,0.943421545,0.345465327,0.628693456
SOX9-AS1,119.4451418,-0.262903267,2.15606015,0.350307581,0.726107877,0.915487548
CRTAC1,57.12540734,0.090464526,1.889702484,0.973181981,0.330462865,0.612246221
AC069503.1,20.04754334,0.226211387,0.971188601,2.528939935,0.01144076,0.052085425
COL7A1,34.44098138,-0.232705181,2.229241558,2.170489292,0.029969799,0.115972182
AL358472.4,22.25485818,0.318182397,1.356077604,2.138250067,0.032496453,0.123763632
AC018467.1,114.9913703,-3.107793925,4.280246046,-0.061743891,0.950766787,1
PCSK6,102.9910424,-0.744870874,2.689750202,-0.808370015,0.418877608,0.693189329
CD300LG,19.08893028,0.313467077,1.887172403,0.766363127,0.443460267,0.712060784
AC012442.2,14.10383448,0.011431817,1.343485864,0.624426637,0.532347436,0.783262589
IL20RA,22.87075129,-0.024782686,4.417773406,0.388898978,0.697350878,0.895618951
FLNC,14.0889705,0.076327594,2.474544778,0.687491338,0.491773157,0.750179578
AC073111.4,46.12835277,0.26387828,1.273193415,0.870264698,0.384155766,0.663079384
AC025917.1,13.51231459,0.105480252,2.038368841,0.700028965,0.483909216,0.744357848
LINC02580,14.06825527,-0.063613761,1.480213109,0.19877311,0.842440231,0.987487353
AC026495.2,23.85444368,-0.153844484,1.777941268,0.10626367,0.915373155,1
VWC2,13.82492889,-0.010778361,1.579897856,1.249816809,0.211366474,0.472760475
IGFBP6,392.4155502,5.249246054,3.743888657,4.127063951,3.67424E-05,0.000296119
AL606468.1,25.76771659,0.215931265,4.729289914,-0.212300714,0.831872439,0.981420254
TTC6,34.92465812,-0.035292471,3.65607146,-0.073698539,0.941250261,1
LPCAT2,250.7224569,0.912576112,2.231772322,1.275928184,0.201980907,0.461796604
CCL20,146.8793483,0.444508628,4.379107619,1.188031167,0.234821131,0.504549637
PRKAG2,1009.595197,-0.808019192,0.608210102,-1.19690772,0.231342525,0.500219033
OR3A2,19.07484345,0.008325084,1.45209412,0.766012101,0.443669102,0.712159039
C6orf52,36.25456474,0.242234269,1.486592675,0.748900381,0.453917251,0.719966184
MAGI3,980.2824675,-1.397587163,1.387603983,-2.422856198,0.015399021,0.067004019
SCARF1,78.09590952,-0.037761928,1.228488789,0.512346858,0.608408276,0.835835892
DPYSL2,447.2547078,0.709845823,1.897632972,1.686760542,0.091649405,0.276208002
AL160272.1,14.22527995,-0.011890199,1.945307902,0.487175986,0.626133622,0.847853806
SOD3,1071.532183,7.904325254,4.82042231,6.935744983,4.04086E-12,6.52968E-11
HIST1H2AE,24.3821898,0.144488071,52.92103225,0.342433652,0.732024567,0.918982022
CATSPERB,112.8260336,0.433276443,1.392662678,-0.436910027,0.6621766,0.87303781
KYNU,397.5413447,-1.636031445,35.54641136,1.877062212,0.060509568,0.202615689
LRRIQ3,66.60174766,0.281016406,1.152430788,0.435068915,0.663512406,0.873843574
ZNF460-AS1,41.92853217,-0.058495839,1.024272737,-0.014526983,0.988409552,1
ZNF257,31.5737417,-0.088355942,1.183030215,0.676688132,0.498603848,0.755344115
TREH,81.94817476,0.426826785,1.990352619,0.586130596,0.557787757,0.800502603
MRVI1-AS1,16.42861703,0.359405226,1.749103516,1.251426033,0.210779084,0.472241775
P2RY11,28.07804363,0.208689169,1.073532309,1.02137374,0.307077402,0.587461996
AC040169.1,56.53932964,0.584455134,1.752166106,3.494694912,0.000474604,0.003085245
RGS1,733.3530493,7.835042856,4.478153519,5.924564673,3.13126E-09,4.22479E-08
ACKR1,126.7903057,0.469512957,2.725883462,0.527589281,0.597784434,0.828091102
MPV17L,125.507949,-0.371083338,2.022512229,0.909103617,0.363295434,0.646359222
HLA-F-AS1,52.87548688,0.174180652,1.263859162,1.491759356,0.135762242,0.360699078
HSPA1B,2826.614274,6.28948945,5.00594984,6.847414908,7.51964E-12,1.19706E-10
NIM1K,36.76845756,0.001180542,1.601175009,1.488076534,0.136730711,0.362772599
PHLPP1,520.4320118,-0.770826292,1.820568259,-0.848715345,0.396039706,0.673277718
CXXC4,18.72080403,-0.017418656,2.159603676,0.841607149,0.400007886,0.676877053
ALAD,266.4721409,0.290327328,1.649641884,2.186145752,0.028804944,0.112396584
RBMS1,1460.973543,-0.529658929,0.98121396,-0.261786357,0.793486158,0.958522535
SNRK-AS1,23.12572246,-0.117270555,1.645847922,0.342090272,0.732282958,0.918982022
TRAT1,67.97583688,0.405824456,1.587755906,1.870676627,0.061389916,0.205113372
AP001977.1,33.56245829,-0.123018341,1.405208557,0.383698003,0.701202293,0.898220491
BCL2A1,219.6108438,4.617313314,5.039376072,2.740921686,0.006126711,0.030263379
SLC16A7,832.4207345,0.169797221,0.569706499,0.227732665,0.819854077,0.97467257
RGMA,20.3444116,-0.173231636,2.221381201,0.189970467,0.849332273,0.989702716
ZMYND10,15.39356136,0.501691785,1.88910818,1.15818885,0.246786977,0.517892967
NBL1,231.6099141,0.147971031,29.03469091,0.106513181,0.915175198,1
PLPP2,61.33594896,0.381535981,1.9345156,-0.739061304,0.459869772,0.724469088
PLD1,278.5956558,-0.980787958,2.26014544,-1.888988121,0.05889342,0.198791052
CA4,356.69984,1.428014874,5.143724508,5.04026585,4.64886E-07,4.88003E-06
SYTL5,23.25314271,-0.059653668,1.448860922,0.772694408,0.439703257,0.710023606
KIAA1755,16.00548165,-0.281182308,4.344560107,0.558483018,0.576514598,0.812748257
RAB29,559.7231456,2.144170767,2.840719406,-0.838789075,0.401587682,0.678479225
KRT80,20.24671835,0.210290033,1.582572972,0.798544258,0.424554721,0.69725693
G6PC3,240.3761164,5.299435669,2.035982935,11.38567972,4.92825E-30,1.89413E-28
BBOX1-AS1,153.3301319,-0.096566651,38.30080748,-0.006311646,0.994964069,1
TRGC2,83.58120574,2.382756251,1.840223663,1.493466301,0.135315169,0.359916185
AL138762.1,18.74286045,0.469664495,1.450812584,0.648134627,0.516897879,0.770245432
XG,18.22800358,0.198617903,1.798222085,0.97041423,0.331840059,0.61339668
HIST1H2BN,52.17149752,2.116953413,0.794768724,11.67461937,1.71833E-31,6.96502E-30
MROH8,78.57445584,-0.288796644,0.276607575,0,1,1
AC009313.1,63.85279925,-0.041467579,1.923138153,1.24451947,0.213308438,0.475406281
AC019117.1,55.57454681,-0.215643347,3.905065827,0.000920769,0.999265333,1
EHBP1L1,117.0174983,0.011145295,34.36430891,-0.058472244,0.953372471,1
GPR155,386.7867021,0.444107882,1.167489494,0.547252092,0.584205553,0.819135128
AC126177.3,14.84401417,0.012423153,2.704199445,0.929297209,0.352735081,0.635919985
DISP1,338.9647241,-0.189014044,0.653670487,-5.669232448,1.43439E-08,1.82794E-07
LINC01833,13.46756484,0.039222076,2.409620091,0.387411089,0.698451896,0.896363634
AL117336.2,76.37674235,0.014672017,1.354080736,-3.017009097,0.002552822,0.014040518
PIK3R1,838.9837451,-0.081310899,1.027317224,1.538697514,0.123878159,0.340470828
IRF7,152.1181108,0.205588311,8.447860948,0.313556391,0.753857985,0.934829335
PRKAR2B,89.54897098,1.184830354,6.417326995,1.79693349,0.072346179,0.231791295
AC007780.1,45.43566614,-0.698979374,1.260185134,1.147790662,0.251054993,0.523140437
MSTO1,48.98247559,0.049702984,9.906865124,-0.000570008,0.999545199,1
CCL14,337.5152605,0.526196024,29.59236109,0.40578336,0.684901786,0.887811808
ZNF462,327.6416606,-1.605903508,1.99837608,-2.618396957,0.008834397,0.041613978
AL138686.1,17.17022633,0.555775877,2.979739188,1.45977484,0.144351965,0.375657785
GP2,223.1810414,0.061763669,1.887246286,0.368569184,0.712448868,0.906966777
HS3ST2,28.336325,-0.105171354,4.981411107,-0.183196824,0.854643586,0.992386456
NRG3,793.7633231,-1.780588367,5.834175132,-2.468304592,0.013575475,0.060379256
UHRF1,17.39105663,-0.087596566,1.196986237,1.372622476,0.169869741,0.415605729
RAB20,346.4624328,0.674357107,1.884310401,1.580613402,0.11396646,0.321525791
NR4A3,408.4286693,2.916531272,1.58657352,7.025939923,2.1263E-12,3.53662E-11
MPP7,493.0747702,0.584858696,0.515000358,3.115507698,0.001836286,0.010563296
CCDC60,33.65218742,-0.084603045,2.250505393,-0.260999857,0.794092617,0.958654922
AC011586.1,19.19504429,-0.002439225,1.93931188,0.563481713,0.573106909,0.811144711
DIP2A,358.8872404,-0.468854378,1.004505052,-0.420500131,0.674120134,0.88126861
NUGGC,62.2339317,-0.184238364,1.781516123,1.025178147,0.305279138,0.585523187
UNC13A,16.1018091,-0.118997203,2.95330782,0.431207036,0.666317838,0.876341948
HLA-DQB2,18.92925832,0.41996724,2.703803675,0.722189352,0.470178069,0.733208251
AC073389.1,25.08537548,0.200784985,1.516583541,1.171673998,0.241327966,0.511331186
MFSD6L,13.21460986,0.65078468,2.207037455,1.802249604,0.071506144,0.230016594
KLHDC7B,13.97653618,0.448154739,1.948142143,1.38800813,0.165134569,0.408999536
C2orf72,18.59492661,0.359107666,1.274001658,1.036131839,0.30014064,0.58022898
RGS6,298.4893581,-1.21325833,7.256814539,-0.643879636,0.519653488,0.771483102
BMERB1,443.4052801,-1.130024482,24.81293564,-0.578756454,0.562753518,0.804398161
MLST8,182.4709236,0.710603205,2.069396515,2.942487964,0.003255864,0.01740929
CPNE8,626.3728545,0.437224674,0.318229953,-2.232067913,0.025610475,0.102346417
COL5A2,141.0788794,-0.16507797,1.821853792,-0.673487397,0.500637264,0.757235447
CENPW,30.614288,3.20466394,1.66682635,3.941731492,8.08955E-05,0.000606371
PTGES,47.69141301,1.540002595,4.015875184,0.449459179,0.653100449,0.866280769
CLCN5,1134.814461,-0.8574924,1.604427562,-0.428705923,0.66813725,0.876941503
GATA3-AS1,204.8423793,4.128039813,1.824553878,3.840195659,0.000122936,0.000886372
PWWP3B,33.5056686,-0.651301884,3.04958335,0.695272638,0.486884458,0.746327631
UBE2C,14.36411486,0.414304993,2.087100426,1.187674439,0.234961698,0.504549637
AC079753.2,12.93697088,0.117667844,1.619002497,1.281958972,0.199857039,0.458615808
C5orf66,23.86251011,0.042081225,1.800549872,1.547505293,0.121741449,0.336322955
RGS7BP,35.76118663,0.686724646,1.04870778,4.679217592,2.87972E-06,2.78363E-05
PRTG,135.2491784,0.231679975,1.153141197,-4.876001074,1.08258E-06,1.09472E-05
TCP11L2,108.0469378,0.416552808,0.549418167,0.130356263,0.896284568,1
SLC25A3,4321.194304,5.294780658,1.950202279,10.50636038,8.075E-26,2.64964E-24
CTTNBP2NL,329.6856792,-0.1900745,0.926738994,24.98371739,9.1895E-138,2.4625E-135
ZDHHC20,477.4819992,-0.493810818,0.191549615,0,1,1
MGAT3,25.05575595,0.271022156,1.174864364,1.480400866,0.138766299,0.366427092
AC073878.1,13.79261523,0.026049866,1.653595092,0.604801613,0.545310821,0.792525539
AL136366.1,16.4302302,0.182756545,1.81688493,0.523734344,0.600463324,0.830158622
AC023794.1,19.39418607,-0.067080718,1.737423711,0.448973374,0.653450864,0.866626407
LTBP4,152.1714203,0.619889855,1.008189255,2.939820384,0.003284026,0.017512988
ID2,2304.503271,1.454136979,0.973455645,7.337448714,2.17704E-13,3.92559E-12
ACSM6,21.13647881,0.00492791,1.908326276,0.662757005,0.507486194,0.763343962
NUDT12,174.0951961,0.750155457,2.12010692,1.810080639,0.070283283,0.226915271
PCYOX1L,26.56765993,0.124385665,1.414557923,1.086414235,0.277295766,0.555109413
SHH,40.22736222,0.250809588,1.443814631,11.72122493,9.92268E-32,4.09077E-30
SST,32.28589229,3.980573324,3.22525247,0.655166885,0.512360313,0.766586896
GDF15,1717.347769,4.080519258,3.476112806,5.214393871,1.84419E-07,2.05913E-06
CCR1,35.17773603,0.447872156,2.153713166,1.412225459,0.157883587,0.397330575
GPR174,123.2580169,0.375695095,2.106168249,1.508084143,0.131532993,0.353060319
HSPG2,607.5335917,1.371399687,2.585249588,0.808615149,0.418736548,0.693128257
EXOSC4,277.2072637,5.653521876,2.37034672,-0.178036616,0.858694219,0.994527312
ELF3,712.6464726,1.176191318,9.199283534,15.52975658,2.18207E-54,1.68403E-52
GNAI1,525.5629581,1.089048367,2.890400334,-0.308915625,0.757385711,0.936610685
TUBA1B,1720.989759,6.893519441,2.498370211,12.69142796,6.59719E-37,3.36736E-35
LINC00853,85.57640903,0.246763082,1.844267086,1.085583109,0.277663476,0.555269393
AC114947.2,15.03914312,0.64723318,2.468423317,1.834005307,0.066653206,0.217719394
TNFSF15,42.19294103,-0.033670475,7.067843493,-0.046160637,0.963182216,1
CRIP2,964.3365615,3.400553558,1.736732485,5.159408211,2.47732E-07,2.70347E-06
MTA2,55.16760439,0.210665562,1.438443833,2.233075345,0.025543976,0.102165314
NPIPA5,12.92036212,-0.160417771,1.667968391,1.37318255,0.169695603,0.415285003
STX17-AS1,131.7160178,0.387963808,0.695948977,0.669590355,0.503118964,0.75944119
IRS2,320.593058,0.788367948,1.899088077,0.826022977,0.408791058,0.685487109
LHFPL3-AS2,340.3413039,0.511042121,1.01441956,-0.035090677,0.972007436,1
AL645465.1,77.99380609,-0.017045104,45.71644251,-0.055087125,0.956069053,1
AC005264.1,24.10707973,-0.030706736,4.224566862,0.369310074,0.711896618,0.906502992
LINC02275,163.8196981,-0.325304356,2.861976652,0.004801735,0.996168784,1
CPVL,846.6872962,3.068297209,0.790425244,4.996644934,5.83363E-07,6.07744E-06
CST7,382.3234693,7.717649117,4.410210505,4.244584057,2.18999E-05,0.000182128
ACVRL1,110.3746276,0.08867994,43.27146903,0.00152823,0.998780649,1
GADD45A,1641.497272,3.381261005,2.759530838,6.872299332,6.31752E-12,1.0107E-10
BORA,25.23563218,0.176862551,0.672405256,0.042038629,0.966467904,1
KMT5C,47.80199469,0.098471207,1.335219583,1.135670006,0.256094698,0.529251403
TSPAN18,148.1103923,-0.049051705,59.79443601,-0.086229549,0.931283941,1
STARD13,916.0202699,0.211804429,0.979154381,-1.442821179,0.149070852,0.383387498
LINC01374,48.43953082,-0.064126518,1.810474695,0.011394592,0.990908627,1
TM4SF5,168.7925343,0.105816114,2.134082499,0.969695915,0.332198087,0.61339668
PCK1,7356.055858,3.022335521,8.572741646,2.885732466,0.00390504,0.020363198
AL139089.1,20.98033012,0.377374422,1.73284795,0.957808066,0.338159551,0.620312833
LINC01629,15.05386051,0.07883369,3.033959832,0.202052327,0.839875817,0.986204716
GNAO1,29.29309572,0.134685981,1.543293925,0.706362932,0.479962466,0.740950218
PCDH7,287.1306055,0.074227561,1.113345484,-1.318655258,0.187284391,0.44250123
AC116903.2,22.84368208,0.308415661,1.885018365,1.038337866,0.299112786,0.579539545
AP001037.1,13.68366414,0.078825126,1.972873075,0.17339139,0.862343792,0.99676858
RELN,44.05753443,0.059745065,1.656274791,0.770943365,0.440740502,0.710294624
CORIN,30.46042918,0.190290597,1.392781547,0.563663359,0.572983258,0.811144711
HLA-DPB1,2391.296848,5.810960716,1.193032703,14.79031803,1.69153E-49,1.21777E-47
RIPOR3,267.4906413,0.606840334,0.759138275,-3.246414012,0.001168687,0.007059692
TUB,89.24205427,-0.045088094,17.17454556,0.050164622,0.959991204,1
GPER1,41.73934338,0.373347217,1.423676548,1.32374655,0.185587233,0.439244366
ZNF578,39.2620708,-0.303177669,1.240030496,0.885133306,0.376084738,0.657500809
ERP27,258.2319318,2.918785197,2.06156669,4.9169825,8.78884E-07,8.94366E-06
C19orf38,60.64235155,0.056928322,1.650558161,2.239774737,0.025105551,0.100913853
VWC2L,14.51786267,-0.074001649,1.776209291,0.697227157,0.485660646,0.745689679
SYNE2,3205.68197,-0.532050844,1.077140552,-2.149635986,0.03158402,0.12095714
AC034193.1,13.33606901,0.150343754,1.459035022,0.980704409,0.326738529,0.608033678
AC007098.1,48.64203943,-0.006237756,1.675346988,0.056309796,0.955095015,1
PTPRR,30.95649589,-0.169990204,0.702214712,4.34749491,1.37701E-05,0.000119461
FOLR3,176.12383,3.684864192,3.472945142,3.090187641,0.002000301,0.01137789
HOPX,236.5692873,5.258320126,1.649395247,11.37254408,5.72929E-30,2.1846E-28
CNN1,80.73725957,-0.058268082,3.078998513,0.664137419,0.506602363,0.762870868
BATF,129.662312,0.759863365,2.295433011,-0.183209098,0.854633956,0.992386456
GABRP,28.83515585,0.020129417,1.798104876,11.09741702,1.29122E-28,4.75434E-27
ELN,130.1648412,-0.219166705,1.113068326,0.727754416,0.466763933,0.731147618
CD28,50.71465882,0.384200613,2.337921069,1.484459425,0.13768708,0.364008566
PIPOX,455.8415434,-0.022091307,21.15439903,1.900423747,0.057377533,0.195107882
CP,44.24442505,0.166900342,1.655387171,13.02839222,8.43667E-39,4.54684E-37
RBM38,115.9110462,0.570088175,1.54972282,2.953966135,0.003137184,0.016882126
IYD,162.387976,-0.39033815,4.221496643,0.68230821,0.495044083,0.752432687
AP003778.1,17.30338506,-0.083002928,1.4938358,0.610713476,0.541389283,0.789984926
DNMBP-AS1,22.7448393,-0.226350283,2.022326435,0.779649496,0.435597213,0.707106451
AC092652.1,58.00900709,-0.006253839,3.514190787,0.899300193,0.368492784,0.651190674
FAM78A,31.65672265,0.331976052,1.180814391,3.411388293,0.00064633,0.004123772
KBTBD11,182.7528356,0.768618369,2.220530933,1.651897005,0.098555549,0.29015479
PLEKHN1,14.43684463,-0.021735371,1.940276588,0.69251406,0.48861456,0.747370328
BCO1,30.15784087,0.202732753,1.196309585,1.720961642,0.085257785,0.262270998
PAK6,49.21721629,0.217664678,1.628215106,0.672335012,0.501370445,0.75810669
NHEJ1,143.6326241,-0.192800396,2.141497388,0.40928262,0.682332268,0.88616847
GSN,1474.989765,1.349718446,1.87638407,3.850642975,0.000117808,0.000853027
PCP4L1,17.04156046,0.016105026,1.666074104,0.686266249,0.492545228,0.750517706
FBLN1,188.493529,-0.418040136,2.435592432,0.468886017,0.639151112,0.855875035
TMC1,89.78936017,-0.129403166,4.687481401,0.078972945,0.937054142,1
SLCO4A1,122.3046901,3.587924447,1.487921616,2.998115581,0.002716546,0.014831082
AC117834.1,26.27979245,0.047280858,1.784778013,13.60599852,3.68896E-42,2.19675E-40
PLEKHF1,54.79340127,3.44078994,1.796665096,6.616106202,3.68783E-11,5.66505E-10
LOXL4,28.64382807,0.247767531,1.439959377,0.906299266,0.364777474,0.647297348
PASK,41.14046133,0.386566944,0.86571267,2.203428964,0.027564529,0.108536738
HAS3,21.92252346,0.081572108,3.501195674,0.156672518,0.875502947,1
AC008264.2,15.08808713,0.001526962,1.472290087,1.316860705,0.18788532,0.443269671
AL627171.1,41.07902287,0.362259429,1.626481831,2.457289001,0.013999002,0.06200568
RFX4,13.93031171,-0.378971756,2.299969054,1.396189256,0.162657511,0.405571727
CFL1,4942.928833,7.448844113,3.159143147,11.08219908,1.53066E-28,5.55124E-27
CXCL3,184.9257129,3.603002472,3.198322894,2.497175404,0.012518702,0.056328319
CYBB,142.0605743,0.464318279,1.611293574,2.928776523,0.00340299,0.018047633
ASB2,15.76159978,0.086919202,1.671456577,1.144048455,0.252603543,0.524960443
ATP5MG,7228.089451,6.240858108,2.220687844,13.04331434,6.93744E-39,3.80259E-37
HYAL1,247.1821748,1.22164488,6.492530135,3.073798794,0.002113519,0.011944417
TTC22,55.77603213,0.234830192,1.417209349,11.69113777,1.41478E-31,5.80784E-30
EFNA2,13.67155674,0.127714737,2.128517152,-0.262864975,0.792654653,0.95787792
AL136456.1,150.1786779,-0.280819803,1.211107152,0.823394072,0.410283933,0.686439317
ALDOB,24948.73584,4.991732391,147.6834589,1.900682369,0.057343629,0.195061351
APP,3728.429389,2.124361351,0.580282693,13.15406242,1.61272E-39,8.99299E-38
RBMS2,391.5426272,-0.025463579,0.857308198,-0.596602795,0.550772605,0.796595137
KCNMA1,213.4634872,-0.930549225,7.395560712,-0.629837293,0.528801043,0.780129987
AC003093.1,20.32034014,-0.09515273,1.263735476,1.227370791,0.21968326,0.484075926
AC004112.1,25.3750188,0.079021869,1.840811865,0.592869974,0.553268174,0.798557888
SLC18A2,26.21262869,0.126852607,2.605707286,1.445845665,0.148220495,0.38186741
CCNB1,35.3687001,0.431648338,1.361855084,3.855319783,0.000115578,0.000838966
PTPRT,49.16901618,-0.505154018,2.616246577,0.267137104,0.7893636,0.956176626
NEBL-AS1,30.50164445,0.508307641,2.008135414,0.515732351,0.606041356,0.833425654
PON3,21.77926392,0.299278113,1.488857539,0.800986645,0.423139378,0.696116231
LIN52,358.4427317,-1.075973472,4.124033481,-3.647791538,0.000264504,0.001813554
HAGH,1364.669881,1.536641094,2.475189412,2.859214661,0.004246913,0.021920797
ADIRF,6441.770877,6.28025121,4.913166079,9.733725692,2.16514E-22,6.14328E-21
ATP6V0B,3017.927976,5.340919452,0.596802834,33.84675899,4.0504E-251,2.1708E-248
AGAP1,1328.935762,-2.272671003,0.648758765,-11.59075579,4.59064E-31,1.83E-29
IGHA2,27.17307326,0.538932219,3.838667891,0.543051364,0.587094438,0.820588241
CLDN7,828.4094317,4.12797809,1.869628313,6.455309143,1.07998E-10,1.61779E-09
BX284668.6,14.03526717,0.478766174,1.969482316,1.575490301,0.115143315,0.324022871
PLAUR,607.8123636,3.331941388,2.715797056,5.187091623,2.13604E-07,2.36311E-06
JMJD1C,2628.633805,-0.663288101,0.974201667,-0.905977653,0.364947681,0.647297348
PHTF2,357.6238202,-0.495242873,0.195853566,0,1,1
FBN1,131.3593875,-0.303594313,1.273692303,-0.190260987,0.849104623,0.989702716
AL360227.1,18.01508854,-0.197513628,1.518815254,1.383038819,0.166652963,0.410937947
AC011444.3,14.86326078,-1.0491865,3.464796565,0,1,1
AC025181.2,43.51107092,0.562642368,1.66745103,2.704683637,0.006836947,0.033395456
GHRL,25.65541876,-0.911194454,1.514174405,1.310934198,0.189879996,0.445037006
AL355076.2,17.28747755,-0.006254924,2.642016327,0.802572349,0.422221956,0.695711127
LHFPL5,50.11574093,-0.048321638,1.690092914,0.173975311,0.861884865,0.996698594
CPNE7,25.23438378,0.296372098,1.491320515,12.87181019,6.48639E-38,3.40077E-36
ZNF513,50.29003603,0.060865308,1.016054182,2.574858436,0.010028112,0.046243402
FGFR4,110.5764446,-0.088345629,2.029630702,0.823689155,0.410116203,0.686277712
NRXN1,100.8974294,-0.154646709,5.104459353,0.282304073,0.777710363,0.948012619
AC009630.1,40.84312358,-0.021015564,1.59948154,0.751947678,0.452082524,0.719201865
CARD9,13.13201104,0.290080848,1.87727138,1.017692395,0.308824163,0.588735434
HOXA-AS2,153.3105694,1.059909302,4.188255423,17.7834851,9.48936E-71,1.06446E-68
OPRM1,51.56568227,-0.230462059,1.915488751,0.805923048,0.420287221,0.694189146
SAMD10,30.15213528,0.095295966,7.009430737,-0.035958279,0.971315626,1
AL139021.2,30.39118633,0.001263703,1.331111111,1.307624066,0.19100085,0.446452143
ATAD5,57.0266444,-0.081135601,20.71063476,-0.060395707,0.951840478,1
SULF1,196.0030865,-1.306161294,8.032082764,-0.517155353,0.605047716,0.832558722
SVEP1,91.45492602,-0.220744172,7.942221584,0.219534427,0.826233765,0.978490033
AC243829.2,54.01982913,0.324729098,1.319493409,3.287853919,0.001009542,0.006215094
STEAP1B,1079.572272,4.914118205,4.137728253,3.772778705,0.000161439,0.001143188
SYK,347.6369452,0.453989543,1.808608132,18.50998613,1.71545E-76,2.20652E-74
CDK15,13.71059546,-0.143321205,2.558961749,0.718492449,0.472453702,0.735359933
CMPK2,29.33458121,0.44497113,1.581435609,2.110397037,0.034824171,0.130617723
KCTD1,596.8420833,-1.055209306,3.9833554,-1.311658471,0.189635395,0.444896074
TGFB2,98.33174351,0.241703703,1.792384456,0.302720441,0.762102918,0.939913942
LHFPL6,520.8019727,-0.648411953,1.706132318,0.278743191,0.780441914,0.949810731
RIBC1,23.67579895,0.207789269,1.602168226,1.596747106,0.110322091,0.314781783
P2RY6,46.89095426,-0.033852628,1.471256747,-0.041545772,0.966860804,1
AC025034.1,33.93209959,0.146448195,1.323356819,-0.510355978,0.609802092,0.836570077
AC026748.3,18.21171133,0.248152254,1.663625737,1.34005208,0.180228414,0.43119049
SNX8,213.2257955,-0.173699946,0.554691684,1.676409968,0.093657918,0.280770023
SLC5A4,18.05128016,-0.034464307,1.094046285,0.961385696,0.336358274,0.617948632
IGHGP,643.7439357,0.393967945,3.916715328,0.239791902,0.810491585,0.969565089
PNPO,331.4572837,4.019219359,3.103619789,-0.696293257,0.486245195,0.745941985
HMGN5,287.6282534,0.84478878,2.569299598,1.930921772,0.053492727,0.184289171
FLVCR2,80.15256173,-1.719618127,2.002838693,-2.623717906,0.008697579,0.041069772
UNC5C,241.7686497,-0.182945252,36.44242124,-0.011770268,0.990608902,1
TNK2,92.71422564,-0.638847629,0.295337304,0,1,1
TMEM176A,2064.51865,6.692627997,2.348565918,8.660217134,4.70866E-18,1.09457E-16
DECR2,259.0956751,0.073271446,1.860958805,1.893491472,0.058292541,0.197384396
TRIM6,124.2462713,0.010184544,1.769011614,1.609145001,0.107584639,0.309333533
ADRA2B,19.04671503,0.381038611,1.779902782,1.253226491,0.210123292,0.47183184
PSD,19.37107589,-0.005030291,1.086482432,2.11419003,0.03449904,0.12985261
VAT1,282.7733,4.427957849,2.002857816,7.936831226,2.07412E-15,4.15125E-14
STEAP2-AS1,85.96017238,-0.14582549,1.542186087,0.630891985,0.528111153,0.779719665
EME2,35.2284245,0.02944949,1.046268625,0.240825941,0.809690023,0.968996359
AC019163.1,43.22275781,0.168188383,0.866850021,4.197682106,2.69661E-05,0.000221209
PTCHD4,57.92261322,0.156316793,1.566453473,-0.75801196,0.448443823,0.716138639
AKR7A3,1196.086975,3.512699318,5.755661691,4.627786812,3.69594E-06,3.51972E-05
AL513365.2,14.11995762,-0.038097435,1.437422432,0.790861056,0.429025076,0.700898376
FOXS1,23.09137249,0.539216705,2.940765961,0.738888982,0.459974413,0.724469088
FP565260.1,20.15210795,-1.958759892,22.00228353,0,1,1
MYH7B,14.8144322,-0.090025321,1.864803301,0.76648107,0.443390111,0.712060784
AC093627.4,19.99204485,0.30351873,1.981284312,1.344061799,0.178928404,0.429063463
HSPA12B,59.27512705,0.274637168,1.48650917,1.677048802,0.093532939,0.280569734
GGACT,570.3814624,4.226787116,5.889828305,2.749702465,0.00596494,0.029615942
SCD5,523.8276178,-0.034746109,62.8716337,-0.002810148,0.997757829,1
BTN3A2,180.1262008,2.633699527,1.464392855,4.166065006,3.09902E-05,0.000252077
CLIC5,313.4387851,-1.745088207,3.840401783,-4.354511993,1.33364E-05,0.000115906
DRICH1,26.3948659,-0.303593491,2.266826136,0.28502112,0.775627961,0.947081983
CITED4,295.1925054,4.333693018,2.564106843,-0.780014941,0.435382081,0.707092749
IL21R,76.67692011,1.140772437,5.808878869,5.992010629,2.07262E-09,2.84418E-08
AC022217.3,417.1652704,0.286853988,30.0661586,0.145645512,0.884201238,1
ITGA7,116.822813,-0.063231242,2.04316244,1.385672322,0.165846983,0.409922073
SEMA4C,58.1060831,0.730024253,2.024290744,1.590619652,0.111695199,0.317291986
ACOT7,598.5624743,0.756329596,10.9057279,3.280299496,0.001036969,0.006359596
CD72,68.79046408,0.095401991,1.079849553,0.599130796,0.549085667,0.796089368
MYD88,100.3501994,0.918762442,2.830476622,3.398856923,0.000676681,0.004300357
ITK,210.3547418,1.295723163,3.227124836,7.030966897,2.05107E-12,3.42924E-11
NOTCH1,155.5650187,0.24258326,0.721668546,-1.239231538,0.215259764,0.477450688
MEF2C-AS2,20.10463126,0.240452708,1.500492081,1.651860468,0.098562998,0.29015479
LMOD1,85.43439636,-0.096687465,7.14126401,0.005691851,0.995458585,1
GNA14-AS1,79.18794989,0.128768771,1.993861693,1.018628208,0.308379508,0.588338247
AC019131.1,14.12281144,0.008997928,1.602400728,9.953190663,2.44225E-23,7.24934E-22
AP002812.2,81.67238931,-0.657302189,1.254242619,1.336217015,0.181478351,0.432918312
C12orf42,22.15797021,0.022770759,1.893967293,1.275848476,0.202009088,0.461796604
THEMIS2,111.907495,0.602270397,20.38745992,5.880454756,4.09141E-09,5.46673E-08
PNMA8A,41.62968838,0.088155215,30.29948795,0.092361904,0.926410506,1
CD6,100.1463695,0.46364068,2.888206389,1.357629628,0.174581237,0.423106312
TRBC1,302.7888216,7.122926032,5.135560584,3.11892521,0.00181512,0.010460254
PGR,34.02808647,-0.264465792,2.370201158,0.521162616,0.602253494,0.831353225
NOTCH4,130.8618183,0.113302618,1.735257236,1.392908235,0.163647542,0.406778623
SLC27A3,85.35043784,0.114511397,17.45602978,0.003594007,0.997132404,1
AL589740.1,50.79408549,0.04222272,1.564690062,-0.211528894,0.832474588,0.981680881
AF064858.1,28.82795446,0.107588565,1.57370473,0.509251483,0.610575961,0.837036563
ORMDL3,141.0850413,3.609384893,1.775870988,5.989647316,2.10297E-09,2.87763E-08
HVCN1,70.17288858,0.035029852,36.99040667,0.021391663,0.982933224,1
PRKG1,2105.692213,-1.956770306,1.912550054,-2.66302262,0.007744221,0.037166585
AC015849.3,39.23290598,0.251978857,1.039645153,1.1662913,0.243496689,0.514201993
COL6A3,45.64174793,0.010043913,2.017629021,7.940985713,2.00581E-15,4.02287E-14
ARHGEF7,600.3834225,-0.711826503,1.098589898,29.99376803,1.1833E-197,4.7564E-195
FAM169A,179.2674749,0.910741627,2.892643105,-1.074451663,0.282620298,0.561457581
C5orf56,521.2434169,0.38557373,0.556721968,-0.405374457,0.685202284,0.887983132
TUBB2A,342.1210345,4.270137625,1.008767693,21.96091108,6.812E-107,1.4286E-104
TMSB4Y,22.45926312,0.128386591,9.632540856,0.15931392,0.873421555,1
FAM83G,31.39095045,0.199889711,1.673942388,1.177604454,0.238954334,0.508423568
LINC01242,15.02318491,-0.067021782,2.216062503,0.560112754,0.575402532,0.81227868
LIN7A,286.5222566,-0.045764949,41.26383614,-0.034896451,0.97216231,1
AC005837.1,17.55341116,0.528110807,1.087305017,3.685348655,0.00022839,0.001580542
HIST4H4,17.1446999,0.244216437,1.777215957,1.241212287,0.214527337,0.476963637
AP000721.2,33.44259214,-0.186823223,1.745817763,0.236381439,0.813136698,0.970811559
LINC02055,74.43335627,-0.095168543,1.51339382,0.045701861,0.963547881,1
LINC01594,51.58714955,-0.23839577,2.193610489,12.29148558,1.00639E-34,4.73594E-33
MYO3A,49.22849042,0.12396501,2.630234482,-0.366161292,0.714244724,0.90811552
F13A1,164.1265825,-0.549813761,3.221059621,0.106108658,0.915496142,1
SNAI1,56.21401764,0.534535908,1.684816971,-0.207495314,0.835623052,0.983701386
BCS1L,111.9928308,1.532600906,2.601703533,2.394335101,0.016650529,0.07148538
FOXD1,18.45143239,0.374435119,1.692511665,1.349623363,0.177136826,0.427102965
BICD1,609.1768578,-0.985692521,2.062775534,-1.91978084,0.054885588,0.188427498
LINC01874,361.1083486,0.576178548,3.657599522,1.48667972,0.137099421,0.363251337
BIRC3,492.723097,1.555938482,2.178784283,2.849091886,0.004384422,0.022558141
ZNF582,43.92535689,0.047913715,1.427827212,1.039912929,0.298380355,0.579259948
NDRG1,1701.592525,1.189043047,2.255237021,9.192108991,3.85213E-20,9.89175E-19
KIRREL3,48.66335469,-1.425401251,6.065767829,-0.571008369,0.56799397,0.80817667
EMB,183.2398788,1.906456232,1.816068116,13.1212009,2.48958E-39,1.38029E-37
SLC26A7,1364.812286,-0.952385487,2.872023232,-1.746014909,0.080808361,0.25163275
SRSF12,44.33264596,-0.060361529,1.726409007,1.066562254,0.286169553,0.565712639
TTTY14,917.4407503,0.928145059,5.012331466,0.296085519,0.767164773,0.942301829
AC011503.1,16.69488127,-0.033297239,1.976371017,0.662449347,0.507683287,0.763463862
ANXA13,53.83508343,-0.177476814,6.555729458,0.596481284,0.550853753,0.796595137
CLCA4-AS1,19.80491998,0.008787353,2.00361883,0.81177625,0.416920032,0.691664239
UROD,417.2912409,3.876799368,2.599112527,5.694326363,1.2386E-08,1.59105E-07
SLC9A2,130.7635934,0.771869832,1.707287946,27.52165335,9.669E-167,3.0089E-164
LINC00632,19.57147404,-0.030393139,1.855874714,1.184978589,0.236025912,0.505762323
ABCA8,35.89408087,-1.614127778,6.278409786,0.155122007,0.876725133,1
PLD4,37.38221721,0.432310417,3.63066608,-0.24990806,0.80265845,0.964320767
ZFHX4-AS1,37.28037662,0.098195746,2.003490286,0.646796666,0.517763551,0.770336979
SKP1,4929.399595,4.585176179,0.30261076,65.58577538,0,0
AC145207.5,16.68550738,0.398848564,1.494860536,2.13695359,0.032601767,0.124115723
AC024563.1,17.74925849,-0.134368106,2.242898251,0.313546063,0.75386583,0.934829335
AC005229.4,17.72130191,0.873481853,2.958252912,3.043075433,0.002341736,0.01301097
GCH1,370.3616818,0.21017224,1.731182068,2.786998804,0.005319868,0.026729564
NRBP2,35.37131741,0.143349587,1.471121336,0.335502201,0.737246285,0.922706966
PLGLB1,49.09168366,-0.312113719,0.93247496,0.173867357,0.861969707,0.996698594
AC027682.4,28.51408387,-0.102869808,1.678083892,0.720461853,0.471240679,0.734301216
AC006441.4,77.76968889,0.284855728,5.597756295,0.508075906,0.611400112,0.837333458
POU6F2,29.39103803,-0.203668533,2.231086614,0.196138841,0.844501496,0.988702176
MAPK12,45.02070469,0.045200948,1.423203959,2.019004766,0.043486724,0.156523418
LINC00893,90.20379623,-0.010687823,1.482005591,-1.585971,0.112745888,0.319711812
UBA6-AS1,542.5169269,-0.961682048,3.613562319,18.28817633,1.02797E-74,1.2243E-72
NR4A2,689.5821305,4.149598293,1.888611699,10.54547765,5.33013E-26,1.767E-24
HIGD1B,69.52486011,0.72322254,2.608870636,1.936726427,0.052778794,0.182493556
REC8,74.32057949,0.503762736,1.763335094,1.521538806,0.128124681,0.347196291
AC092140.1,22.04212596,0.443003195,1.697007937,0.709432843,0.478055912,0.739979149
WDR66,80.84099092,-0.091146303,30.17852764,-0.109698723,0.912648313,1
MAP3K15,132.2637943,0.261636322,1.298989618,-3.99303491,6.5233E-05,0.000501037
AFAP1,192.2031928,-0.060269792,30.27952806,-0.030540634,0.975635887,1
FAM241A,273.3808478,1.519561902,5.392408228,2.062388473,0.039170766,0.143735404
SLCO1A2,20.31573479,0.189183677,1.52031994,1.024185359,0.305747733,0.585809013
GPR137C,64.55766857,-0.446978011,2.177041057,0.722714338,0.469855405,0.733042095
AL450326.1,23.54331139,0.411114505,1.605628836,2.221835321,0.026294437,0.104473818
SLC4A1,507.5940056,1.524655515,3.982448225,2.931044866,0.00337824,0.017936092
AC012615.1,39.83212962,2.670011932,1.774932737,4.679678182,2.87326E-06,2.78017E-05
ST6GALNAC5,36.22939098,-0.083291036,2.017758707,0.375509907,0.70728128,0.902992326
PSG4,18.74961911,0.074221991,2.208556464,-0.351038975,0.725559109,0.915441894
NPIPB2,42.68786587,0.357841511,1.187028802,0.094680223,0.924568827,1
DMRTA1,91.92827901,0.246984558,1.173495253,3.756714332,0.000172159,0.001215824
OVCH2,46.93359666,0.264087429,1.543520776,-2.256945048,0.024011509,0.097327321
AC020659.1,23.87922049,0.678897782,1.551698573,1.97987477,0.047717602,0.168372973
PEX5L,35.01948525,-0.08268521,1.455148616,0.79550213,0.426321473,0.698961225
CSGALNACT2,241.5230203,0.209712053,1.358408128,0.824763517,0.409505863,0.686208626
C5AR2,35.30381774,0.08970836,1.797182639,1.668324513,0.095251324,0.283607878
CCDC181,126.8688002,0.216724953,1.358322054,1.525432572,0.12715124,0.34582126
SRCIN1,13.28697598,0.098539406,1.669257119,0.644807334,0.519052049,0.771138867
NEK6,153.1119654,-0.022564763,80.58044207,-0.03839352,0.969373928,1
NSUN6,417.7571712,-0.053140209,44.96562214,-0.018725375,0.985060186,1
SNED1,501.0421454,-0.021748432,51.92766882,-0.029875421,0.976166408,1
LINC02307,18.7486069,-0.253718384,2.864938956,0.461389839,0.64451894,0.859863672
IL27RA,112.092823,0.197011572,1.447919009,2.299459329,0.02147887,0.088853629
AL357075.4,12.85615676,0.261548527,1.560113892,1.434101538,0.151543289,0.386858457
LINC00598,64.6596557,-0.169657468,1.751897493,-1.031652009,0.302235167,0.582549981
AC090152.1,36.17252542,2.990650117,2.314689744,3.304989302,0.0009498,0.005858519
CACNA1C,618.0846238,-0.916154998,2.756223997,-0.442664961,0.65800809,0.8698005
SLC26A9,34.91326951,-0.08675019,3.063412972,-0.083737451,0.93326518,1
PEG10,123.0619584,3.672979011,2.593022121,4.860817144,1.16902E-06,1.17966E-05
LINC01896,73.6348225,-0.27464947,3.753119841,0.672964222,0.500970053,0.757620019
AC069277.1,57.00283053,-0.664512535,6.790630106,0.064092102,0.948896891,1
AC211433.1,61.84878469,-0.348423285,1.584919567,-0.007750585,0.99381599,1
N4BP3,33.22990318,0.102205593,1.394158985,1.584344944,0.113115243,0.320382488
PTPRC,1227.298879,1.38070459,31.81356433,5.374792165,7.66711E-08,8.97628E-07
SAC3D1,69.34613267,0.241815433,12.92056218,0.167956048,0.866617856,0.998558491
RGS13,13.87197241,0.098420171,6.355477148,0.614551877,0.538850703,0.787927546
MFSD4A,435.7599499,2.349396216,2.269811986,1.646645302,0.099630973,0.292406449
BHLHE40,795.3505819,1.585013006,1.416803652,4.624537643,3.75435E-06,3.5683E-05
PALLD,732.2785247,-0.893094053,1.641636673,-0.859690637,0.389959597,0.668107963
FCHSD1,28.14015553,0.187439829,0.870569248,2.560678122,0.01044681,0.048059309
HCK,133.4798414,0.120523165,1.850863207,2.30288718,0.021285192,0.088203713
FAM222A,92.54110799,0.313183722,1.045187848,1.618807023,0.105488791,0.305142538
OASL,56.28462356,0.45664547,1.443555985,3.012894508,0.002587689,0.014224177
SIAH3,23.03992136,0.14431033,1.445535381,0.791405801,0.428707226,0.700853857
STAC2,66.64459649,-0.045959712,2.203349178,0.214100051,0.830469036,0.981008379
AP002518.2,69.85075178,-0.093902269,8.157758865,0.022564897,0.981997345,1
FGA,27.4833209,0.185334678,22.96762416,0.222915482,0.823601287,0.977159219
ACKR4,18.06269771,0.246808715,1.296849475,0.931346768,0.351674217,0.635318571
AP001528.1,267.6420388,-0.28424786,0.636767979,0.592594317,0.553452684,0.798557888
PROC,101.8972431,-0.088544278,3.380126127,0.418995242,0.67521961,0.882338723
ZNF528-AS1,153.5216948,-0.157570132,1.06966526,0.273732378,0.784290294,0.952303142
NCMAP,38.7002269,-0.037682987,1.81757698,15.33452278,4.49564E-53,3.38824E-51
AP000695.2,26.54436807,-0.062961295,1.745034519,2.61159463,0.009012104,0.042327055
LINC00243,19.36768907,0.162046539,1.71474917,1.118878083,0.263192154,0.538154877
CCNE1,13.27796153,0.169635873,1.507975724,1.024712781,0.305498731,0.585589483
SMLR1,76.91065046,0.235742511,6.487430357,0.463680888,0.642876392,0.858435262
CENPK,47.9130907,0.365148837,1.540970235,1.960967495,0.049882815,0.173662762
PGM5,203.5946299,-0.49747054,1.803212899,-0.002373999,0.998105824,1
LRRC29,75.81042853,-0.240465807,0.798389104,0.35429924,0.723114637,0.91379184
LAMA2,207.4201557,-2.246266225,8.336735556,-0.906827628,0.364497957,0.647277704
RAB6B,36.12401068,0.269395782,1.137597993,2.069663977,0.038483822,0.141862222
ZSWIM6,2080.32706,-0.550902276,0.657295488,1.469541241,0.141686044,0.371244629
IGFBP2,829.7338409,4.343906885,4.709824591,2.940846153,0.003273171,0.017471558
CYP4A22,56.4503372,-0.003289389,13.48546677,-0.004417826,0.996475097,1
ESR1,154.5280732,-0.098985178,60.14258117,-0.164087342,0.869662387,0.999388082
C22orf34,105.4490781,-0.609547492,1.766606103,2.684686541,0.007259786,0.035140569
AC009060.1,264.4057566,-1.166903603,368.8025599,-14.87534094,4.76551E-50,3.45661E-48
HS3ST5,56.866608,0.238093364,1.643033063,1.128857228,0.258958066,0.532496319
AC087854.1,96.33354587,-0.217439639,0.610155105,1.892474121,0.058427838,0.197634417
FRMPD4,41.57185001,-0.081785884,1.761023403,0.225237377,0.821794613,0.976077566
PLCD4,57.80006257,-0.067658089,35.90422612,-0.167252806,0.867171136,0.998758352
TPMT,935.0548373,1.262083094,12.91012582,3.925285821,8.66268E-05,0.000646318
AC006581.2,28.16220503,-0.195673083,1.784161823,0.154710107,0.877049862,1
SHISAL2A,37.7977231,-0.046302627,0.72378023,0,1,1
AMOT,98.95986587,0.394611987,0.841780203,0.193363835,0.846674036,0.989702716
BBS10,53.24189428,0.089702276,34.38048908,0.092220951,0.926522493,1
SHMT1,1521.80013,1.06190131,2.69011667,3.160961515,0.001572493,0.009227395
KANK4,33.35230416,-0.740403341,2.704186586,0.851744713,0.394355798,0.672080832
COX6B1,6002.130402,6.740573408,2.13622721,11.21976272,3.26144E-29,1.22903E-27
CCDC68,81.47523522,-0.197966287,2.207174326,0.686152102,0.492617198,0.750517706
FFAR2,15.18889705,0.432194643,4.237347682,1.290749887,0.19679042,0.453520587
TMEM17,34.26500469,0.504657367,1.772829151,1.564153878,0.117781436,0.329153392
RSPH9,12.97131558,0.052270552,1.803357004,0.792891388,0.427841105,0.700268602
CFAP54,73.5154679,0.124501111,1.25174843,-0.795968965,0.426050074,0.698759787
CRYGS,20.46977058,-0.027477502,1.637944745,0.315652946,0.752265946,0.933870747
CPT1C,17.24559139,0.168083064,2.260406398,0.709361551,0.478100141,0.739979149
TCEAL1,199.8093489,4.289776477,2.594648607,5.583542189,2.35669E-08,2.911E-07
DDX25,25.06087545,0.006072029,1.319038011,1.455368116,0.145567378,0.377598414
IPO11,181.3799573,-0.290748526,0.808164331,-0.625455008,0.531672469,0.782582286
SYT13,76.41098564,0.034279605,2.072454263,0.60803162,0.543166503,0.79130379
STIM1,452.5047164,-0.839039419,0.626650734,-5.692268636,1.25362E-08,1.60821E-07
EFNB2,318.8773478,0.23098578,1.058989627,2.335260154,0.019529834,0.082093382
TRIM36,14.07422271,0.167659189,1.85731364,0.771679223,0.440304439,0.710210648
LINC00629,13.32518485,0.069817305,2.34601219,0.730400784,0.465145239,0.729635142
YOD1,60.08176185,0.591963255,1.615199632,0.79913221,0.424213754,0.697051625
PPP1R1C,29.51871759,0.026291318,1.256971105,0.797627574,0.425086644,0.697891569
SLFN12L,99.89585452,0.319013703,1.722552797,2.444941892,0.014487548,0.063585704
SRGN,3444.155538,5.22749161,2.375322044,10.57350969,3.95414E-26,1.31992E-24
PARD3B,1837.200514,-0.754149037,0.979990529,-4.211721545,2.53432E-05,0.000208962
LRRC9,38.81871772,-0.115039145,6.870619072,0.265017484,0.790995993,0.956952388
GK5,248.4317305,0.015393089,3.144241779,-0.989828419,0.322257992,0.603081948
LINC02471,97.17614103,0.318573497,1.44847214,-0.245403014,0.806144395,0.9665517
DNASE1L3,259.0064273,2.742220706,2.328920762,4.065349196,4.79606E-05,0.000376931
NRCAM,353.9385904,-0.379485403,0.917192218,-0.927937964,0.35343975,0.636481849
AL021155.5,66.52520702,2.654009937,2.402756936,4.065443513,4.79412E-05,0.000376931
LINC00926,30.53708517,-0.071665035,1.83314738,1.297637854,0.194411808,0.451599015
AIFM1,913.7084687,0.438151143,2.584985364,3.010399087,0.002609046,0.014317104
PRODH2,1628.977158,0.832029757,34.55980681,0.523887292,0.600356934,0.830158622
ST6GALNAC2,39.41216859,-0.06529376,44.01827682,-0.051074918,0.959265823,1
AP001318.2,32.10962013,0.338035401,1.416004748,1.031980858,0.302081085,0.5824004
SOHLH2,17.71170591,-0.039987329,2.954171872,0.459286612,0.64602836,0.860914403
BX322562.1,39.54045033,0.520303339,1.927706984,-3.150171133,0.001631749,0.00952874
FAM126A,165.8573614,0.110789334,0.174966165,0,1,1
CYSLTR1,49.52068506,0.213318613,6.980408396,0.505117495,0.613476314,0.838866903
SLC30A8,72.78086475,-2.040771541,3.203341808,0.023387247,0.981341377,1
CSRP1,525.0940092,2.279574666,1.206344569,7.224155617,5.04225E-13,8.78025E-12
PXMP2,890.4183147,3.320189401,3.078190073,4.483546348,7.34126E-06,6.66212E-05
FADS2,64.22966877,0.331385417,0.393083885,7.650346231,2.00439E-14,3.80637E-13
MPPED2-AS1,54.54363846,0.255780926,1.474762605,0.948180574,0.343037535,0.625975979
AC091563.1,99.69089685,-0.036860527,1.520712009,1.274099637,0.202628107,0.46233523
AC004158.1,14.9990629,0.005677589,1.737927041,0.835402081,0.403491359,0.680347315
ZNF48,53.77473041,0.121714499,1.467886622,1.376691747,0.168607571,0.413915916
JAG2,49.42890859,0.462456014,1.677083161,1.288970937,0.197408191,0.454401531
SLC22A13,39.920626,-0.068800172,2.586817128,0.985159365,0.324545797,0.60605755
UGT2A1,50.34697174,0.462263986,34.77415073,0.988084392,0.323111319,0.603846357
LINC01197,104.7884537,-0.807468385,2.63337778,0.148695364,0.881794019,1
GIMAP4,299.705001,4.994990205,3.60537299,5.657751554,1.53369E-08,1.94422E-07
CCR10,15.78534944,0.385076991,1.815207509,1.461083946,0.143992405,0.374974521
DOLPP1,37.45189841,0.277056373,1.637478047,1.183277875,0.236699038,0.506417304
IFFO1,60.82804538,-0.180624582,0.871495777,2.819519644,0.004809559,0.024523157
CSRNP1,390.9751869,2.721579897,5.977149467,3.742979454,0.000181851,0.001280524
DIAPH2,672.4705071,-0.692021559,1.538954879,-0.477128025,0.63327096,0.851332908
EMX1,492.7668715,0.277459709,1.13252705,0.860010308,0.389783361,0.668107963
ISG15,554.1452642,4.602779773,2.817956903,7.602623747,2.90186E-14,5.4043E-13
NTN1,137.1993938,-1.118507944,7.635239592,-1.222000784,0.221707331,0.486978738
PXT1,15.67805989,0.167564445,1.478426369,1.29663888,0.194755468,0.451847308
AC112196.1,21.61501388,0.216950041,1.611163946,0.25026834,0.802379838,0.964195105
TRIM73,73.46707048,-0.096350418,21.68525828,-0.131717939,0.895207396,1
USP2,604.1886303,0.900809859,2.102604836,2.200567577,0.027766651,0.109021116
NAP1L5,66.21092478,3.749315521,2.888851306,-0.107567644,0.914338664,1
SOCS2,290.1447305,0.186195283,1.576544069,2.885488804,0.003908064,0.020367958
AL445928.2,31.09812805,-0.001355331,13.42512563,-0.024867867,0.980160358,1
GRIK2,115.6487054,-0.151743964,1.845893502,-0.67376645,0.500459808,0.757085741
C1orf216,19.04644365,0.266354683,1.607432103,1.66952938,0.095012513,0.28307156
NMU,14.45304943,0.085783821,2.749688274,0.037912107,0.96975776,1
AC084816.1,49.09786592,-0.570894402,2.379405069,0.030216225,0.975894609,1
OMD,13.22798861,-0.061506622,2.173144046,0.693082362,0.488257866,0.747231418
AC104035.1,100.8150424,0.269567182,1.736876857,-0.982079614,0.326060628,0.607592597
LINC00992,22.11141297,0.04105362,1.736404718,0.764260605,0.444711957,0.713002534
TEX41,803.5058591,-0.073907145,43.59688428,0.021764171,0.982636075,1
HSD11B1,27.85832035,0.006789642,2.312602812,0.192290319,0.847514801,0.989702716
TUBA4A,579.7262999,4.539717245,1.674166009,8.3794685,5.31672E-17,1.17369E-15
DACT3-AS1,17.74924648,-0.061906398,2.393358466,0.635197564,0.525299572,0.776905307
DHODH,80.79265879,0.600065768,1.747942764,1.131180493,0.257979131,0.531497242
DLC1,604.4997992,-0.244013433,0.766714319,-0.170201627,0.864851572,0.997873833
MYLK4,50.88743515,-0.054865779,1.973298651,0.110825949,0.911754368,1
RFX3,634.3062058,-0.079375322,38.06799146,-0.000571125,0.999544308,1
SEMA4A,300.7078727,1.130857781,7.970950161,17.38337755,1.10264E-67,1.15621E-65
AL355353.1,99.27620892,3.967074206,1.895934355,7.254702666,4.02545E-13,7.0735E-12
VSIG2,153.1128,0.128445333,10.69345318,0.059019131,0.95293687,1
PERP,580.4278258,5.378371486,2.939339461,4.560609229,5.10054E-06,4.79113E-05
PTPRE,303.6454098,0.225234086,2.502688264,1.968154659,0.049050245,0.171631381
OAS1,153.5189266,2.280511022,2.005667525,4.653642687,3.26122E-06,3.12733E-05
TMEM163,133.2443181,-0.416651055,1.78864874,-2.186978308,0.028744108,0.112264942
AL162231.1,145.5570176,4.028196948,2.576169574,4.717331415,2.38958E-06,2.33559E-05
RHOBTB3,1395.751956,0.876717268,1.497806103,-1.059947448,0.289168508,0.568959535
AC079380.1,25.38127938,-0.228793283,1.847071102,0.349696017,0.726566843,0.915724938
CTSS,762.2117963,4.353199139,2.049591117,9.069002795,1.20111E-19,3.02536E-18
ANKRD45,20.98760922,0.04410899,1.353501624,0.326329582,0.744175009,0.928246226
FO393401.1,41.3876919,1.238765734,1.25784023,0,1,1
MAST2,231.3552728,-0.861627492,2.277624925,-1.082830772,0.278883544,0.556785917
KDM4D,17.40836682,0.056263817,1.197372597,1.053238558,0.292231671,0.572534307
EVI2A,149.6966983,3.291435135,2.243808416,0.013805487,0.988985165,1
SLC7A14-AS1,49.61772367,-0.239492325,2.659615836,0.006160465,0.995084692,1
MCM2,18.66297538,0.349243225,1.832784811,1.496707387,0.134469413,0.358448862
ADCY2,45.98209503,-0.117440328,1.669908927,-0.102321703,0.918501329,1
DPYD,1090.273681,-0.345781355,1.429890064,0.296748062,0.766658861,0.94223048
ITIH4,31.71672764,-0.164427416,1.769036905,-0.261346003,0.793825693,0.958654922
HEPACAM2,200.4250937,1.156522289,23.04562869,2.07735014,0.037769254,0.139548065
MMS22L,120.8512438,-1.137359491,4.146563614,-1.887605094,0.059078986,0.198999642
CCR5,13.4375961,0.591217215,2.741932022,1.376206361,0.168757753,0.413934921
AC009244.2,22.53488902,0.270369392,1.749970721,1.383597397,0.166481766,0.410937947
ETV7,19.47957612,0.272603268,1.937705017,1.317517488,0.187665223,0.443152547
NLE1,33.3111243,0.361725298,1.410676196,2.344180132,0.019068959,0.080471676
IL6,68.12757922,0.549806166,3.088206259,0.719141136,0.472053964,0.735015053
CCL18,39.95780463,0.463447986,3.260490994,0.709420864,0.478063344,0.739979149
SLC28A2,13.72287443,-0.139746361,2.643926328,1.057302086,0.290373742,0.570044405
ACOT13,1015.839431,1.351296909,8.25585473,4.977378011,6.44514E-07,6.67127E-06
ATP10A,235.3982623,-2.40024007,29.97371334,-6.419742509,1.36505E-10,2.02283E-09
LINC02211,13.28017682,-0.079884574,8.849125077,-0.111800495,0.910981595,1
STIM2,491.2464516,-0.271508853,0.901649465,-1.730002388,0.083629849,0.258499567
CCDC15,21.82749929,0.147969953,0.598557849,2.708693689,0.006754867,0.033027979
MISP,71.21133376,0.303171133,1.752657602,2.21639595,0.026664397,0.105639193
SH3KBP1,589.9208206,-0.601582991,0.263808633,-8.606981576,7.50095E-18,1.7188E-16
RAB3A,62.14176628,4.206231971,2.279723959,5.0922492,3.53841E-07,3.776E-06
AL034405.1,23.8625476,-0.138958564,1.215812267,1.170545678,0.241781443,0.512067088
B3GAT2,46.18515437,0.159469917,1.637388893,2.077631619,0.037743302,0.139538406
NPB,14.555274,0.847616308,3.438012403,1.908440378,0.056334322,0.192578741
RASSF8-AS1,367.0340025,-0.119554897,0.742905243,1.436489977,0.150862966,0.386041124
FANCB,19.05422452,-0.025445464,1.584331999,1.051841717,0.292872176,0.573100183
AL139106.1,44.98942786,-0.102942136,7.030359865,0.133500072,0.893797907,1
HELB,207.9304865,-0.426832027,1.474989886,1.510434931,0.130932481,0.352036133
ATP2B2,14.04539261,-0.201099441,2.993086558,0.838219391,0.401907498,0.678900654
EIF3C,25.60271739,0.302419794,0.806126195,4.215348124,2.49393E-05,0.000205808
ASB13,202.5071781,0.189261507,1.150168036,-0.39282393,0.694449529,0.894060131
GOLGA8A,223.6475992,0.520528083,1.370130131,9.11903698,7.57948E-20,1.92419E-18
RAPGEF6,668.6391135,-0.476729151,0.342359367,-1.530101384,0.125991636,0.344122681
JAKMIP2,46.45045692,-0.049264816,4.309582603,0.961664887,0.336217966,0.617948632
INSIG1,466.2871763,3.37155874,1.51650664,7.713440628,1.2247E-14,2.35823E-13
ZNF451-AS1,52.85138983,0.0405508,0.338377919,0,1,1
RBM15B,117.5526023,2.713815558,2.241895679,4.317569527,1.57757E-05,0.000135158
ZNF596,52.34012135,-0.049950816,10.86404462,-0.041546794,0.966859989,1
SCNN1B,299.0772449,2.744666259,0.748167603,5.654420022,1.56373E-08,1.97711E-07
LIFR-AS1,114.3620132,0.749650401,2.070859894,1.665257469,0.0958614,0.284804366
IGSF9B,23.714625,-0.02176429,1.659519899,-0.064017524,0.948956273,1
IGLC2,2355.459095,5.74342733,8.752780809,1.038331827,0.299115596,0.579539545
AC015871.1,170.0037518,0.085638739,1.256063602,1.091256592,0.275159993,0.552438803
FABP3,980.5606296,4.423277748,4.451887677,-0.423244675,0.672116755,0.880009545
C2CD4B,50.01835054,0.569996842,2.313204424,0.734970121,0.462357691,0.726242748
ATF7IP2,489.6263882,0.038456751,0.457050647,-0.400238685,0.688980724,0.890606598
PDIK1L,70.65145749,0.196759731,1.262797883,2.183682747,0.028985568,0.112842526
Z83844.2,17.83811023,-0.369646047,1.611297464,1.218990424,0.222847827,0.488371874
RILPL2,616.2676204,2.171149758,1.138598704,7.136139615,9.59885E-13,1.63894E-11
AC025180.1,16.51590985,0.024000404,1.765833436,0.699767465,0.484072536,0.744357848
AL139042.1,20.7251754,-0.178686093,1.253207771,1.684315687,0.092120675,0.277281796
MIF-AS1,18.01925076,0.383962856,2.053307885,1.34485674,0.178671503,0.42855395
IL17RB,231.7430933,0.288943345,1.863014941,0.92165207,0.356710089,0.640816057
CD59,2793.070865,3.692207308,1.090266702,10.81577357,2.89837E-27,9.84527E-26
C11orf91,20.55864774,0.276815093,1.256230214,2.304612029,0.021188312,0.087877748
SPOCK2,280.5389103,1.544242993,2.344389764,2.452027293,0.014205389,0.062746971
ALAS2,467.1546404,0.141744761,3.46255415,-0.336669379,0.736366149,0.922383679
TMEM88,225.1895133,3.468800952,1.336842091,6.425578355,1.31369E-10,1.95272E-09
CFTR,85.06808054,-1.083013825,4.756102229,-0.806467289,0.419973462,0.69386607
PKD1L1,34.24089335,0.010275481,2.076397854,0.618479496,0.536259309,0.786306538
VWA1,222.9281652,4.062199379,1.98063189,7.161041845,8.00662E-13,1.37682E-11
AC007406.5,37.76860629,0.570870513,1.215901564,3.027044126,0.002469579,0.013621515
AC083870.1,113.2524876,-0.394698303,1.382905256,-1.144445329,0.252438999,0.524731528
PCDHB4,12.94778483,0.339502134,1.913122293,0.486833261,0.626376498,0.847853806
KIF21B,25.07560621,-0.387006937,1.370415177,2.090202548,0.036599609,0.136002295
SOSTDC1,104.3788812,4.292468006,2.457054051,-0.925896077,0.35449999,0.63791483
AC046195.1,39.82806542,-0.670229116,3.646973247,0.153179172,0.878256982,1
FAM153A,35.37047879,-0.300823221,2.0458389,0.884417895,0.376470666,0.657666218
TMEM213,1667.010412,0.714815182,1.600714161,2.006181871,0.044836847,0.160616809
AC104850.2,31.5990125,0.151608146,1.433082616,6.607050808,3.92052E-11,6.01291E-10
FGF14-AS2,71.83204094,0.737939863,2.378201478,2.573447438,0.010069094,0.046410201
LINC01933,31.08292617,-0.333687135,1.734448615,-0.302856441,0.761999268,0.939906271
FBXO15,44.26280503,0.188519482,1.281226513,0.125892637,0.899816911,1
CD300E,42.88927546,0.450536804,2.659111599,1.304848752,0.191944355,0.447966565
FCHSD2,962.9078549,-0.693281944,0.855977028,-4.029612107,5.5869E-05,0.000434301
CLCN2,26.38649223,0.208912829,0.272895197,0,1,1
PACSIN3,88.35767334,0.345150866,1.31341589,2.808103914,0.004983414,0.025302631
CYB561D2-1,55.0695902,0.159948283,19.60383887,0.079442911,0.936680339,1
OLFM1,14.75863069,0.180978255,2.852122487,0.619849669,0.535356765,0.785909026
MME-AS1,13.15703824,-0.298054206,8.922866002,0.870732841,0.383900042,0.662986247
PDGFD,369.0725161,0.028434281,0.681789032,1.001290372,0.316686446,0.597160702
AL137139.2,23.05297666,-0.054588421,1.277329592,0.58283403,0.560005034,0.80177855
ABCC3,210.4164036,-1.274661761,3.784237274,-2.482010326,0.013064349,0.05840212
ZC2HC1C,56.45014995,0.502599537,1.552857286,0.760983162,0.446667124,0.714711851
MERTK,245.5673182,-0.637788936,1.025843838,-0.009912666,0.992090966,1
AC096577.1,435.9490767,-2.601601527,3.153896448,-1.88775076,0.059059418,0.198999642
KCNK10,28.94735648,-0.636185986,4.379979891,0.972718754,0.330693102,0.612439308
WWC1,1326.655959,0.197881794,0.572998902,-2.631688343,0.008496176,0.040234855
CHN1,160.2671477,-0.411288884,1.098848904,-0.468955104,0.639101727,0.855875035
AC078923.1,68.45501805,-0.10613044,1.72553763,0.239694281,0.810567269,0.969565089
PITPNM2,309.3731583,-0.12705228,39.50709034,-0.045239453,0.963916447,1
C3orf67-AS1,15.47218097,-0.057486334,2.04235136,0.422979786,0.672310009,0.880023699
ABHD17A,332.5704653,1.588084503,2.035199893,4.374584881,1.21664E-05,0.000107089
VNN1,136.3715563,-0.256725397,2.070471288,1.539000841,0.123804091,0.340364225
AC231981.1,20.33951321,0.097994704,1.462348958,1.358704754,0.174240165,0.422653979
AL450384.2,112.8219676,-0.063964763,40.33695914,-0.068322985,0.945528527,1
IGKV2-29,22.66774727,0.121383444,114.7340079,0.22780846,0.81979515,0.97467257
ZNF536,25.54675287,-0.266708932,2.81765952,0.848556434,0.396128158,0.673277718
BICDL2,75.59691349,0.402150491,1.737187049,12.32569612,6.58722E-35,3.11504E-33
DHRS2,630.8038675,0.245225553,4.977840836,0.047906759,0.961790553,1
AL353660.1,15.72442017,0.006623413,1.740808546,1.018308268,0.308531481,0.588338247
ACSS3,410.9279561,-0.07186478,52.14950092,-0.014246526,0.988633301,1
SGCA,26.06818932,0.287761166,2.222182663,0.771279713,0.440541155,0.710210648
EVL,634.7400257,0.014001967,42.66545454,0.015954531,0.987270666,1
OBSCN-AS1,14.00305299,-0.026248478,1.06053287,1.799155524,0.071994083,0.231123765
LINC02447,69.17999774,0.298579496,1.748405651,2.448919756,0.014328537,0.063059942
TMEM207,166.919316,-0.220984907,5.555694493,0.438506731,0.661018992,0.872465483
ZNF569,101.116314,-0.608885952,1.247382024,-1.148135817,0.2509125,0.523023528
HSD17B1,62.75004915,3.651477217,0.718798073,16.99995991,8.21761E-65,8.25784E-63
TRIM72,25.3888826,0.189316072,766.9321182,0.1469269,0.883189719,1
AL157371.2,25.25181681,0.018590191,2.674141719,0.715845129,0.474086983,0.736239435
GRIN2A,49.73586123,-0.216425833,1.84924353,0.100545371,0.919911365,1
AP002851.1,14.85496558,0.24219231,1.547198686,1.276742961,0.201693009,0.461301385
GALNT17,350.5374773,-1.567458813,5.955224359,-1.516271326,0.129450759,0.349415633
SH2D1B,37.1147089,0.199010639,1.904936713,1.33184208,0.182912087,0.435118635
SRXN1,56.28077157,4.184727158,1.749443093,10.01501304,1.30945E-23,3.94757E-22
AC008945.2,18.60789645,0.128635747,1.513306234,0.742713369,0.457655234,0.722704214
SASH3,44.64229168,0.142482196,2.387836229,1.53921176,0.123752608,0.340319671
TMEM254-AS1,30.93601774,-0.07849085,13.42665494,-0.207373801,0.835717942,0.983701386
AC083973.1,14.03718717,0.05723479,1.98321993,0.362954022,0.71663923,0.909494719
PLCG1,134.3003124,-0.663700649,1.21383099,-0.445972362,0.65561721,0.867956142
AOC3,22.27304802,0.152354855,2.085649597,5.886085273,3.9545E-09,5.29114E-08
UBL5,4898.694107,8.588680729,2.68850748,8.757497667,1.99633E-18,4.76697E-17
AC073349.4,23.65219916,0.427722559,1.746371868,1.474591128,0.140322502,0.369253165
AC067852.5,44.4814913,0.355127148,1.669481524,0.94347577,0.345437603,0.628693456
ACADS,393.0720978,2.214262734,2.565788777,3.033903699,0.002414115,0.013353765
PLEKHA2,509.393396,0.701687323,0.409751631,2.489598528,0.012788747,0.057356131
MYL6,8857.0537,6.094617079,2.191310344,10.23446287,1.38964E-24,4.35256E-23
OSBPL6,69.28445128,-1.35361531,9.28188807,-0.159083941,0.87360274,1
WARS,471.2414697,1.114651627,4.538925818,3.850515889,0.000117869,0.000853027
SH3RF3,322.8757208,-0.903144701,3.9052252,-1.380146455,0.167541557,0.41236109
AC012467.2,18.59731901,0.221076971,1.867865205,7.826545687,5.01457E-15,9.83243E-14
MTTP,121.8266321,0.153825893,1.50962742,2.119917335,0.034013017,0.128273486
RRAD,308.9953212,1.009799751,4.026334954,2.201415881,0.027706596,0.10888366
HIF1A-AS3,290.9887737,0.961098406,2.779468521,-1.54135055,0.123231492,0.339273461
SERTAD4-AS1,164.1485066,4.556159966,1.715127551,8.100931245,5.45401E-16,1.13639E-14
MSR1,362.4782774,-0.784496012,1.865356801,0.043803517,0.965061024,1
HSP90AA1,10684.88429,4.008705862,3.807132281,3.86721046,0.000110087,0.000802731
LINC01266,247.3641198,-0.820911616,4.462783507,-8.587747809,8.86907E-18,2.02749E-16
SLC4A7,687.4690287,-0.388008747,0.173327008,5.923781094,3.14622E-09,4.23905E-08
TTYH3,234.7308642,-0.355978494,1.113002596,-0.212855099,0.831439986,0.981310964
FRMD7,16.82030502,-0.036589807,2.007733443,0.764677546,0.44446358,0.712722766
TMEM71,87.30818165,0.360700781,1.600787921,0.052131387,0.958424003,1
CALN1,83.03842736,-0.15969412,1.791517298,-1.60498216,0.108497731,0.310962505
FAM160B1,154.1124422,-0.136126126,0.811325974,-0.149528285,0.881136792,1
IGFBP7,14807.86077,2.078162119,0.946069594,3.539407016,0.000401027,0.002629985
LRRC43,148.4086398,0.575154517,2.996935706,1.469880252,0.141594189,0.371184549
ZWINT,39.19903846,0.456463282,1.495001025,3.269711169,0.001076573,0.006585735
CCDC73,45.8368941,-0.06336042,1.683785745,0.15268958,0.878643079,1
AC007991.3,14.0866662,-0.095420133,3.487282602,0.608320948,0.54297463,0.79130379
C7orf25,85.01762173,2.573404192,1.736419328,5.712924797,1.11051E-08,1.43032E-07
WNT9B,31.58871032,0.221831441,1.529465618,1.269833507,0.204143942,0.464037844
TNFRSF10D,524.848488,1.406797359,4.225597915,2.579044684,0.009907397,0.045818149
LIMA1,895.3842936,0.498042064,0.634459738,0.952104524,0.341043975,0.623470007
PGBD1,47.15941408,0.195611544,0.954095593,0.561642888,0.574359353,0.81172644
EXOC3L1,45.68559976,0.158615913,1.461869296,1.758582071,0.07864852,0.246658738
AC016588.2,15.25143137,0.085802346,1.324186019,1.339969801,0.180255163,0.43119049
AL391261.2,13.88624791,-0.286507214,2.227067703,1.162444141,0.245055102,0.515884826
SLC5A1,33.80081073,-0.270940801,2.277269532,0.64603003,0.518259908,0.770700426
RBM20,93.66275821,-0.076394779,48.08291636,-0.172855463,0.86276504,0.996777805
SAXO1,36.33730053,0.070867851,1.159740182,0.367248959,0.713433323,0.907837661
AP003119.3,19.06304557,-0.032640932,3.805862517,0.189464225,0.849728991,0.989777298
MIR4435-2HG,490.1951929,-1.031939871,2.700391476,-1.251590346,0.210719174,0.472241775
SLC43A3,54.29716639,0.347272394,1.595426271,2.159669366,0.030798274,0.1187286
FAM135B,58.03013273,-0.180136216,3.91460829,0.053055644,0.957687572,1
LRWD1,65.211662,0.851183652,1.985957724,5.497864399,3.84418E-08,4.64722E-07
AC109361.1,18.30555084,0.002377565,1.55304022,0.592648776,0.553416229,0.798557888
FOXJ1,15.38013595,0.453427799,2.48557622,1.199789516,0.230221097,0.498528153
TXN,7205.25502,6.159275412,2.903208869,11.78524958,4.65041E-32,1.96765E-30
AP005205.2,24.65153084,0.800617113,3.652443759,1.929989912,0.053608088,0.184501328
ITGA9,241.2332445,-0.739652122,1.775342476,-1.844914769,0.065049938,0.213665901
AC090844.2,31.13999587,0.188924169,1.178786491,0.454103821,0.649754104,0.864205923
AL359706.1,44.91051771,-0.023800745,12.6798275,-0.06047718,0.95177559,1
AP001462.1,23.57680191,0.372524826,1.429037013,1.578877965,0.114364051,0.322216706
S1PR4,74.97910773,4.964323716,2.069727345,4.307467876,1.65134E-05,0.000140853
CPT2,211.4737202,1.983614529,1.420497808,4.705142629,2.53689E-06,2.46707E-05
AL353803.1,17.58953989,0.18836025,1.676958131,0.935836213,0.349357523,0.632673555
RND3,264.7741017,1.200053677,4.439242757,1.762107784,0.078051088,0.245038779
IFNAR2,355.6761527,-0.151877721,0.491752085,-0.91307192,0.361204718,0.645285539
AC087623.1,21.50657362,0.143192022,2.161269152,0.877903472,0.379996105,0.660227833
ARHGEF19,25.13595685,0.748200211,2.61899609,1.423606801,0.154560326,0.392292808
NPHS1,295.1046253,-0.940516899,17.18024061,0.03759201,0.970012978,1
MGST3,4279.878445,3.25692428,1.398587087,7.497777033,6.49092E-14,1.19958E-12
ADPRH,30.69996692,0.409849456,1.78643753,1.988236657,0.046785523,0.165750987
DOK1,41.28105661,0.408502519,1.431937918,3.585099799,0.000336949,0.002262039
AKR1E2,33.61536257,0.453391368,1.588087566,1.56194431,0.118301109,0.329852227
FAU,10943.1191,9.483922544,3.917046433,8.52174061,1.57173E-17,3.56764E-16
AC034102.6,13.22562378,0.043776531,1.264658714,0.008888327,0.992908235,1
LUM,194.5413787,0.023963694,6.407745846,0.286491845,0.774501439,0.946771054
AL035446.2,37.07391895,-0.014057281,2.062772214,0.676848942,0.498501802,0.755344115
FAM155A,476.1461007,-1.95026483,2.518240848,-1.445626884,0.148281882,0.38186741
CERS3-AS1,14.81349116,-0.345507514,2.946327416,1.001498965,0.31658564,0.597087326
AL135791.1,12.88188098,0.218914883,1.939909467,1.174615315,0.240148653,0.509728065
TGFB1,648.448377,2.116359508,1.994535061,2.858914535,0.004250933,0.021929813
AC040174.1,221.9116329,-1.733466996,3.470376283,-0.72000675,0.47152084,0.734619112
AC009053.3,84.84482027,-0.24053601,1.536911813,-1.524197504,0.127459381,0.346406716
STYK1,35.90240887,0.191635362,1.664310706,1.166086462,0.24357949,0.514201993
PPP2R2B,395.9550342,0.054768689,1.030589684,-1.151060121,0.249707503,0.521751847
GDA,354.5355273,-1.419749278,249.3223712,-4.510767642,6.45934E-06,5.94026E-05
COL10A1,15.93718888,-0.025637724,1.936273848,0.615047509,0.538523346,0.787874294
HGF,29.26849942,0.425424409,1.651640202,0.564971563,0.572093107,0.810780403
ARMH4,347.9463682,-1.029123858,3.04722854,-1.308525071,0.190695277,0.446112057
SLC47A2,335.5494712,-0.443616215,1.650305876,0.156821501,0.875385527,1
AC093865.1,127.6662801,0.006345025,1.183955073,-1.564998405,0.117583283,0.328790126
NOL4,33.57228687,-0.149580872,1.699536592,-0.203991762,0.838359937,0.985449585
AP000676.5,63.02111951,-0.353823062,2.348155455,-0.677063204,0.498365854,0.755344115
HIP1,1525.068417,-1.078035772,3.671932873,-1.721561474,0.085148987,0.262103472
AC022523.1,21.92935043,-0.088428689,2.166757893,1.053792526,0.291977916,0.572385888
ZNF443,30.82266448,0.030712841,1.337659892,0.192225147,0.847565849,0.989702716
BEX5,256.1463692,6.307204879,3.622894422,-0.138822166,0.889590678,1
ZNF177,39.75909705,0.042224084,0.493931616,0.750236421,0.453112327,0.719771878
GNMT,13.18708102,0.249424368,1.931727013,1.053066964,0.292310303,0.572572079
ESR2,259.8236979,0.586913213,0.2599702,109.59543,0,0
ARSF,35.29316854,-3.013890524,3.568462927,1.390279865,0.16444391,0.407917304
POLR2L,4227.136012,8.503459416,3.902052792,6.984480546,2.85912E-12,4.66699E-11
AL021707.2,20.76247131,0.200921589,1.074370388,1.104490945,0.269380229,0.545549899
MYT1L,15.48449079,-0.225139552,1.843082781,0.803652095,0.421597928,0.695002599
APOLD1,354.64949,0.962615592,3.226898663,3.100315953,0.001933143,0.01106111
SLC2A9,726.4328311,-1.460981431,3.015167106,-3.103432036,0.001912902,0.010951788
LY6E,1088.012083,6.490229379,3.228714272,8.153643914,3.5312E-16,7.45415E-15
SLC29A4,31.96233501,0.135448916,1.670286665,4.808348411,1.52182E-06,1.52293E-05
CREB3L1,30.92167318,0.431854146,1.56172793,1.220937433,0.22210971,0.48752955
RHEBL1,19.15627137,0.311439448,1.302316944,-0.247711014,0.80435801,0.965489825
ACTA2,915.0101265,0.909358829,6.035647663,-1.852305931,0.063981905,0.211308947
CEP135,190.7429718,-0.573755929,0.745276036,-1.882579894,0.059757323,0.20072385
AL392086.3,24.61625347,-0.05396171,2.322378757,1.000046431,0.317288039,0.597944463
PLPP6,31.04635831,0.341322832,1.308283916,1.848921854,0.064469097,0.21255413
DEPDC4,58.5013082,-0.054898191,13.25257982,0.088813753,0.929229927,1
GP6,44.80306383,-0.224796376,0.872441989,2.667112886,0.007650597,0.036773946
AC079465.1,13.07242605,-0.194504168,1.260745325,0.618677103,0.536129097,0.786262907
SHC4,22.40686837,0.213632177,1.317288095,2.413817252,0.015786378,0.06832085
ID1,1731.653205,3.689035395,1.667345581,7.295347587,2.97889E-13,5.3119E-12
WDR62,20.21557637,-0.772799055,1.032902336,0,1,1
SLC2A12,77.63826645,-0.038446241,2.093864967,-0.911046557,0.362270844,0.646352289
ATM,568.6711594,-0.434952739,0.940991365,-0.062184379,0.950416002,1
LINC01877,28.25724359,-0.044216913,2.645945213,0.888020744,0.374529593,0.656102523
TSEN54,164.3045016,0.516940418,1.543718147,1.513958291,0.130036418,0.350212543
PDE4D,9383.53526,-1.621368021,1.041675693,-1.519865227,0.128544851,0.347846334
SLF1,173.8426288,0.091257725,2.348929462,0.330815157,0.740784111,0.925411564
GOLGA6L4,32.52004469,0.024052598,1.4389542,0.004353805,0.996526177,1
CRYBG1,711.491129,0.786754113,0.296051195,8.340515615,7.39673E-17,1.6159E-15
NDRG2,586.0750344,2.365847156,1.447079885,6.346152365,2.20767E-10,3.21712E-09
AC027243.3,33.43696797,-0.171872309,1.188944682,1.313299116,0.189082176,0.444138241
RNF113A,112.7973482,4.699034379,1.993393226,7.140153042,9.32271E-13,1.59744E-11
TLL2,16.48593565,0.052905772,1.765232727,0.715934039,0.474032079,0.736239435
GLIPR1,204.7570217,0.285330645,25.68116953,0.153402065,0.878081217,1
AC022137.4,61.12812576,0.047625991,9.918791963,0.294470165,0.768398658,0.943336963
CNTRL,228.3600841,-0.271836691,1.010839413,-0.865889999,0.386550488,0.664971213
AC018541.1,125.513325,0.011852154,1.836261371,1.146351438,0.251649768,0.523542227
AC010336.8,16.65656452,0.101907732,1.939178633,0.920563185,0.357278531,0.64131548
SPRR3,22.68839456,0.069426263,150.9145393,0,1,1
AC021351.1,19.95567391,0.046828892,1.701919076,0.72581048,0.467954961,0.731426039
IPCEF1,498.0002456,-0.29960198,1.287629896,-1.002285813,0.316205573,0.59671178
AL138716.1,16.65606671,0.005479581,1.909893469,0.821853774,0.411160124,0.686856549
SLC27A6,18.80682766,-0.001629597,1.926271047,0.967414677,0.333336776,0.614739032
ITPKB,343.1006062,-0.360580527,0.494435943,0.989934928,0.322205926,0.603081948
AC034195.1,254.427148,-0.585317862,2.081561349,-2.424359524,0.015335415,0.066790406
GPR183,363.0835386,4.58060175,6.773527574,3.077579596,0.002086891,0.011821631
AC097382.3,35.92821209,0.459014725,1.565958413,2.423325132,0.015379155,0.066950683
LINC01055,109.1507963,-0.028973529,123.1181302,-0.158594145,0.873988642,1
SLC6A9,16.78785898,0.062037639,2.070071364,0.706837402,0.479667529,0.74061342
AC024337.2,14.04628355,-0.034866055,1.620952803,0.874365586,0.381919192,0.661339351
AC117383.1,19.31497552,0.033593545,1.541075951,0.508641995,0.611003187,0.837265305
MN1,31.37440231,-0.242272251,2.124226337,0.296417394,0.766911343,0.94223048
ZNF16,70.72779957,-0.094634108,1.41939771,-1.276732164,0.201696822,0.461301385
HOGA1,384.608257,-0.60434785,1.182216475,-3.229110554,0.001241759,0.007468359
AREG,833.9113531,7.12793009,3.805211547,3.439000796,0.000583866,0.003752532
EBNA1BP2,640.617795,0.515986512,1.405121176,1.379792588,0.167650516,0.41236109
AC109460.2,25.06114548,-0.120391238,1.372556599,0.7625727,0.445718271,0.714055481
GCNA,57.44416803,-0.043407778,34.30191114,-0.111940713,0.910870415,1
TAF1C,97.76600174,0.093145871,0.671754357,0.473212169,0.636061817,0.853584043
EIF1B-AS1,219.2542703,-0.088708423,37.43045372,-0.107449406,0.914432461,1
AC007014.1,32.82690239,0.275801863,1.279233606,1.291395869,0.196566442,0.453406546
AGT,354.139092,0.384800637,2.629971806,1.538050249,0.124036329,0.340711409
TMSB10,13924.14472,8.259917834,2.224437952,17.43489757,4.48362E-68,4.80595E-66
FAM3D,25.05512055,0.123946666,2.165071044,0.013777696,0.989007337,1
CFAP53,97.96478313,0.244068761,1.356922096,1.492044164,0.135687568,0.360599991
PNMA6A,71.71858231,0.386478084,1.456374892,1.995646586,0.045972405,0.163772448
P2RX1,48.24244113,-0.085611273,2.309782647,1.190255586,0.233945952,0.503599873
AL022069.1,20.04822725,0.197872314,1.330419574,1.172651212,0.240935704,0.510948941
TPRG1,119.4107603,-0.87986394,1.824034031,-2.502925733,0.012317139,0.055524971
C1RL-AS1,23.71811045,-0.163156972,13.98782606,0.02827892,0.977439693,1
AP005329.2,22.96486222,-0.212682064,2.082972524,1.270337124,0.20396457,0.46389359
STK26,51.84253334,0.154505439,11.07502762,0.217943963,0.827472773,0.979463784
GUCY1B1,117.273515,0.669423108,0.893374954,0.529457152,0.596488361,0.82763405
AC092153.1,37.1732474,0.105066344,1.771678835,0.364324768,0.715615507,0.909198313
HAPLN3,26.94347227,0.207929379,1.998417252,-0.093873839,0.925209376,1
SIRPB1,15.47453771,0.369301431,2.41594776,1.300951442,0.193275076,0.449825009
TMPRSS2,542.1818226,0.693622882,1.75406336,0.184170516,0.853879689,0.991977042
MAGEF1,306.613574,4.480476149,2.034312262,7.275305814,3.45637E-13,6.12933E-12
CFAP299,74.24030314,-0.212590092,1.913985093,0.145010321,0.884702723,1
KIAA1671,491.7340924,-1.473572316,1.800843357,-2.968861008,0.002989058,0.016109184
TTC9,48.06593534,0.395205996,1.053128174,0.339922775,0.733914684,0.920447988
AC000085.1,24.13692201,-0.090022698,1.864549627,0.874166511,0.382027581,0.661339351
DNAH9,53.45027533,-0.092366481,1.671799148,-0.422993137,0.672300268,0.880023699
MMP25,13.64559963,0.028635245,2.666988426,0.42504734,0.670802165,0.879004141
PGBD4,22.28971615,0.186005113,0.99582266,2.056472194,0.039737024,0.145150727
TM7SF3,941.1249629,1.181041002,4.322780904,2.518149464,0.011797325,0.053382006
PRKCE,1187.75135,-0.813335205,0.710291644,-5.49285531,3.95487E-08,4.77505E-07
TMEM132C,52.78585867,-0.599381737,3.270859131,0.413651594,0.679129282,0.884186184
TRPM2,33.68882525,-0.163068637,2.087975002,1.191354707,0.233514366,0.50317469
THAP7-AS1,62.15312248,2.188916399,1.435265138,5.970801975,2.3609E-09,3.21236E-08
LINC00659,21.40740436,0.048100698,1.745288968,0.445964156,0.655623138,0.867956142
PLXDC1,39.54824853,0.606460572,0.372367374,0,1,1
LINC01303,45.83203379,0.485014761,1.584958218,3.586517861,0.000335123,0.002252915
FMO4,324.7801922,-0.496407287,1.477806416,-0.372190202,0.709751241,0.904606978
AC019130.1,28.16770749,0.255686687,1.30756058,1.074292573,0.282691573,0.56148355
VWA5B1,79.65384928,-0.053371799,1.076488919,-2.592690757,0.009522835,0.044358664
LINC01597,19.48872565,-0.011501347,1.211086907,1.677515423,0.093441736,0.280501271
ZNF276,111.9570381,-0.022111224,0.586076299,1.280778077,0.200271627,0.45934864
HIVEP3,442.3192014,-0.698617663,1.51917693,-1.345162655,0.178572713,0.428423518
AC068587.4,384.8712542,-0.034737935,47.39208603,-0.009838389,0.992150228,1
BLNK,389.6612401,0.003049312,1.157764506,0.1081807,0.913852354,1
TMEM72-AS1,227.2527411,-1.133726287,8.263120199,-0.412827075,0.679733313,0.884412399
MED14OS,35.06496466,0.728935926,2.458308923,2.933998199,0.003346262,0.017785887
ZFPM2-AS1,184.8675469,-1.284288034,6.078178676,-1.138344712,0.254976571,0.52795857
EVC,226.5902472,-0.184431023,1.479060307,-1.5958275,0.110527312,0.314994675
RAB11FIP3,1848.170473,-0.97237252,1.99714543,-0.910420711,0.36260068,0.646359222
LYPD2,24.12389156,5.678499413,7.077961363,1.799463524,0.071945389,0.231121267
ALDH1B1,324.5420184,0.880924134,3.643791198,2.637597836,0.008349554,0.039639835
AC092839.1,40.06087334,-0.14235306,1.288372142,-0.049269552,0.960704484,1
AC022400.4,18.21708589,-0.254505055,1.429503518,-0.127630237,0.898441601,1
KCNG2,15.77912424,-0.129342116,4.534159394,0.518273644,0.604267359,0.83250996
ABHD14A,391.9198699,3.701618727,1.792606158,5.328500164,9.90271E-08,1.13999E-06
C1QTNF1,70.39463506,0.392124323,2.001010052,1.41385812,0.157403565,0.396571477
NGF,46.63059713,0.038183271,1.896006611,1.165931098,0.243642304,0.514201993
AC002463.1,102.6673056,0.008921927,26.31650375,-0.036481819,0.970898175,1
SLC12A2,359.9895171,0.517028793,0.54759843,5.066219485,4.05794E-07,4.31134E-06
SBK1,21.25003943,0.138813681,1.373470966,1.646037363,0.099756067,0.292684543
WSB1,2382.938224,0.042468705,1.094107724,0.350520945,0.725947774,0.915487548
ABCA7,77.71574007,0.513782022,0.41330151,0.172723973,0.862868399,0.996777805
LIME1,1794.920652,1.074138848,1138743.031,6.213749636,5.17349E-10,7.37204E-09
LINC01090,45.5545305,-0.210223649,1.254266708,0.584015181,0.559210099,0.801589869
PFDN5,6656.188805,6.034655691,0.323152726,83.47105869,0,0
TRAF5,124.1166036,0.161620606,0.288721374,-0.097778898,0.922107864,1
AC067852.2,47.11563482,2.750209854,1.541621385,3.999080124,6.35892E-05,0.00048919
ADGRL4,396.1513508,0.711224024,2.035593574,1.915567635,0.055420153,0.189924764
AC026341.1,50.01449122,0.139472822,2.114520617,1.781250758,0.074871495,0.237828552
FAM53B,210.7574736,-0.523414836,2.664650443,-0.282393773,0.777641589,0.948012619
CDH4,45.65228206,-0.002017493,1.893791416,2.062822389,0.039129506,0.143638639
PDCD1LG2,27.88233003,0.191943759,1.344008581,1.417293687,0.15639708,0.394536292
NFIA,1366.450788,-0.949210914,1.381536976,-1.454161656,0.145901493,0.377956955
UPK3A,181.2774028,0.270803776,4.536877954,0.191530114,0.84811029,0.989702716
LINC01483,20.47693067,0.120490527,1.790238929,0.735662125,0.461936345,0.726018233
CD302,229.0867092,1.446877656,1.318425649,9.639963655,5.42072E-22,1.48562E-20
SRL,27.29041664,0.442343424,1.413767864,2.232091525,0.025608914,0.102346417
EDN1,157.8185685,0.070866193,48.5723061,0.023621876,0.981154223,1
MSN,1384.368671,1.471718748,1.269241192,6.028808376,1.65173E-09,2.27632E-08
SGPP2,617.8590819,-0.299656188,1.09063665,-0.272884079,0.784942325,0.95285499
DEPDC1B,68.2208364,-0.212757051,1.447130359,0.06306125,0.949717731,1
CC2D2B,68.85838124,-0.122860352,0.890067178,-1.405838309,0.159772143,0.400655541
LINC01811,72.52348443,-0.234607545,2.146646292,1.607265684,0.107996099,0.31001792
CYP4F3,195.4528987,-1.434528795,5.03003282,0.49364655,0.62155582,0.845124068
S100A10,4669.411089,6.192103137,0.887979217,17.80559882,6.39447E-71,7.25734E-69
RAB3IL1,53.20996707,-0.426210265,1.182765969,0.617683362,0.536784081,0.786625556
RGS3,667.1960848,0.154771609,1.2571492,0.929048274,0.352864069,0.635919985
MYOM2,114.9052235,0.19980397,5.345727381,0.273794349,0.784242666,0.952303142
TNFRSF21,494.8874861,-0.255116966,1.450220797,0.070999579,0.943398091,1
RERG,675.0392217,-0.128938768,79.19021202,0.002057299,0.998358514,1
IFI44,162.1665122,1.313120239,2.34412664,2.593398743,0.009503252,0.044288826
MIR497HG,15.04788564,0.355914624,2.199184314,0.505456405,0.61323831,0.838660332
MXD3,26.83861229,0.287791145,1.131897855,1.771918432,0.076408098,0.241200564
OBI1-AS1,22.1303124,0.142689767,1.652401217,0.519934153,0.60310947,0.831968794
AC106799.2,13.89402889,-0.003547414,2.046503342,0.868597594,0.385067271,0.66393994
MORN5,17.26933885,0.241214836,1.668623115,0.82303277,0.410489358,0.686544875
ZNF112,48.54784755,0.24202635,0.907967135,0.157857314,0.874569235,1
MYO1H,24.3250058,0.300695857,1.383758901,1.350665238,0.176802693,0.426510522
TRIM22,224.5533736,1.151719528,10.08271038,2.033397137,0.042012416,0.151852297
COX7A2,5464.857244,6.435588381,2.936340701,8.162365042,3.28528E-16,6.95023E-15
AC013287.1,136.2670976,-0.459259853,1.923852411,-0.913122318,0.361178214,0.645285539
AC099508.1,24.68054993,0.230271321,1.503607976,1.380026218,0.167578573,0.41236109
SHROOM4,365.3755158,-1.557279305,2.386114803,-1.315684231,0.188280049,0.443642289
ZBTB49,40.89461069,0.164738018,1.576053105,-2.1067652,0.035137937,0.131589939
EIF5A2,70.78582099,0.169658301,15.62338501,0.029898072,0.976148343,1
IQSEC3,35.80228597,-0.08265117,1.728995914,0.911566584,0.36199692,0.646102551
AC018845.1,13.29971518,-0.188125366,4.403947611,0.112300615,0.910585055,1
USP21,34.69045967,0.266583418,1.131792662,1.969371034,0.048910499,0.171453339
LHFPL3-AS1,48.685424,-0.254865568,10.95873001,-0.220700781,0.825325423,0.978380231
SLC51B,150.9545849,-0.111721647,4.368343061,1.104185553,0.269512655,0.545642935
FGF18,28.20273547,0.484359394,1.638071089,0.862147405,0.388606408,0.667180284
WDR63,55.50464616,0.417693594,0.901163363,28.80685986,1.76E-182,6.0637E-180
MAST1,15.84513457,-0.053726931,1.522099251,0.293300576,0.769292413,0.94371362
SMN2,26.91749102,0.063722156,1.476869188,1.370402407,0.170561321,0.416242111
SNAPC2,98.12968537,4.413617456,2.264325662,4.244791185,2.18797E-05,0.000182128
SLC39A14,264.4194622,-0.009942517,26.22476781,-0.044940331,0.96415487,1
PCLAF,45.82459021,0.354745302,1.33288358,3.083351798,0.00204683,0.011601511
RCAN3,184.9103733,1.024704136,3.641902205,1.884144603,0.059545418,0.20018618
RHOBTB1,445.1146001,-0.087192727,57.91114801,-0.04718941,0.962362267,1
AC015845.2,38.92992196,-0.08165306,2.508143806,0.483862979,0.628483115,0.849275334
ANGPTL3,766.4468669,0.521373237,2.570219397,2.715832186,0.006610942,0.03240638
RAP2A,175.4458767,0.702349231,2.256444589,2.079118153,0.037606492,0.139139704
SLC1A4,39.53531238,0.626895236,2.42037253,0.233890305,0.81507014,0.971698176
CPNE2,112.1009352,0.678589732,1.816862266,2.749162084,0.005974783,0.029649555
GABRB3,133.7581176,-1.125547269,9.888421245,-0.959184369,0.337465874,0.619629479
INAFM2,24.70952261,4.293772506,2.442829894,2.646908191,0.00812314,0.038774832
SORCS3,45.10982947,-0.244363284,2.455341045,-0.202089039,0.839847117,0.986204716
CAV1,372.6655236,2.559174476,2.422675376,4.5157231,6.31011E-06,5.80855E-05
RADX,58.83804191,0.402694886,1.458311226,0.581834448,0.560678198,0.802263806
AC124016.2,15.31128874,-0.194869853,1.275303926,1.433079163,0.151835215,0.386887037
JUN,5114.968232,4.83790439,3.272514394,11.10068842,1.24481E-28,4.60104E-27
GAPDH,16845.2121,8.249653401,5.177466004,6.064444618,1.3241E-09,1.83793E-08
PSD3,598.8815269,-1.124080311,4.086474897,-1.382183621,0.166915328,0.411290117
ESM1,237.9160536,0.607263149,3.050239754,1.551883472,0.120690108,0.333992391
MYL4,34.18122446,0.067822641,59.97039707,0,1,1
SIRPA,122.0950679,0.802773947,1.970343742,1.621810615,0.104843905,0.303655704
AC002377.1,27.85127631,-0.163434861,1.983637307,0.50908979,0.610689288,0.83707297
KCNG3,38.88956203,-0.210905728,1.949293711,0.451207662,0.651839888,0.865496816
AC023509.6,88.51532674,-0.556254672,2.436202283,0.134929642,0.892667503,1
ENPP1,134.4207279,-0.479567326,1.806029915,-0.177834966,0.858852586,0.994527312
C3orf70,21.55948882,-0.261861592,1.676709849,0.698295016,0.484992716,0.745156768
AC130456.3,41.77691031,0.006839697,8.072601519,-0.041805799,0.966653512,1
MMAA,109.9140712,0.003293822,1.324766245,11.75385184,6.74716E-32,2.84235E-30
DACH1,1084.773702,-0.213525285,121.433522,0.087726083,0.930094388,1
SATB1-AS1,56.50595865,-0.046236671,1.437687584,1.786102209,0.074082711,0.235944506
SMIM24,3144.283927,6.775887558,13.92186418,2.942892227,0.003251616,0.017397859
BCL6B,33.45006237,0.331139479,1.51686024,-0.192975688,0.846978008,0.989702716
TXNDC16,172.2600746,0.483914319,0.272349157,0.112073941,0.910764779,1
ENO2,46.0641556,0.434290909,1.455179616,-0.559887207,0.575556375,0.812347089
COL26A1,83.24153225,2.51372326,1.356836155,45.84328867,0,0
ZNF710,201.2904215,-0.498849066,1.345290444,-0.324923206,0.745239193,0.929093112
CRIM1,1504.689066,0.408630659,0.854535162,-0.676971886,0.498423792,0.755344115
CYYR1,236.3216777,0.217597473,0.855037649,0.878829513,0.379493721,0.660152215
ARHGAP15,812.7218353,0.543909338,10.23900049,3.034939694,0.002405838,0.013315616
AC007405.1,49.58585209,-0.114382777,13.55885133,-0.094527902,0.924689819,1
CD55,799.3071982,1.948657083,0.292200735,33.06021531,1.1095E-239,5.3515E-237
SPOCK1,277.9196763,0.334215578,1.813863074,-1.283459723,0.199331062,0.457816352
AC074117.1,23.13710521,-0.113110102,1.484801359,0.130616423,0.89607875,1
AC092821.3,159.8939748,-0.009265924,0.503765375,4.416653506,1.00241E-05,8.91265E-05
AP000892.1,14.39666508,-0.080191051,2.123979276,0.657338975,0.510962981,0.765769749
B3GNTL1,70.54922871,0.020985735,20.68494127,-0.019000939,0.984840357,1
LRRC66,13.52832685,-0.266370474,2.264667522,0.932141444,0.351263432,0.63493317
LINC00884,62.50674706,0.318187052,1.35198146,-0.07268166,0.942059443,1
PTPRB,857.3838647,0.31247772,1.2819845,1.10918255,0.267351439,0.542988465
TRIM58,25.0124812,0.063274612,4.999006617,0.192625452,0.84725231,0.989702716
DOCK8-AS1,297.5875996,0.42953103,2.505060361,0.731943986,0.464202757,0.728749227
CHMP1B-AS1,38.15006113,0.126663788,34.24395947,0,1,1
ANKRD29,86.5876812,0.172811792,1.351474355,1.215045574,0.22434871,0.490546692
PVT1,244.0571563,-0.480795959,2.068697364,-0.644255671,0.519409656,0.771358483
SPDYA,162.8532452,0.062734211,17.28396645,0.222766102,0.823717552,0.977176982
ATP5F1B,4427.297476,5.732009405,1.546338602,13.0849062,4.01656E-39,2.21416E-37
AL136985.3,35.44218769,-0.134303431,10.72041817,-0.19180417,0.847895604,0.989702716
LPL,162.9597132,0.061725617,9.630743916,-0.030688581,0.975517898,1
MED12L,63.2691862,-0.084617109,13.21601461,-0.045927169,0.963368299,1
AL158071.1,29.18537885,0.010787712,1.636158545,0.481389313,0.630239831,0.85028906
CD4,111.3928604,0.158104287,29.47250531,0.119419359,0.904943125,1
MEIS2,1241.56568,-0.523287963,1.701762719,0.407173442,0.683880606,0.887343134
RALGDS,177.9609043,0.461934039,0.835330184,1.728063046,0.083976922,0.259157187
AP001160.1,53.6548194,0.235555016,0.872865932,3.920122186,8.85041E-05,0.000658795
FGD5,192.26274,-0.418635584,1.75997507,0.194407984,0.845856439,0.98956792
PLEKHG6,58.70103154,0.139596143,1.193660924,2.312810523,0.020733059,0.08636089
LMO3,51.28364055,0.447155611,1.364927301,0.413614878,0.679156176,0.884186184
POU2AF1,21.5407079,0.087658751,1.741610785,0.912269665,0.361626779,0.64556135
IGLV2-14,41.6204439,0.421014433,5.298373547,0.077889799,0.937915714,1
AL691403.1,214.9725483,0.939538287,4.624924658,2.800648349,0.005100006,0.025840209
ZSWIM5,250.0158399,-1.150162353,10.97688773,-2.20125075,0.027718277,0.10888366
ACCS,68.85891836,0.609686927,0.77821962,0.00974318,0.99222619,1
SLC6A13,866.8080435,0.265389122,2.039677571,0.769558776,0.441561667,0.711024103
SPAG5-AS1,35.39334708,-0.536425305,1.74157202,1.04858135,0.294370843,0.574392299
ANKRD30A,13.46298838,-0.122357247,2.20754227,0.84785681,0.39651772,0.673333294
NAP1L2,53.62387419,3.020524731,1.993306283,5.973020771,2.329E-09,3.17343E-08
RDH5,127.8719769,-0.333918948,2.403481404,1.835401579,0.06644621,0.217290369
ACSM3,670.4667705,-0.291943041,0.269124207,-4.791690963,1.65382E-06,1.64478E-05
ZFYVE28,234.867528,-0.050114546,38.34474623,-0.019775932,0.984222118,1
UPK3B,40.27949078,-0.074560145,2.565653507,0.170626761,0.864517254,0.997873833
BMPR1B,671.6828533,0.852468673,1.502260038,-2.156562605,0.031039761,0.119489455
PMAIP1,232.6774417,4.3226842,3.334293001,-0.323802646,0.746087453,0.929910292
MASP2,19.62933015,0.12782876,1.932489488,0.979858653,0.327155895,0.608458246
ADGRL3-AS1,21.00364627,0.045955623,4.351271031,-0.011599355,0.990745261,1
MEI1,39.11238956,0.077077634,6.79033706,0.10044422,0.919991664,1
QRFPR,20.80179093,0.1553375,1.576369343,1.132855809,0.25727481,0.530440286
OLMALINC,77.02267886,-0.387101788,1.381978702,2.907163929,0.00364722,0.019163798
SPC24,20.91645601,0.022922165,1.368557909,-0.017088133,0.986366306,1
ZNF438,350.8318072,-0.104372967,0.86137872,-1.720144211,0.085406231,0.262340815
ENPP7,35.23416421,-0.064660838,1.289966967,0.946042211,0.344127057,0.62744164
AC021752.1,56.74241349,0.429757705,1.393839537,0.32685296,0.743779101,0.927992368
AL157834.1,66.5277921,-0.115109386,1.606689451,0.477871843,0.632741423,0.851214128
CD68,390.9268637,5.900388573,4.700598486,3.912351886,9.14016E-05,0.00067827
KIF5C,63.50163479,0.071853528,1.485621662,1.059993328,0.289147635,0.568959535
SRRM4,30.10075695,-0.18635997,3.566260685,0.007465448,0.99404349,1
LIPC,163.1513127,0.49050752,1.501714168,12.39748538,2.69654E-35,1.30067E-33
COL6A1,503.8190099,0.030185891,63.83721984,-0.007607045,0.993930515,1
STARD8,140.3079695,0.00821417,58.03089609,-0.057141731,0.954432295,1
FGL2,623.6574311,4.567721454,1.282255948,11.32428066,9.94922E-30,3.77875E-28
AC016821.1,45.36226412,-0.683021294,0.382968331,0,1,1
OSGEPL1,76.16058493,0.418153666,1.074213759,2.011082988,0.044316692,0.159107974
PTGR1,2197.653438,1.072390313,1.981723337,2.601393315,0.009284594,0.04343767
C2orf88,156.2092306,-0.20828129,1.319085125,1.579417658,0.11424029,0.32205613
KDF1,74.87730347,0.080715244,30.10981644,0.033205968,0.973510339,1
AC010201.3,277.8773052,0.355612622,0.754816058,-0.079301813,0.936792565,1
TRPC1,237.439428,0.037660393,0.990910439,-2.236542044,0.025316286,0.101574826
LINC02615,222.2100643,-0.390190325,1.701378611,18.57063512,5.55421E-77,7.24074E-75
MAP1LC3B2,16.29018858,-0.325470891,2.110419508,1.117032255,0.263980534,0.539081332
YPEL1,102.9972072,-0.550687687,0.577470507,1.363051395,0.172866314,0.419955006
TESK2,177.2389042,-0.195804099,1.119968771,-2.76396991,0.00571028,0.028454068
MT1X,10584.01395,7.031116135,5.034111663,7.770588957,7.8122E-15,1.51944E-13
PET117,56.0304011,0.29097766,2.033079368,-0.813915311,0.415693469,0.691293724
AL353653.1,16.37086465,-0.041527393,2.343944664,0.422529528,0.672638553,0.880334299
PIM1,265.1558266,0.853166665,2.280646175,4.077859385,4.54522E-05,0.000359492
TRHDE,559.1638323,-1.657835472,2.8543028,-1.059789248,0.28924049,0.568985115
NUDT17,16.1201176,0.310254022,1.339427091,0.68047608,0.496203063,0.753244838
RDH12,65.38149536,0.027580598,2.716986239,1.131880307,0.257684759,0.531171981
LNX1,394.7223042,0.309204837,1.058840109,-0.421274985,0.673554294,0.881112889
LINC01788,119.3562322,-0.126626737,10.99784256,0.116678126,0.907115125,1
ST3GAL5,141.9887195,0.125225327,0.587946052,0.35563232,0.722115936,0.913008183
AL163051.1,20.76125191,0.513862547,1.614917583,0.301733983,0.76285486,0.93997827
SLC35G1,32.50692651,0.060017747,1.643804588,0.74908678,0.453804903,0.719966184
CYP8B1,44.77126035,-0.053142661,1.310848797,1.713507681,0.086619181,0.265106359
CERCAM,64.070283,1.724662863,2.023018167,2.406015411,0.016127584,0.069549757
AC011450.1,16.82375145,-0.257094571,2.124662304,0.68524384,0.493190064,0.751070501
ADGRE5,587.949829,1.36044217,137.785583,5.571791091,2.52134E-08,3.10247E-07
PARP10,220.37799,0.335940139,1.244167577,1.292761941,0.196093407,0.452887982
ADAMTS19,82.69875727,-0.873150619,7.195471679,0.415874015,0.677502195,0.883308481
AC132938.3,13.07826242,0.35051738,1.73024605,1.43523659,0.15121969,0.386411283
CKB,2633.390522,3.227792633,1.952452618,5.404893296,6.4847E-08,7.65702E-07
AL133297.2,17.47959782,-0.063010217,1.189745563,0.809587775,0.418177137,0.692479264
AC099520.1,27.93226448,-0.046651659,1.428679145,1.331349638,0.183073992,0.43521804
ASPA,345.5475406,1.072629567,2.402600128,0.71713996,0.473287741,0.736228125
MIR34AHG,53.12803138,-0.215771745,1.698405026,-0.533956996,0.593371287,0.824957425
SLC2A13,427.0118809,0.282374885,0.723149664,-5.183431252,2.17841E-07,2.40723E-06
AC079760.1,58.73992719,-0.173445045,17.11791931,-0.251290646,0.801589407,0.96384557
INCA1,14.57567571,0.140389379,1.724723943,1.155408182,0.247923313,0.518810456
MRM1,33.52508432,-0.096721121,1.521764886,0.863947221,0.387616885,0.665955492
AC063919.1,32.29833774,-1.443369859,4.958266809,1.450240818,0.146991376,0.379932788
ZNF589,65.23737073,-0.409199232,1.00844306,0.684302134,0.4937844,0.751346704
BCAT1,77.41561255,-0.169019121,2.034419704,2.058822354,0.039511259,0.144599818
TLE6,27.01732817,0.443784605,1.452395522,0.522144451,0.601569759,0.830710487
ANKFN1,62.97873976,-0.223292173,4.034908716,0.335624163,0.737154301,0.922706966
AC015917.2,14.11746214,0.669105759,2.261119664,1.994849525,0.046059294,0.16397173
KCNK5,253.4617458,-0.59052815,2.057922195,-0.157944942,0.874500184,1
DMC1,20.36254968,0.154063459,1.946051339,9.698648699,3.05518E-22,8.49375E-21
AC097634.3,24.085326,0.137639616,1.215503804,0.967242538,0.333422802,0.614780155
AC116049.2,21.5209247,-0.217545823,1.597133455,0.487436372,0.625949123,0.847751115
FMN2,128.7273072,-2.585551225,3.642844232,-1.639186198,0.101174487,0.296028782
NEURL4,59.9935164,0.442952655,1.197130426,1.086575673,0.277224381,0.555081694
ANKS1A,813.7302915,-0.823463045,1.31558903,-2.677977674,0.007406816,0.035780445
TGM1,15.82891194,0.006656723,1.605817018,0.916521253,0.359393565,0.643957973
ADAMTS10,53.62023736,-0.049037859,12.30642864,0.002812216,0.997756179,1
CD101,13.20594575,-0.04849417,1.381267982,1.295562752,0.195126169,0.451952497
ULK4,626.7086689,-1.591370374,0.91165589,-5.478240475,4.29576E-08,5.1608E-07
MEIOB,18.41255087,-0.026842276,1.184536722,1.253072302,0.210179395,0.47183184
PTCSC3,45.33434201,0.28235609,1.514044924,-0.061449941,0.95100088,1
AL627309.1,19.96281089,0.132028939,1.432440761,0.5833499,0.559657777,0.80177855
DNAJC16,450.7343524,0.345602064,0.664711794,1.531962611,0.125531662,0.343644705
AL355001.1,24.28481758,0.169490391,1.405517502,1.178948852,0.238418543,0.508228846
C6orf47,113.457823,0.377808657,1.34667089,3.898693672,9.6713E-05,0.000714388
AGMO,158.0862183,0.14758627,1.436289141,16.46183361,6.89789E-61,6.52391E-59
AC006064.2,38.82962156,-0.238140285,1.847177625,1.135372463,0.256219293,0.529282123
PRKCB,419.0566817,0.149056491,51.08729124,0.086049051,0.931427425,1
ABCA12,16.6666325,0.021459058,1.850676188,0.430400449,0.666904369,0.87647096
TMPO-AS1,24.68594512,0.501922347,1.750035011,0.590083486,0.55513468,0.798956463
PANK1,369.7625478,0.048590161,1.289920097,0.957489572,0.338320207,0.620337618
TPK1,311.8256974,-0.365297464,1.528885812,-0.21076908,0.833067467,0.982218712
RALYL,1015.171499,-1.668046217,2.938748898,-1.307511282,0.191039126,0.446452143
TMCC2,29.50480569,0.245574238,1.74213596,1.08588877,0.277528206,0.555269393
STXBP6,140.3733356,1.530279244,15.63853424,-0.20079292,0.840860499,0.986755258
AUXG01000058.1,63.55045625,-0.30314954,2.199794988,-0.200377224,0.841185571,0.986856038
WDR86,26.96974815,0.208473648,1.889132325,0.885479076,0.3758983,0.657452662
ACSF2,630.9767439,-1.210674732,50.46850944,0.130108405,0.89648066,1
SOBP,211.1843404,0.656968712,1.675042704,-1.27888926,0.200936055,0.460106842
CRY1,659.8987469,-0.993501899,2.45054128,3.281720629,0.001031758,0.006335689
AC245407.2,128.3398223,4.972391612,2.315373167,-0.290771896,0.771225781,0.944523944
COX7B,6940.769653,6.241504277,2.672278623,9.110262331,8.2183E-20,2.08089E-18
MOCS3,32.8744495,0.425967036,1.644363502,2.121715901,0.033861603,0.127752397
ARHGAP23,86.66625405,-0.317569579,1.787454661,0.094945456,0.924358151,1
IL10,29.32902725,0.792634936,4.921182697,1.053440524,0.29213914,0.572469283
AC087477.2,88.797449,-0.125827159,1.697217116,-0.634060383,0.526041416,0.777311019
VAV1,106.1233703,-0.337502257,5.745633049,4.505505935,6.6215E-06,6.07779E-05
SPAAR,74.71249265,0.11702965,1.713736617,2.326504416,0.019991657,0.083888437
AC018557.3,18.78152345,-0.119190516,1.621194763,0.585132988,0.558458299,0.800988286
SPON1,87.93140411,-1.430482016,8.840812648,-0.928829817,0.35297729,0.636005213
GREM1,15.76131454,0.262106609,1.736354985,-0.257923825,0.796465697,0.95937278
KIAA0825,3689.984952,-0.910682979,0.499407974,-10.21278273,1.73807E-24,5.42628E-23
AC011511.2,107.5327795,-1.413528327,58.94045265,1.103667848,0.269737248,0.545748352
CDC42-AS1,20.64498904,-0.20392627,1.379624499,1.190489056,0.233854229,0.503599873
RENBP,485.1656413,0.083362911,2.593848093,2.231506315,0.02564761,0.102409971
TANGO6,300.4288012,-1.09324323,5.044936463,-3.617106596,0.000297915,0.002018246
AL022345.4,30.86158096,0.39281779,1.880197557,1.860485998,0.062816798,0.208316826
JCHAIN,514.9366208,3.605554574,4.634358291,1.712759566,0.086756782,0.265359123
NCF2,87.8124631,0.259913915,1.572896752,2.490245088,0.012765503,0.057295412
PCOLCE2,131.5208902,-0.336502693,2.655186433,-0.080254323,0.936034986,1
MYC,235.6489793,3.773783827,4.337168281,3.627451368,0.000286233,0.001950061
SERPINH1,349.8204713,2.530165264,2.798748234,4.224439758,2.39536E-05,0.000198352
BTBD3,227.5425551,-0.107533621,0.554625534,-0.17004171,0.864977334,0.997899587
AC027031.2,98.43323476,-0.023969397,1.024470439,1.406607884,0.159543694,0.400290772
TUBAL3,13.57009952,-0.124790514,4.730972737,0.052659698,0.958003051,1
IL23A,23.92895519,0.409758886,1.992899814,1.772846438,0.076254156,0.240876527
CFAP61,40.44121542,-0.036796111,1.697968498,0.45396418,0.649854609,0.864205923
SPP1,15937.54295,2.754262313,2.432716563,4.78867186,1.67889E-06,1.66799E-05
LRRC8C,222.3390291,0.894097225,3.093587998,0.611832081,0.540648862,0.7896502
LRP8,19.8786514,0.35727138,1.393200757,0.837328142,0.402408145,0.6794388
AP001442.1,68.34317928,0.016302076,1.337733074,0.388382846,0.697732737,0.895917438
FAM102A,280.6387617,0.129856058,0.898782659,0.726966789,0.467246301,0.731147618
AC061958.1,30.21080651,-0.146138393,2.076953089,0.086624472,0.930970013,1
CFAP410,36.28249878,0.055457149,1.609767515,1.008175521,0.313370207,0.593692535
LINC01798,25.20923651,-0.383104644,3.501161292,0.004090084,0.996736594,1
CD9,3767.360523,5.368348293,1.423179976,7.267464179,3.66298E-13,6.47194E-12
AC012146.1,107.4468519,0.253862206,20.54897973,0.215690971,0.82922864,0.980382613
AP002026.1,73.21691157,-0.140236509,10.62280415,-0.101417278,0.919219221,1
LINC02733,15.38020276,-0.573195422,4.885546694,0.141725624,0.887296734,1
CABCOCO1,43.05964693,0.086940377,1.509031619,0.075182858,0.940069223,1
ADAMTS2,49.46938132,-0.145054761,1.641286184,-0.051534073,0.958899951,1
DHRS4,534.6960137,1.594954055,3.882188296,4.638263577,3.51349E-06,3.35258E-05
AC083862.3,146.8509047,0.254398954,1.148160876,0.755754529,0.449796384,0.717339348
AC044849.1,39.49844318,0.548746498,2.006682972,0.670803373,0.502345798,0.758986674
LINC01917,14.18763442,-0.062275532,1.891934896,0.773815116,0.439040132,0.709628565
C1orf61,30.66100423,0.198473995,1.345901472,1.968455215,0.049015684,0.17157268
ZNF266,113.9877681,-0.545270585,0.542591412,0.848542283,0.396136035,0.673277718
SYCP2L,48.08224172,-0.032735017,1.523908808,0.59676853,0.550661932,0.796595137
TNFSF13,270.9669904,4.775265745,1.563811307,9.144877632,5.96974E-20,1.52355E-18
LINC01806,20.77756127,0.343430027,2.072112597,1.112943769,0.26573258,0.540941591
TIAM2,392.2757846,-1.391723353,1.679003903,-3.426950369,0.000610401,0.00391005
ISM1,40.66354899,-0.001722369,1.424206407,0.412836899,0.679726115,0.884412399
AC007529.2,18.53240114,-1.154061647,16.65722118,0.8655183,0.386754376,0.665065859
RNPEPL1,194.9215762,0.090045035,50.80110901,0.058688246,0.953200422,1
SH3BP1,58.03275576,0.30818799,1.510383892,2.153155897,0.031306428,0.120228151
PIK3IP1,277.175699,2.271933673,1.550108605,4.905908944,9.29957E-07,9.45342E-06
AL138826.1,546.5862328,-3.071586544,4.102124955,1.843835356,0.065207138,0.214109348
BDH2,206.1379737,0.108028783,1.735677573,1.385880097,0.165783519,0.409870223
AC005037.1,100.1495736,-0.584038581,1.520203006,-0.162735016,0.870727075,1
SIRPB2,18.97334087,0.109857891,1.205431748,1.734886361,0.082760935,0.256306499
TSNAXIP1,25.91147436,0.258260888,1.410219624,0.569686371,0.568890435,0.808974945
PRIM1,46.43105878,0.921969461,0.522777721,0,1,1
GZMM,146.297991,0.836653211,3.360787274,1.670441763,0.094831993,0.282883189
FERMT3,120.6220589,0.189243593,23.17405425,0.142779299,0.886464487,1
NPNT,444.5673262,-0.813745163,0.841018484,-3.219354694,0.001284795,0.007703178
ZNF726,34.37389613,-0.032176969,7.345767481,-0.036745255,0.970688124,1
NR2F1-AS1,236.4583116,-0.056768883,1.181188421,-1.273060939,0.202996418,0.462628502
LOH12CR2,38.35812609,3.599222815,2.563448492,3.467553035,0.00052522,0.003393703
COL23A1,125.0143471,-0.816320603,2.845594544,-0.449837058,0.652827935,0.866038379
AC079298.3,107.3855548,-0.167308901,2.06524627,-0.501952452,0.615700968,0.840836245
SLC1A1,433.8812347,-1.547609728,4.144407141,-2.699819402,0.006937713,0.033827883
SLC22A8,1566.600235,0.345044832,14.73073422,1.630974478,0.102895705,0.299437365
LINC01612,95.16952291,0.485683884,1.826641938,10.32148656,5.63439E-25,1.79389E-23
COX4I1,7889.89152,7.15651437,4.031320395,8.755598466,2.03023E-18,4.83596E-17
CECR2,215.13192,-2.224533341,11.56119736,-1.095190826,0.273433044,0.550460888
RASAL1,109.1716867,0.405383747,1.420757367,-0.650363486,0.515457457,0.769278789
AMPD3,153.5564251,-0.134477195,0.742857657,0.433757965,0.664464209,0.874650938
ZAN,13.78279244,-0.144300105,3.554367319,0.383890097,0.701059906,0.898157359
LINC01414,30.41908732,-0.006599036,1.734665414,0.761449927,0.446388376,0.714621418
NIPSNAP1,193.8408229,-0.041227105,23.56810633,0.134130832,0.89329912,1
ACMSD,962.3118386,-0.563653435,4.56351704,0.180233086,0.856969585,0.993923629
CLCF1,97.41653262,0.12273072,0.982045182,1.198993095,0.230530631,0.498974421
IGKV3-15,126.9115655,0.111424426,283.2964653,0.075789053,0.939586926,1
HMGA2,35.31544051,0.07848046,1.566542359,-0.009071156,0.992762364,1
MBLAC1,29.38111073,0.562079315,1.457019499,2.922483631,0.003472519,0.018365893
FBLIM1,96.77164759,0.360708857,1.30650277,0.748242297,0.454314022,0.719966184
AP004608.1,107.1004376,-0.142043074,28.45047755,0.193804159,0.846329231,0.989702716
FP236383.3,5497.030317,-0.265020252,0.54401801,-0.19270673,0.847188653,0.989702716
RYR1,36.37392015,0.621726871,1.984470422,1.804224083,0.071196185,0.229172372
TTC39A,101.1064591,-0.117877703,1.072579209,0.11767205,0.906327513,1
LINC01506,59.31859539,0.62858147,2.508763722,1.834595794,0.066565602,0.217607037
SLC40A1,518.2830721,3.35150584,2.487553348,4.172235724,3.01625E-05,0.000245758
AC110795.1,23.62423505,0.23795505,1.563903099,1.031471933,0.302319564,0.58259625
CLIC3,125.1434319,0.654379157,22.56159415,0.610155627,0.541758721,0.790231142
OGFRL1,213.1131911,0.396618178,1.39203736,2.008888472,0.044548963,0.159763511
AC131944.1,112.0634225,-0.078268772,1.972480668,0.644392119,0.519321194,0.77134589
METTL7B,123.05059,-0.067855496,2.326404896,1.301000947,0.19325813,0.449825009
AC124248.1,21.89339268,0.011628943,1.783894853,1.176056163,0.239572434,0.509379497
AL109840.2,25.3227787,0.020528639,1.838926446,1.126157501,0.260098859,0.533866742
TMA7,5233.181178,6.915486685,1.968776238,12.53554111,4.77094E-36,2.37244E-34
AGXT2,1069.087553,0.019411058,400.2028847,0.106635778,0.915077934,1
EPHB4,124.7633193,1.124972699,3.444327583,0.385840079,0.69961511,0.89691971
TOMM7,5174.163354,7.296992802,2.843379617,10.3757025,3.19851E-25,1.02853E-23
LINC02640,14.41884676,-0.141426501,1.55058166,1.410721876,0.158326638,0.398169207
AL035670.1,15.93040044,0.026181419,1.736346619,0.51131496,0.609130531,0.836362402
AL132857.1,23.42799575,0.02574076,1.734970274,0.620690291,0.534803419,0.785393299
AC239868.1,14.87404135,0.423713662,2.021352302,1.047093762,0.295056336,0.575380731
RHBDL3,16.2256749,-0.093681764,3.121677919,0.791829423,0.428460144,0.700740818
LIF,32.12616311,0.058358782,3.50109968,0.18456515,0.853570122,0.991791704
OSR2,14.32606986,0.343453043,2.626550959,0.24848244,0.803761155,0.965038147
LDLRAD4,1010.204877,-0.857668561,1.314739193,-2.608243132,0.009100829,0.042702186
PTPN14,654.8508599,-0.574841884,16.42729972,-5.200228185,1.99044E-07,2.20964E-06
PXDN,90.29974902,-0.048662962,28.09867191,-0.187165484,0.851530886,0.99103854
PXDC1,151.6631681,0.301984377,1.234394876,2.394352588,0.016649735,0.07148538
SMN1,38.97468267,0.782967028,0.451386384,0,1,1
AC008610.1,23.12125562,0.122721512,1.224284369,1.222813233,0.221400246,0.48652495
EPHX3,18.7731181,0.458720115,1.810180471,1.233537358,0.217375348,0.480441175
WFDC1,105.3877623,-0.391205089,1.366283501,0.402671822,0.687189666,0.88971878
AC068286.2,29.06699296,-0.165274343,1.888659514,15.80630617,2.81495E-56,2.34102E-54
SLC45A2,15.56620596,-0.185606464,3.42863635,0.443859929,0.657143857,0.869015324
RAD9B,13.39029853,0.125056231,1.297966927,1.398257626,0.162035718,0.404753643
GDF7,51.64050997,0.281230739,1.721673258,0.676208507,0.498908272,0.755359877
PPFIA2,224.1319779,-1.567358455,3.927566726,-0.793387888,0.427551866,0.70012077
PTPN4,795.6984406,-0.801624698,0.955264837,-1.347224715,0.17790787,0.427892602
DOK6,221.2809513,-2.462523742,16.4311079,-3.265723489,0.001091848,0.006666493
RHOC,1811.677832,5.408889984,2.820948744,7.205766546,5.77182E-13,1.00326E-11
NCR3,38.58768256,0.768475708,9.854903233,1.383021304,0.166658334,0.410937947
FAM183A,14.37568396,0.039673298,1.532366917,1.117135551,0.263936372,0.539081332
DNAI1,32.9427664,-0.053339754,1.454527391,0.80587847,0.420312927,0.694189146
CBR3,94.67403817,0.025451201,1.597803185,1.158453043,0.246679204,0.517892117
DSTN,5011.096673,3.078904122,4.181725018,2.518731711,0.011777836,0.053343091
PHOSPHO1,18.08205939,0.066477254,49.41611617,0,1,1
IL20RB,19.2787627,-1.486321005,1.820073465,0,1,1
FBN2,38.82418644,0.076513609,1.45392135,12.25780047,1.52586E-34,7.14559E-33
MUC4,16.87985919,-0.260526705,3.629302256,0.461006232,0.644794134,0.85999295
METRN,384.0466896,3.519653259,1.611760185,4.298724542,1.71784E-05,0.000145766
AL356805.1,25.99737092,0.00434051,1.143754813,1.34270937,0.179366099,0.429683084
TTC21B-AS1,13.64241846,0.015635961,1.906874069,0.807243899,0.419525978,0.693483056
TBX3,128.1387177,1.070884542,5.195538616,0.944154348,0.34509078,0.628381582
MALINC1,31.84678926,0.190290698,1.210447642,2.248568362,0.024539971,0.099011753
CCSAP,29.99908561,0.057509658,1.349233679,1.725483873,0.084440308,0.260337376
AC103702.2,54.31625223,0.489998127,1.447169776,-2.222011071,0.026282557,0.104473818
ISLR,24.03938646,0.366668664,2.131030457,1.36832256,0.171211132,0.417405558
CALCR,250.2359013,-0.052575884,96.90471066,-0.049129278,0.960816271,1
DNM3,547.4076321,0.34458757,0.592352231,-3.115034085,0.001839237,0.010573966
WHRN,99.33407372,-0.505554961,0.895169451,0.407250759,0.683823825,0.887343134
CLDN2,391.0464108,-0.786928446,7.483476887,1.955047358,0.050577481,0.175448025
FSTL3,174.9072233,0.070603905,2.1374285,1.172232379,0.241103772,0.511080661
WNT9A,14.24103022,-0.044198872,1.871528337,0.518248964,0.604284576,0.83250996
AL137802.2,18.17348332,0.7978842,2.087386303,2.428977797,0.01514146,0.066035109
CDC25C,13.68307531,0.093422347,1.869198829,0.778980282,0.43599133,0.707106451
ESRP2,48.84691417,0.358064453,1.576635332,0.481747801,0.629985114,0.85028906
PLD6,21.52504003,0.090290444,1.544504135,1.424028808,0.154438133,0.392172853
AC010503.4,94.18264433,1.204626959,7.811296061,4.301976953,1.69281E-05,0.000144008
GAS7,203.5767071,-0.349721603,2.308581233,0.412310412,0.680111918,0.884714088
RUNX2,150.0371388,-0.228785389,1.097659268,0.716008388,0.473986169,0.736239435
WASF1,84.87328124,-0.989296157,2.50198505,-1.556491931,0.11959116,0.332041625
ANKRD18A,56.97114299,-0.193909633,9.763450825,-0.033112114,0.973585182,1
AC004784.1,17.41726099,-0.17235108,3.281579417,0.433600229,0.664578768,0.874650938
CENPE,22.76923117,-0.106482597,1.776593569,1.02713414,0.304357305,0.584654504
BMF,35.15178466,0.202426461,1.220194983,1.169490425,0.242206097,0.512744409
ABRACL,879.4833487,4.678933681,3.402667375,8.047127674,8.47597E-16,1.75091E-14
AC007383.3,38.68013141,0.267793108,1.476910038,0.301473312,0.763053598,0.93997827
COL12A1,110.0047447,0.622733285,1.873148243,9.745936449,1.92E-22,5.4638E-21
STRIT1,49.20493508,-0.032376947,8.681782575,0.6191544,0.535814648,0.786085755
GABRE,24.49795529,0.033671246,1.620975252,0.294878933,0.768086366,0.943073587
MDGA2,43.28937898,-0.055258091,1.345237152,0.561919054,0.574171171,0.811698313
AL133415.1,35.31456291,-0.005023708,15.6393916,0.471959692,0.63695556,0.854007064
FGF7,101.7352145,-1.89589794,43.9539519,3.930578713,8.47416E-05,0.000633232
AL355881.1,15.52719158,0.389637017,3.24919852,0.995204454,0.319636836,0.600432912
GSTA2,4270.29626,6.339495217,98.29610035,1.62271362,0.104650639,0.303537195
MIR99AHG,1397.009173,0.300959811,1.844260372,-2.799056926,0.00512521,0.025954279
LAMA1,174.5214963,-0.101237864,1.16001353,-1.498105166,0.134105929,0.357578744
ARHGEF26,83.51758922,-1.55441863,3.725808436,-1.981684081,0.04751461,0.167779445
SUOX,157.5445815,0.678199084,1.806725737,1.639868385,0.101032536,0.295710216
CSGALNACT1,632.1173672,-0.838992051,2.059556145,-1.365945654,0.171956022,0.41867787
AL365394.1,78.25773667,0.008183322,5.645897478,0.144647249,0.88498939,1
DNMT3L,52.74059715,0.256394875,3.18043814,0.270041568,0.787128274,0.954507156
CCL2,1022.845346,3.975873859,2.732220654,4.334998575,1.45761E-05,0.000126113
AC108134.3,28.26642925,0.243848185,1.432141747,2.191737209,0.028398487,0.111166896
HIVEP2,739.7856579,0.281163868,0.234535237,-1.909609989,0.056183448,0.192335601
AC007513.1,16.23837369,0.048563491,3.179029857,0.782588056,0.433869057,0.705711337
RASAL2,1182.98766,-0.995150529,1.389245403,-2.743084788,0.006086497,0.030095558
AL137847.1,23.55636989,-0.043289028,1.750030143,-0.160423161,0.872547746,1
C8orf34,63.47675903,0.267814497,1.448262834,0.535483092,0.592315846,0.824422301
NAPSA,528.0338225,1.744989807,3.485038968,3.494216977,0.000475454,0.003088693
AC079305.1,19.26733481,4.6239071,1.718729314,5.929802575,3.03299E-09,4.10368E-08
LINC00824,14.62718773,0.150908525,1.770617503,0.801333192,0.422938781,0.696116231
LINC01205,52.12372684,-0.052408442,1.415606447,13.41949978,4.6484E-41,2.71777E-39
ELMOD1,27.59957013,-0.077742829,1.881782599,1.27464206,0.202435963,0.462274619
RIN3,265.3176247,-0.318273435,30.00834988,1.348676173,0.177441002,0.427403021
AC092910.3,54.08908866,0.111379433,1.226548532,-0.361121084,0.718008932,0.910320958
LSAMP,345.5787071,-0.10796673,50.26121244,-0.044808984,0.964259564,1
LINC02457,22.13718988,0.287420102,2.087903854,0.57345186,0.566338785,0.806945963
GATA3,696.5056252,1.380430229,1.913118465,2.791647026,0.005244053,0.026403641
BRCA1,81.28222476,-0.484464001,1.424126336,-0.044058952,0.964857412,1
LINC01203,24.07805608,0.093471653,56.12857592,0,1,1
TRAM2,97.02778233,-0.37349298,0.995307851,-0.905985799,0.364943369,0.647297348
FABP6,15.99032814,0.031722015,1.904835503,1.010032711,0.312479618,0.592508506
GPT2,194.8580472,0.118230962,1.155099537,0.329843504,0.741518213,0.926009865
ST8SIA1,44.6320795,-0.016051372,1.611383873,0.63293899,0.526773485,0.777982825
AKAP13,2003.10769,-0.294692193,0.419632241,-2.631539034,0.00849991,0.040234855
AF107885.2,17.22278591,0.00186422,1.868748593,0.555289453,0.578696692,0.814320127
KHK,2459.371067,2.629864203,14.09186839,4.475467645,7.62442E-06,6.8741E-05
SLC25A5,5640.648169,8.084029395,2.685329643,12.11345729,8.96348E-34,4.05966E-32
AL590764.1,17.50524302,0.013218711,2.713713827,1.228254811,0.219351329,0.483700186
B3GNT5,202.4811454,1.085930405,3.947705468,2.075398754,0.037949594,0.140160693
KDR,222.8688846,0.111413203,1.601730928,2.635230178,0.008408024,0.039878177
GPR35,24.93796642,-0.005637594,1.708259911,0.961877603,0.33611109,0.617948632
GJB1,207.1604888,0.458022783,1.664941785,-0.690555012,0.489845228,0.748551447
P4HA3,42.49325507,-0.109625942,1.466823374,0.164564727,0.869286597,0.999388082
ADAMTSL4,23.80218194,0.006926447,1.668738823,0.948667726,0.342789634,0.625949574
AL512603.2,44.19665558,0.090815028,8.125066157,0.410396435,0.681515161,0.885514096
GJA1,80.40236219,0.260793972,1.725012653,1.890913043,0.058635953,0.198119296
RXRA,261.7074156,-0.166734386,1.112334004,2.23112472,0.025672869,0.102458453
AC130324.2,31.39976136,-0.158597708,1.725999975,0.01029047,0.991789538,1
GUCD1,335.2335156,2.14745816,1.481240625,5.358532975,8.39004E-08,9.78703E-07
ZNF687-AS1,31.7413674,0.444753105,1.479345146,2.83755039,0.004546117,0.023253654
GZMA,434.2642964,7.338027126,4.265187774,-0.649910427,0.515750083,0.76959645
NTRK1,21.29462218,-0.74808477,1.418654197,0,1,1
AL138787.2,39.59770181,-0.268695298,2.069018691,0.115441362,0.908095296,1
UBOX5-AS1,42.23767468,-0.067274467,12.58637537,0.074736611,0.940424278,1
STAT4,475.7190261,2.407414435,2.485745076,3.257536363,0.001123839,0.006840171
NOL4L,199.3170673,0.300536951,0.756460103,-0.355430776,0.722266896,0.91307938
PHF19,52.44831097,0.268353815,2.319718657,1.365036359,0.172241623,0.419021631
AC005332.5,19.29598468,0.086910943,1.588965103,1.051320155,0.293111573,0.57313505
AC004485.1,76.45371677,-0.451867811,6.918888802,0.207708518,0.835456567,0.983701386
AC025263.1,14.83517992,0.094618096,1.326654968,1.173105894,0.240753343,0.510674473
BTN3A3,68.54944872,1.3817282,3.758510104,2.142887084,0.032122166,0.122612116
MAP2K6,219.9213975,-0.748853751,1.66692476,-2.746112538,0.006030607,0.029874189
NR1H3,121.610966,-0.340029738,1.58225956,0.429720728,0.667398803,0.876687943
SLC5A10,382.3156239,-0.57748254,3.434452867,0.251057086,0.801769974,0.963872204
AC068279.2,35.56664045,0.402051774,1.657471087,1.998965302,0.045612108,0.16254895
COL5A1,49.00319333,0.098894819,1.375570466,0.26331903,0.792304694,0.95787792
AL023882.1,23.14668008,-0.313420835,1.893853745,-0.236753645,0.812847915,0.970728378
GAD1,104.7206312,-0.103597585,1.863309845,-0.25361714,0.799791353,0.962403291
PLCG2,977.69021,-0.475174273,1.233469711,-0.120905489,0.903765895,1
FYN,1233.257055,-0.572586256,318.5930447,11.25481476,2.19286E-29,8.2959E-28
LINC02306,23.24615628,-0.220936184,2.189295217,0.910106432,0.362766383,0.646359222
RABGAP1L-DT,24.97884153,0.008094743,1.56819684,1.433424838,0.151736464,0.386887037
EBI3,25.38388041,0.317913169,2.024658982,-0.03770055,0.969926437,1
AF228727.1,33.03143612,0.38515044,2.555098795,-0.171797564,0.863596681,0.997159355
SYT16,43.66877225,-0.095336698,1.928702174,1.438213266,0.150373552,0.385572438
TMEM52,24.84127156,0.462965661,2.558370904,1.293655391,0.19578448,0.452887982
DYNLRB2,95.80204039,0.233875011,1.518279861,1.090031743,0.275699161,0.553175917
RHCE,20.60148048,0.124176003,1.167862386,1.866617774,0.061954984,0.206381121
KCNA5,19.36336923,0.51858175,5.160799722,0.480938899,0.630559925,0.850295163
COL4A1,810.4948927,-1.038882843,2.776152327,-0.737883869,0.460585022,0.724720879
CCDC138,190.3415223,-0.296225665,0.679022255,0.499252247,0.617601692,0.842120639
VILL,31.74007916,0.071243505,1.143492213,2.223979438,0.026149828,0.104070705
NOTCH2NLC,57.12937365,-0.261869684,1.711606312,0.001043963,0.999167039,1
KIF6,54.76249069,0.089200143,1.304595278,-0.838855752,0.40155026,0.678479225
KLHL13,731.9766481,-1.981380835,2.110267746,-1.905706573,0.056688286,0.193490312
LHX1,247.0877235,-0.626868926,1.827751384,-0.198913136,0.842330694,0.987478941
HECW2,260.4486797,-0.450747834,7.418481634,1.013834231,0.310661858,0.590666199
SCN1A-AS1,62.80431401,-0.07508442,1.572579222,-0.272548768,0.785200099,0.953047981
TSPAN6,423.7455316,4.741794621,2.746795136,4.763068745,1.90671E-06,1.88463E-05
ZNF416,13.51920471,0.191200809,1.407594704,1.573572315,0.115586358,0.324712171
TBCD,336.4656425,-0.489687936,0.50978738,-0.961472836,0.336314477,0.617948632
AC105411.1,29.17452536,-0.01048795,1.664789367,0.352529283,0.724441362,0.914736116
RBL1,104.8068417,-0.286247441,0.868138226,-1.141030221,0.253857347,0.526198371
SLC22A4,99.18439664,-0.96715429,5.424616902,-0.004966727,0.996037141,1
ADAMTS3,103.9849422,-0.313325531,2.25073481,-2.646332222,0.008136986,0.038821712
SEMA5A,548.4211737,-0.163977475,96.68146963,-0.025077771,0.979992931,1
DES,24.18895585,0.247078567,2.549530232,0.677144022,0.49831458,0.755344115
AL121972.1,24.77858735,-0.03909812,1.734683383,0.280072569,0.77942183,0.949139408
SPON2,253.9404866,-0.277539136,2.230719613,1.616872946,0.105905709,0.306164932
EFCC1,16.53395596,0.21187133,1.621272312,0.480128779,0.631135826,0.850819729
C10orf67,82.52763001,-0.358880442,1.740444975,0.165909711,0.868228005,0.999006975
GHR,388.7324868,-0.08327649,57.07276435,-0.036791013,0.97065164,1
SPRY2,88.54410383,0.35574848,1.364669786,2.543755419,0.010966784,0.050188126
NAPRT,593.5372882,3.351650411,3.639991841,2.43646339,0.014831671,0.064801235
AL080250.1,46.30953402,0.102068062,1.430875224,0.135336426,0.892345887,1
FCRL6,45.18438534,0.410441098,5.484053742,1.085823702,0.277556998,0.555269393
TMED6,71.39858387,0.564725639,1.847835014,1.220481872,0.222282258,0.487688283
MAPRE2,552.3008421,-0.034621636,0.469842851,4.096378335,4.19664E-05,0.00033431
PKN3,64.07818699,0.348622572,1.381308687,1.251401229,0.210788129,0.472241775
TTLL7,115.1390936,-1.445276354,3.840719901,-0.753774003,0.450984937,0.718603242
SLC23A3,71.93700425,-0.017939781,1.781791889,-0.047258237,0.962307413,1
MRAP2,33.39051246,-0.002714962,1.622085459,15.38549778,2.04795E-53,1.56799E-51
MYO18B,21.16723057,-0.004526712,1.47613571,1.155514837,0.24787966,0.518810456
AC027097.2,167.9527076,-1.02376549,4.255339718,-1.31357387,0.188989647,0.444094815
RND1,99.09447671,0.027793183,1.23926976,2.669451971,0.007597514,0.036539322
TMC5,27.39327892,-0.005188104,1.683371753,1.634293344,0.102197271,0.298034181
BIN1,801.881273,1.619416206,3.514839277,3.333572953,0.000857382,0.005356971
B3GNT4,26.11221037,0.150933171,1.440709498,1.064421898,0.287137618,0.566813301
RYR3,143.9133092,-0.11178026,42.7025342,0.048021875,0.961698809,1
PART1,153.1833928,0.188596397,9.417552573,0.11811185,0.905979034,1
AC117503.1,18.95665002,0.296998997,1.768207954,1.485192711,0.137492782,0.363793986
AC011468.3,17.6757825,0.518364207,3.771214913,1.106096287,0.268684846,0.544652806
AC069228.1,18.08251958,-0.117136584,2.819584813,0.371750941,0.710078293,0.904904266
S100A2,2720.735264,4.255747885,3.084660157,5.956823356,2.57188E-09,3.48468E-08
AC112220.2,38.1307166,0.380014944,1.342673625,2.073631136,0.038113581,0.140658653
AC105001.1,17.45777281,0.00735973,2.080840049,0.864469228,0.387330178,0.665700022
SERPINA6,134.3112758,4.776684476,2.521576173,3.576454302,0.000348286,0.002325202
TRPM3,1245.859192,-1.648845337,2.377134715,-1.693273098,0.090403496,0.273225105
HYKK,133.5918476,0.167752177,1.310035136,0.563047584,0.573402482,0.811254885
NKAIN3,50.83077031,-0.25246833,4.737803061,0.039437507,0.968541577,1
AC011294.1,13.68861605,-0.171297374,2.437729304,0.595389618,0.551583064,0.797291252
HIST1H1A,17.74415709,0.717858446,3.000433536,1.422130159,0.154988469,0.392455291
PIWIL2,17.08302539,0.043495141,1.38646672,0.857442109,0.391200596,0.669252021
AC008591.1,18.23556037,-0.204180071,3.491051258,0.875914035,0.381076769,0.660858517
AL136454.1,112.1619561,4.655957523,4.265495177,3.298011074,0.000973723,0.005998407
ARC,66.44414358,0.933158973,3.636656126,2.185019829,0.028887393,0.112505724
AC010997.5,27.32193137,0.202159254,1.463141977,0.756896781,0.449111704,0.716958565
TSPAN10,35.41880223,0.463095628,1.018202426,4.172511058,3.01261E-05,0.000245669
CPA1,13.8959693,0.008490635,9.045954357,-0.343332821,0.731348092,0.918421641
ACOT1,69.65186828,0.076782754,1.806840282,1.116486556,0.264213922,0.539330925
AC244197.2,24.24715701,0.08675601,1.360194741,0.071610018,0.942912267,1
MYOCOS,54.99159106,-0.381052246,1.41086236,1.289643488,0.197174469,0.454080235
ADAMTSL3,240.2671912,-0.190351213,2.190503424,-0.687513369,0.491759279,0.750179578
UPK2,218.5503122,0.143754356,1.980852204,0.522783801,0.601124714,0.830452544
AC087857.1,25.25793632,-0.179081836,2.866047331,0.100620691,0.919851571,1
AC106707.1,51.35087365,0.608515808,2.116316848,2.919121934,0.003510189,0.018515463
LST1,579.2160058,6.530608163,5.620058975,4.373928098,1.22031E-05,0.000107313
MON1A,65.55996446,0.02344733,22.44082763,0.034561633,0.972429295,1
AC107081.2,17.12315186,0.005826213,1.316884301,1.144914927,0.2522444,0.524553078
TMEM151B,16.1002503,-0.023435981,2.226984114,0.384432003,0.700658284,0.898000594
AC020978.5,58.54795379,0.282707893,1.388746286,1.862235152,0.062569952,0.207640978
ARHGAP45,117.8016486,2.957183626,2.430555233,4.03700585,5.41377E-05,0.000421183
MT1E,6163.251398,6.137898778,6.288495919,6.975807307,3.04119E-12,4.93912E-11
DSCAML1,596.9653517,-2.232713188,2.41066397,-1.932828899,0.053257279,0.183818594
ATP5MC2,5471.38597,4.807750807,1.695180213,10.20849794,1.81655E-24,5.65299E-23
LDLRAD2,13.94732933,0.214154234,1.493727481,-0.050174841,0.95998306,1
ZNF860,19.30280736,0.211912386,1.163225294,1.356293149,0.175005914,0.42362891
IFNG-AS1,64.5852069,-0.193764905,1.68463159,1.613198289,0.106701435,0.307543694
ZSCAN31,66.68072965,-0.098565176,1.030513701,0.208728174,0.834660445,0.983386579
PPP1R12B,670.5929249,-1.303188321,2.759980121,-2.585547071,0.00972246,0.04507593
FANCD2,36.84527449,0.268378984,1.195412549,0.801840307,0.422645339,0.696116231
GMNC,17.56417484,-0.06956032,2.471495081,0.969837145,0.332127674,0.61339668
EDDM13,23.72009463,-0.492699408,2.100025314,0.42121404,0.673598793,0.881112889
TDRD9,49.25018907,0.31270148,1.096240858,0.530055386,0.59607353,0.827384367
BSG,3112.463371,4.775037459,1.524039805,10.36073693,3.74069E-25,1.19491E-23
MFSD5,82.2454816,5.081371951,1.606422088,9.863196682,6.01047E-23,1.75706E-21
C5orf17,105.077798,-0.195132166,2.141606637,-0.636892816,0.524194663,0.775599066
AL137847.2,28.65618555,0.176362408,1.374789907,0.202634132,0.83942101,0.986204716
TPTE,36.37104686,-0.149532549,1.845150728,0.232075133,0.816479659,0.972297157
SYNE4,91.33699393,2.707888559,0.595404008,14.09113719,4.30572E-45,2.76915E-43
AC007114.1,82.72371176,0.381104069,1.593694223,1.858504977,0.063097337,0.208888131
AKAP6,733.340994,-0.615531682,2.139890387,-0.457986066,0.646962452,0.861698421
AL031123.4,97.47557531,1.364796868,4.62608556,-0.54350398,0.586782851,0.820343167
AADACL2-AS1,12.90788152,-0.115424109,2.284545515,1.13962603,0.254442136,0.527078223
ZNF319,20.50486123,0.450240328,1.468600597,2.095205138,0.036152761,0.134554662
FOXA3,17.26567203,0.444711575,1.924551219,1.519235397,0.128703255,0.348079702
GPNMB,266.5741681,1.963140113,2.60650995,3.517692703,0.000435316,0.002850981
ACD,90.41944341,0.112756853,42.5150731,0.123454515,0.90174719,1
PIEZO2,99.35184929,-0.256776327,2.024415074,-0.157431153,0.874905063,1
RAB3B,35.78318426,-0.282025107,2.30068644,1.073535253,0.28303103,0.562042065
LINC02432,142.7790047,0.424803988,1.720034779,1.085447551,0.277723482,0.555274286
TMEFF2,18.85617298,-0.056804585,1.915096967,0.577572298,0.563552914,0.80490205
AC006369.1,66.04341712,-0.19764588,1.221179749,2.84496572,0.00444162,0.022755343
LINC01389,14.95238245,-1.27244143,3.458673863,0,1,1
CADPS2,1884.01484,0.070074467,0.729600036,-3.354506007,0.000795068,0.004996758
TLR3,64.97706922,0.074739297,34.71644355,0.010374611,0.991722407,1
LAD1,185.4717564,1.849737845,1.849178349,3.067411337,0.002159215,0.012138664
IRAK1,133.9927693,0.142929467,18.03112388,-0.017225148,0.986257,1
AL513303.1,20.46958642,0.759836018,2.91334811,2.338484825,0.019362112,0.081459352
C16orf74,57.32244533,0.158603565,2.10581855,0.9951433,0.319666574,0.600432912
CORO2A,64.16168749,-0.229113841,2.016483409,0.332248666,0.739701499,0.924647771
AL009177.1,16.89799248,-0.164403346,2.076208289,0.973514515,0.33029765,0.612059437
AC104794.3,47.5774183,0.244423509,1.361889566,1.298475136,0.194124115,0.451147998
KCNH7,66.42806222,-0.413413448,2.537280327,0.062352906,0.950281797,1
AL845331.2,75.10465307,-0.325786165,3.875830658,1.193082403,0.232837103,0.50205175
FYB2,392.1276326,0.405944473,1.828170406,-1.047770095,0.294744544,0.575005179
AC114760.2,130.8860399,0.371620785,2.75174657,-0.977749121,0.328198421,0.609334895
C3,184.3500575,-0.0231899,2.488167391,1.077353201,0.281322503,0.559801607
MAP3K20,209.2124986,-0.248169853,1.525388521,0.439598862,0.660227665,0.871891851
MEOX1,13.5159961,0.226638889,1.985050399,0.727495837,0.466922265,0.731147618
ELAVL2,18.07537089,-0.507646386,0.792120967,0,1,1
APOL4,27.41683668,-0.010025276,0.855767377,2.794756679,0.005193879,0.026192029
SLC22A1,32.23445525,-0.11492394,12.72412669,-0.21445628,0.830191257,0.980996455
ACSS2,374.2758756,-0.736356266,0.68031392,-4.366738614,1.26116E-05,0.000110403
NCK1,221.3640264,-0.538399621,0.936536541,-1.029112761,0.30342669,0.583796825
FGFR1,403.1065476,-0.006843569,0.902568869,-0.17604523,0.860258409,0.995708133
ZNF749,149.7776658,0.228177248,1.31052237,2.64079071,0.00827128,0.039345678
FOXM1,14.31025254,0.797491229,0.56797721,0,1,1
GFI1,15.54321907,0.333852492,1.788366073,1.453656151,0.146041661,0.378116989
ST20-AS1,31.38778096,0.42020249,1.813460847,1.60902442,0.107611002,0.309333533
ALDH1A2,570.4569916,-1.528593451,2.8049802,-1.433511636,0.151711676,0.386887037
TNS4,34.418507,0.072722006,1.61936344,9.341367793,9.50975E-21,2.51344E-19
AC006942.1,50.95285161,4.048030853,1.372616759,9.280333201,1.68949E-20,4.41695E-19
HLX,27.55352498,0.35407839,1.337861495,2.269502763,0.023237769,0.094628434
STPG2,439.627502,-0.76882212,2.641029047,-1.655204939,0.097882934,0.288857957
AC079779.2,32.32691211,-0.089338857,1.733945102,0.778316187,0.436382635,0.707106451
PTPN13,1221.552564,0.46054084,0.642324701,-5.966534617,2.42345E-09,3.29282E-08
DDX58,290.8657611,0.036240993,0.688990853,0.373053927,0.709108309,0.904026411
ZNF510,52.75996476,0.154131939,0.892801915,0.290407648,0.771504393,0.944745225
ARRB2,229.9864577,0.517888262,1.482879094,4.270617819,1.94932E-05,0.000163665
AC027682.6,121.4094329,-0.076311441,2.131466605,2.256324465,0.024050318,0.097443688
FBXO2,131.5612693,4.836859965,2.418900286,3.505854074,0.000455145,0.002966815
PRKCQ,306.9565348,-0.011667342,0.891929229,0.113543836,0.909599412,1
AC006387.1,35.37288015,0.196323557,1.449463654,1.501391355,0.133254369,0.356490542
PPIF,322.6281696,3.536066345,2.722496117,4.36028651,1.29892E-05,0.0001134
SRGAP1,657.8072314,-1.38610289,2.15356033,-3.647243482,0.000265069,0.001816135
AC098588.3,289.8618511,-2.593510612,2.384277142,-3.193553647,0.001405332,0.008353198
CEP78,153.2540151,0.046924289,1.193171015,0.819946836,0.412246415,0.687933086
LINC00964,39.37655644,-0.132827936,1.365466615,0.817320817,0.413745114,0.689434256
ADGRL2,818.2506263,-0.838269776,1.743726282,-0.293785381,0.768921907,0.943557222
ARSG,111.1503349,-0.115739542,1.300495202,-0.624379734,0.532378231,0.783262589
LEFTY1,15.67124835,-0.24025817,2.181597367,1.240365263,0.214840323,0.477109714
LINC01010,42.62249622,0.012741551,1.617683253,0.779749736,0.435538197,0.707106451
KCTD16,249.3402467,0.149991333,1.390776109,-0.676223511,0.498898747,0.755359877
MNDA,158.0400888,2.320003735,2.037846985,4.541231591,5.59266E-06,5.19772E-05
PLPPR1,420.9353906,-1.086818374,5.985239034,-0.899986067,0.368127666,0.650664637
MICAL1,80.52237291,0.112456765,1.855582849,0.81181047,0.416900394,0.691664239
PMEPA1,180.1224456,-0.25933351,1.524934467,0.918029167,0.358603596,0.642900742
AL157373.2,44.63613881,1.233698099,6.225752437,2.138542996,0.032472698,0.123722007
AC091607.2,32.36410787,0.444116773,2.1795082,1.638605314,0.101295485,0.296030761
AC025048.4,15.4915026,-0.008612167,1.511463866,0.78897556,0.430126291,0.701865414
LRP5,223.8452964,-0.643985697,0.263054234,0,1,1
MYL9,1257.050735,2.914132715,2.338170395,3.913102459,9.11179E-05,0.000677206
USP31,155.1604265,-0.904949944,2.097403274,-2.045848342,0.040771294,0.14814338
GOLM1,463.0424204,1.595044341,1.950939006,3.841779134,0.000122146,0.000881331
ENPP5,124.3205305,2.67624075,1.582874803,5.130587141,2.8884E-07,3.12731E-06
HEYL,46.63584349,0.097043321,2.062949747,0.743901866,0.456935846,0.722238912
ATP1B2,92.48830488,0.370033184,2.164303161,-0.150624058,0.880272283,1
GPR143,49.37782331,0.916569476,0.819680997,0.477430231,0.633055792,0.851280906
GRID2IP,22.80535651,0.134154967,1.647549339,0.674944758,0.499710863,0.756071313
PLSCR3,92.88164454,3.052894737,2.296561648,3.78978792,0.000150776,0.001072666
AC015878.1,13.56868538,0.106876662,1.824564377,0.376186996,0.706777882,0.902554916
ZNF747,56.84073183,0.131297298,17.59539658,0.035668877,0.971546388,1
PCDH11X,41.54179326,-0.003309921,2.334038565,0.110468217,0.912038054,1
NLRP3,78.88812624,0.448824863,1.618776526,-0.114579591,0.908778357,1
AC020656.1,222.3786987,5.256494922,2.979715478,-0.708620056,0.478560287,0.740088344
IMPG2,21.39828047,0.183188094,1.702089096,12.5363138,4.72466E-36,2.3616E-34
SLC16A14,27.32358422,0.713682861,0.780403831,1.352896188,0.176088798,0.425301997
RNASE6,118.5669679,0.872757701,3.746456389,2.632421199,0.008477869,0.040186804
RFX8,13.75268441,-0.150532743,3.038320575,0.589694728,0.555395331,0.798956463
LINC00461,13.17567463,0.350377563,1.605897235,0.843892469,0.398729497,0.675543284
GASAL1,18.63245265,0.47527588,1.348567577,2.152413401,0.031364809,0.120404423
LINC01285,17.17502978,-0.079442249,1.865153166,0.117052338,0.906818579,1
AC093496.1,140.5837096,0.242405961,3.096915201,0.877696649,0.380108364,0.660227833
XK,17.46138139,0.298055981,1.115755534,1.73944916,0.081955787,0.254522338
TANC2,855.4050868,-0.107166724,0.429369705,-3.937782912,8.22379E-05,0.000615477
AGXT,326.9318296,0.177263449,7.266347523,1.376332956,0.168718574,0.413934921
FCGR1A,34.4095256,0.49478836,2.725550717,1.507069097,0.131792947,0.353463041
KRT86,41.52024466,0.041787979,1.925116139,0.823099309,0.410451522,0.686544875
MCF2L2,266.5726495,0.091809833,8.990492924,0.108290957,0.913764896,1
NIBAN3,23.86537861,-0.040992352,2.491850016,0.461985742,0.644091545,0.85959717
C1S,188.556571,-0.097847662,1.275708554,0.821776298,0.411204226,0.686856549
RAB34,318.3796858,3.380641624,1.573479026,5.572512431,2.51092E-08,3.09359E-07
TRIP6,471.239367,2.94583821,6.213572441,6.077664114,1.21946E-09,1.70002E-08
FBXO10,77.05135614,-0.448453669,1.052350058,-0.865699207,0.386655135,0.665013744
B2M,36015.73451,7.312738288,0.718985794,25.10730327,4.139E-139,1.1408E-136
AP001059.1,28.38129273,0.426217321,1.769738749,1.607203349,0.108009768,0.31001792
GMPR,384.193788,0.433571415,0.957096582,2.159580082,0.030805192,0.1187286
ABCC2,169.046362,-0.982132202,9.529297424,-0.399476365,0.689542236,0.89109363
C1orf141,12.87073182,0.016826192,2.247768413,0.676527434,0.498705834,0.755359877
PRKAG2-AS1,104.5716598,4.679853152,2.998558346,4.276952438,1.89469E-05,0.000159634
AL358232.2,83.41878578,-0.578443234,2.922938288,15.55613683,1.44565E-54,1.1247E-52
ZNF571,77.12178428,0.200156968,1.806331367,-0.080599954,0.935760103,1
IGF2BP2,483.9975696,-1.404970763,2.18681362,-3.854620568,0.000115909,0.000840734
AC024028.1,18.14162724,0.041241941,4.306649378,-0.349091218,0.72702083,0.9157715
CYP4F2,129.5856636,0.016587706,17.64028442,1.061943776,0.28826121,0.568131094
LINC01802,14.22063213,-0.12691684,2.035946547,0.914656348,0.360372067,0.644805976
TLR2,151.3239595,0.042328294,26.90274295,-0.060924461,0.951419368,1
BMP7,52.0980851,-0.066800547,1.103930296,0.994933186,0.319768761,0.600507931
AC107072.2,49.97301705,0.014176763,1.523407998,0.167746799,0.866782477,0.998558491
MYOT,14.45733852,0.050750822,1.939923397,9.126581026,7.06967E-20,1.7995E-18
CYSRT1,13.2832179,0.325333132,1.986561917,0.782602678,0.433860468,0.705711337
LOXL1,64.70342652,-0.339687357,0.647725055,0.888428133,0.374310498,0.6559443
COLCA1,197.3803993,2.179371777,2.745501379,3.469091537,0.000522221,0.003378854
EMILIN1,30.49775905,0.042856737,1.767430976,1.162657804,0.244968368,0.515884826
GLYATL1,1440.101258,0.134733095,16.62883377,1.97730811,0.048006814,0.169188116
AC079340.2,20.85310657,-0.023999044,3.996660676,0.239026347,0.811085153,0.969944027
SLC6A20,23.00984857,-0.136047631,10.99874995,-0.19136498,0.848239655,0.989702716
AC002470.1,19.40194599,0.75849882,2.37231624,1.20239401,0.229210909,0.497121771
SLC6A3,15.49555712,0.068203786,2.433191053,-0.604985651,0.545188531,0.792525539
LINC01229,18.50867801,0.033555088,2.077131269,0.897286202,0.369566217,0.651456247
AL353708.3,17.92151693,0.458864578,1.458161762,1.261000371,0.207308714,0.468581809
MAN1A1,1308.812945,0.067814904,0.47605427,0.253940932,0.799541192,0.962342343
ACSM2B,2058.040716,-0.024062608,249.7453791,0.036352541,0.971001256,1
AL158071.4,20.69388241,-0.189080243,1.621285862,0.544586051,0.586038251,0.819785335
CHST15,118.4809616,0.190493909,1.105881598,0.909110101,0.363292011,0.646359222
LINC01876,202.4925628,-0.034031821,1.096243821,21.23229132,4.8061E-100,9.09112E-98
AC109322.1,21.94057898,0.464814908,2.025892522,1.564171212,0.117777366,0.329153392
C1orf116,52.29320828,0.316924368,1.842457427,4.342280997,1.41011E-05,0.000122113
FKBP10,48.6057742,0.06205952,7.73641208,0.066033382,0.947351249,1
HIST1H2BD,303.887403,3.175962093,2.226232337,4.770748221,1.83543E-06,1.81977E-05
C4orf51,20.84479939,-0.049282284,1.545641253,1.224814375,0.220645168,0.485530094
RNF183,37.79450435,-0.6645473,1.789295501,0.839654958,0.401101875,0.677895899
MTRNR2L6,41.73170474,0.504086148,23.1023,1.091623159,0.274998772,0.552345026
BTBD9,1443.904489,-1.23051452,3.209773875,-1.535249151,0.124722639,0.342068216
AXDND1,41.79278891,0.1708959,1.299823263,0.528074109,0.5974479,0.827981596
AL606923.2,15.20924893,-0.217373961,3.442497997,0.778258408,0.43641669,0.707106451
VSIG4,69.77689353,0.468072697,2.587009845,1.664119611,0.096088529,0.285220319
S100A14,173.0316808,5.967414083,3.168372064,4.299613677,1.71096E-05,0.000145424
TTC39C-AS1,16.11478365,3.226589806,0.643806153,0,1,1
ZNF517,22.79798508,0.247016482,1.655545408,0.799287828,0.424123535,0.6970237
SERPINF1,111.9342197,0.063416531,3.024810382,1.293037247,0.195998177,0.452887982
TOLLIP-AS1,42.80274815,0.83648183,2.790883478,0.376989018,0.706181766,0.90208362
AL049840.2,18.95539919,-0.199081763,1.932495317,0.81290837,0.416270595,0.691427827
TMEM255B,78.65066019,0.057398063,1.511422548,1.283359148,0.199366279,0.457816352
AL021918.5,35.36324484,0.215165464,1.619950268,0.304283904,0.760911607,0.939321538
LINC01268,14.68017069,0.115767496,2.012447659,0.885310762,0.375989047,0.657452662
CISD3,1006.880318,4.898013279,3.039300039,7.50245885,6.26317E-14,1.16194E-12
PAIP2B,193.839182,0.749499697,2.304237205,1.499944694,0.133628729,0.357095943
AC007383.2,31.52770637,0.332103741,1.587807501,1.570744098,0.116242102,0.326079545
NCOA7-AS1,22.67216403,0.134119401,1.389980946,1.242240264,0.214147928,0.476649473
AL731769.2,51.52847253,-0.080380699,56.05973801,-0.139209863,0.889284315,1
IL13RA1,288.5722926,0.681645441,1.121895272,3.225021636,0.001259631,0.007566417
AC100763.1,19.67180583,0.027217317,2.104059596,0.737647284,0.460728814,0.724828909
AC096531.2,50.69384763,-0.080044599,1.556465156,-1.435431461,0.151164186,0.386401936
PSTPIP2,121.5549477,-0.149529606,1.167355367,0.897409359,0.36950052,0.651456247
AC004083.1,31.77070684,0.066765575,1.387509669,-0.777755991,0.436712877,0.707348744
ANTXR2,172.7390947,-0.267771009,1.463979254,1.232472964,0.21777246,0.481074175
PC,197.338534,-0.293697429,1.578264976,-0.467046008,0.640466961,0.856422997
GCHFR,1068.658429,6.843501244,3.215870934,6.898348505,5.26106E-12,8.44483E-11
PLD5,48.26899448,-0.102892251,1.427213957,0.825553502,0.409057421,0.685729475
OSMR-AS1,236.7652133,-0.055117152,54.23383614,-0.078858364,0.937145281,1
RBMS3-AS3,206.8554966,0.370473193,1.168336418,2.058155734,0.039575186,0.144723966
AC005041.5,44.35472334,0.973594871,2.1861994,3.860823302,0.000113006,0.000821526
MORC2-AS1,27.64450539,0.019459603,1.269969173,1.58711297,0.112487061,0.319350196
ETS2,684.2633929,1.690454766,1.675314097,-1.55277577,0.120476713,0.333689019
FKBP11,200.5126777,1.679284663,0.486047192,0,1,1
AC091946.1,19.16513366,-0.165302539,1.629152548,1.113608366,0.265447236,0.540817209
ARHGEF17,177.6068796,-0.048618835,33.32811418,-0.089749602,0.928486198,1
SPDL1,53.92832573,0.519929565,1.804566592,1.696483046,0.089794438,0.271902646
ARHGAP24,1972.055624,-0.550462898,0.932401414,-0.426031085,0.670085195,0.878303244
ADH1B,75.48967696,0.375907913,1.868377619,2.320584889,0.020309259,0.084925625
ARHGAP18,1016.969592,-0.355553273,0.633551189,-1.737436025,0.082310237,0.255238462
AC011287.1,122.7283022,-1.414611479,3.189106506,-1.223454283,0.221158162,0.486326142
CYP27A1,282.8318383,-1.538719167,82.89084772,2.206660863,0.027337761,0.107775801
KLHL4,36.81184452,-0.114563799,19.08391624,-0.017514882,0.98602586,1
BPI,91.4849928,0.121138899,3.24041005,-0.408831895,0.682663032,0.8864787
CRB2,35.75781061,-0.8624837,3.7896629,0.990928182,0.32172065,0.602648371
PAH,1566.406821,-0.075769107,6.29646731,0.173047427,0.862614148,0.996777805
CD70,38.11502653,0.365820832,2.01632776,0.574693831,0.56549838,0.80617155
CTH,149.6475035,0.11673447,8.085340732,0.160689721,0.872337786,1
BNIP3,1714.682015,3.187824602,3.11527939,3.580144708,0.000343404,0.002295785
OXNAD1,380.1366404,-0.40351288,1.006103724,-2.847383516,0.004408022,0.022655403
LIX1,49.45842229,0.445402279,1.506212724,1.208285888,0.226937315,0.494190582
MAPK10,1585.687727,-0.269755302,0.990737398,-3.642355403,0.000270155,0.001848488
S100A13,1505.502186,5.40242493,3.61298821,6.150883131,7.70527E-10,1.08833E-08
ADGRB3,279.0533149,0.870350372,1.627530732,0.540643067,0.588753627,0.821716759
C2,121.0452794,-0.035906779,1.752218311,0.131189128,0.895625696,1
SULT1A2,52.89941323,-0.086880536,1.374952059,2.064651444,0.038955992,0.143219685
CEBPD,2611.375776,4.382774065,1.069398262,11.2062259,3.80055E-29,1.42108E-27
DNAAF1,31.35232145,-0.084122365,8.041587384,-0.128783952,0.897528604,1
GRIK4,27.09434981,0.2529321,1.726039733,0.771366408,0.44048978,0.710210648
LINC02593,17.62865517,0.113115466,1.650006725,1.346348065,0.178190292,0.427931726
TPRN,119.9783325,0.288450553,1.645857107,1.14846417,0.250776996,0.522967073
KCNK6,65.83610009,0.340507076,1.751701536,0.176128311,0.86019314,0.995708133
AC004982.1,24.37062478,0.276312646,1.793648453,0.900232494,0.367996537,0.65055206
AJ009632.2,37.99077406,-0.135613712,2.158143611,0.224816201,0.822122262,0.976077566
LINC01273,21.26413903,0.282072784,1.50942742,2.128438254,0.033300764,0.126275351
MRPL36,554.0072609,5.787460946,2.949021639,7.042267769,1.89136E-12,3.1677E-11
CXCL1,140.6199089,0.258960523,2.205441535,1.307753402,0.190956964,0.446452143
AC018413.1,23.09063778,0.347277267,1.710662466,1.398093591,0.162084964,0.404771848
RASGRF1,26.50247927,0.006721894,3.481126889,0.726562496,0.46749401,0.731297992
ADAMTS9-AS2,2429.093172,-2.236057446,1.332837404,-2.221988587,0.026284077,0.104473818
ACADSB,713.3208457,0.555566456,0.736009046,4.52256731,6.1094E-06,5.63455E-05
LINC02332,15.18841412,4.732464352,3.738038829,2.510552743,0.012054231,0.054467058
PKHD1L1,52.55072844,0.220076558,1.773281643,0.700941489,0.483339531,0.743901796
AC025569.1,52.71214792,-0.20310048,1.971651452,0.663857556,0.506781484,0.762870868
SLC1A3,131.2078185,0.063407562,45.77008981,-0.067079767,0.946518201,1
HRH2,52.45077353,-0.377252553,1.192829794,2.599329276,0.009340613,0.043657409
AC005034.6,16.51386128,0.286629016,1.753334996,1.524082219,0.127488174,0.346406716
DDR2,108.6268682,-0.573275432,2.281734064,0.978518192,0.327818098,0.609220033
MT2A,13471.13927,6.118403062,2.535633923,11.85865623,1.94065E-32,8.35777E-31
PHLDA2,451.5063087,5.857023914,3.369361666,2.188804742,0.028611035,0.111835759
PALM,356.0544689,0.087366555,0.746474512,1.897958048,0.057701609,0.196002612
RUNX1,771.7884461,-0.415308665,0.328162852,0.80787995,0.419159694,0.69323394
SLAMF6,49.30952591,0.489330095,1.851968948,2.174810262,0.029644338,0.114810497
AL109935.1,21.22594499,0.102314438,3.21648534,0.592936325,0.553223767,0.798557888
NAALADL1,33.36135658,0.393981277,1.459309639,1.348261775,0.177574202,0.42742173
INVS,585.8734197,-0.684382751,3.728773859,7.021580003,2.19373E-12,3.6425E-11
PTGS1,51.11613973,4.104568237,2.420036421,4.087673237,4.35721E-05,0.000345391
FUT9,35.77139333,0.016572839,1.998095915,0.265629498,0.790524566,0.956752767
ATP11C,336.4858092,0.737493446,1.294443465,1.613367468,0.106664697,0.307529686
PCDH9,977.0827133,-1.491469859,2.542341659,-1.371446647,0.170235765,0.415966163
PARP3,81.78716914,0.3579925,1.443540934,2.94444579,0.003235336,0.017329977
C9orf116,96.46873489,0.630527307,2.047604807,3.66934364,0.000243174,0.001674447
ZSWIM1,16.0661519,0.303099303,1.363907698,2.002603014,0.045219916,0.161628948
IL2RA,38.09579785,0.291830438,1.928561397,1.918151735,0.055091774,0.188933645
PRKY,178.3276289,-0.374353532,8.271244622,0.033172167,0.973537293,1
PBX1,1644.19006,-1.336055563,3.366214844,-1.4807267,0.138679416,0.366330867
GRAPL,58.79272236,-0.336222587,1.936721863,0.612700213,0.540074581,0.789084291
LINC02641,16.08476061,-0.564718562,1.521690146,1.238684738,0.215462273,0.477721109
AL591926.2,21.27415381,0.06240881,1.565483724,1.260025514,0.207660158,0.468787058
AC010737.1,98.79946542,0.010686631,164.29545,-0.13972486,0.888877384,1
HSPB2,75.24455988,4.64981971,2.553891071,4.158479616,3.20373E-05,0.000260374
TOP2A,22.14785485,0.025686944,1.894547152,0.683512153,0.494283273,0.751631579
ZMYND12,57.47919877,0.157342697,1.314513911,2.160896736,0.030703317,0.118430588
AC008440.2,46.85154572,0.546164073,1.926604689,2.673166432,0.007513896,0.036231733
POLE,50.57506794,-0.234995057,1.520805633,-0.397866406,0.690728665,0.891909976
PRSS48,15.77030905,-0.003114936,1.517384247,0.541187187,0.588378568,0.821549869
LINC01780,23.71790034,0.040512947,1.760795442,1.237460958,0.215916,0.478478884
SRGAP2,390.0636519,-0.024644817,43.92701101,-0.011409078,0.99089707,1
AC138123.1,439.5349562,-0.992084687,1.414751237,-1.992295367,0.04633866,0.164596821
L1CAM,117.9369676,2.208862121,2.465506423,1.879100648,0.060230752,0.201822182
SLC25A15,63.41640111,0.02359371,34.77723535,-0.024886246,0.980145698,1
KLRC2,43.51982485,0.479180839,2.426257593,1.370884649,0.170410918,0.41613297
CFI,958.3084693,0.343258581,0.861634237,1.289872209,0.197095031,0.454005675
ERC2,173.1045483,-0.458080572,1.863790625,-2.130855809,0.033101023,0.125669251
AL161804.1,16.51297881,-0.13054139,1.36979855,0.459604032,0.645800465,0.860859069
DMGDH,696.0888263,-0.848599554,1.019390347,-1.64939031,0.099067699,0.291233093
TRPC5,15.81525331,-0.298073574,2.13253431,1.021331028,0.307097631,0.587461996
ALCAM,597.1551779,-0.48358799,0.869782337,-0.705412138,0.480553792,0.741507107
P2RY13,33.3707858,0.127444333,74.06853712,0.241759832,0.808966265,0.968671954
RAB27A,328.469759,1.170459224,14.29972032,0.800212238,0.423587841,0.696616417
CDH9,133.4203523,-3.617004598,4.96599899,-1.628775121,0.103360633,0.300337358
CEP112,489.5831422,-1.733775486,1.000254666,-3.666634799,0.000245763,0.001691069
AC009264.1,18.19153689,-0.143024353,3.486019056,1.025144356,0.305295079,0.585523187
REL,612.4421902,1.550486853,1.526170702,5.915353836,3.31163E-09,4.44948E-08
RANBP2,872.7121203,1.067825965,195.8609716,1.274445134,0.202505705,0.462274619
TTC28,1125.894826,-1.848514882,1.782935183,-2.24600979,0.024703381,0.099561726
RBMS3,1563.651007,-0.897179815,1.605651335,-0.805748813,0.420387698,0.69419379
ARHGEF15,63.39984623,0.517177435,1.263934645,2.192167385,0.028367423,0.111108618
AC096719.1,15.25405497,-0.075453026,2.05845416,0.761237671,0.446515121,0.71470572
AL355388.3,20.21777939,-0.176292387,1.75153834,0.829838742,0.406629963,0.683526617
AC007686.2,17.40151195,-0.014532705,1.79788138,0.829382227,0.406888155,0.68360328
AC002460.2,426.6696947,-0.532841823,1.439068771,-3.00466629,0.002658724,0.014540084
CETP,39.88544445,0.278177953,2.021297421,1.560919894,0.118542653,0.330419235
EDIL3,209.4732481,1.031414308,4.104778337,-0.336713717,0.736332722,0.922383679
MPDZ,418.9975287,-0.420036265,0.712661309,-0.70517202,0.480703192,0.741619013
PLA2G12B,56.99957874,-0.20098106,2.954227347,1.06749013,0.285750568,0.565347771
AGRN,27.85630096,0.054350189,1.724808229,0.761742273,0.44621384,0.714460567
AC005599.1,48.95281805,-0.049226318,1.756833137,0.293734837,0.768960532,0.943557222
GBP1,201.3756273,2.391808077,2.599699508,2.484862238,0.012960158,0.057990094
KANK1,1363.211989,-1.938930008,0.904506806,-6.97013019,3.16648E-12,5.13395E-11
LTF,194.2326202,0.207879633,1.708312886,0.585294642,0.558349617,0.800951488
AC099329.1,12.87698585,0.019314142,1.808347044,0.498225277,0.618325268,0.842743264
CFAP46,59.02249116,-0.10208842,7.597757862,-0.216636505,0.828491634,0.980068522
DHCR24,153.9425045,4.471891797,2.843139618,4.988588849,6.08219E-07,6.31592E-06
BTD,488.6800978,0.604301076,0.511704135,2.029857994,0.042370976,0.153033622
ACPP,301.5901374,0.187473679,0.99709704,-1.921528846,0.054665069,0.187737246
UBXN10,22.37290884,0.424620822,1.313056207,1.454558448,0.145791541,0.37793177
VIL1,143.8107828,-1.025129502,5.201420766,1.706148992,0.087980343,0.268166309
AL359762.1,25.00182836,0.352740367,1.150740196,2.890644756,0.003844524,0.020069332
SAT2,2569.969227,2.792512916,3.691410974,3.180925963,0.001468051,0.008677875
SYN2,48.65594,-0.841928765,2.033458469,-0.651630851,0.51463934,0.768652379
AL353576.1,20.99546976,-0.257107634,1.995528716,0.318331116,0.750233784,0.932427894
CNGA1,142.4951073,0.319424512,1.590218209,0.655676287,0.51203243,0.766586896
ALDH1L1,1037.253373,0.063763815,3.247102441,-1.209333024,0.226534928,0.493537139
STK33,561.5703381,-0.293331989,1.318941178,-2.550417129,0.01075941,0.049379652
SLC25A5-AS1,29.42994365,0.353108883,1.539739284,2.233161934,0.025538268,0.102165314
SAP25,36.74248744,-0.026948594,18.07836313,-0.100254148,0.920142559,1
CLECL1,31.16177112,0.522063057,2.487150586,1.470050839,0.141547985,0.371164288
GOLGA8M,24.85255233,-0.252104502,1.758460184,0.020465331,0.983672169,1
FAM83F,73.00698347,-0.109679254,10.85297066,-0.158899991,0.873747668,1
AC023421.2,51.11680646,0.684850995,1.882454313,0.364404019,0.715556335,0.909198313
SNORC,39.20937772,0.108805272,1.497440387,0.395899614,0.692179086,0.892707438
HAO2,1020.832027,0.707316201,19.07753531,1.400668397,0.161313257,0.403471349
AC005884.1,24.67941627,0.414482196,1.323947547,1.273813315,0.202729585,0.462457391
SERPINI1,245.238281,1.066197118,3.761177073,2.079020562,0.037615461,0.139139704
DEPP1,388.830026,2.71202211,4.221484896,0.645214854,0.518787961,0.771028726
CCDC26,68.3961178,-0.450044768,1.771739975,1.100013524,0.271326229,0.548164217
C1QC,345.8422696,6.19531205,3.446758257,2.297281269,0.02160273,0.089251192
TXLNB,22.47552028,-0.008529482,1.017467783,1.813712665,0.069721974,0.225404787
ZHX2,819.2278618,-1.037157782,1.100245433,-6.486003101,8.81434E-11,1.32655E-09
ABHD15-AS1,143.3772307,0.075687491,1.184074965,0.934451862,0.350070856,0.633611647
SLC24A2,28.0572452,0.136493243,1.661382601,0.358099919,0.72026854,0.911747882
AC136475.1,27.25350437,0.257171507,1.577081439,1.73514268,0.082715536,0.256248163
LINC02351,20.46583414,-0.492465897,2.105850226,0.32664189,0.743938756,0.928071535
SPA17,120.3500689,0.270299015,1.370693485,2.770019149,0.0056053,0.028003276
AL359513.1,21.36645913,0.624107032,2.102439119,2.37021168,0.017777904,0.075652156
CLEC14A,207.7494856,4.210896462,2.754265809,1.389177151,0.164778888,0.408452628
HSP90AB1,5105.852161,5.328326591,0.561122131,46.95733756,0,0
AGPAT4,295.1054547,-0.358993585,1.499734953,-0.073369786,0.94151186,1
IMMP2L,3597.50694,-1.584726729,0.801479896,-0.822892475,0.410569142,0.686559285
SLC30A10,12.85166224,-0.014131268,3.877198431,0.688725973,0.490995728,0.749586294
MCCD1,760.7475577,4.816405191,11.12676564,1.34317845,0.179214198,0.42964199
RPUSD1,67.34993512,2.632014422,2.514049286,3.458781301,0.000542625,0.003499135
LINC00536,15.79872526,-0.018195658,3.183631498,-0.345490037,0.729725999,0.917468777
SIT1,45.71558874,7.26734032,5.029989941,0.292230719,0.770110226,0.944011905
EML3,96.33984024,0.031676785,13.82375037,0.021312002,0.98299677,1
AC044810.2,73.17449184,0.051496441,1.785543997,11.01565827,3.2118E-28,1.13913E-26
NKAIN4,210.7500582,-0.095187944,2.040283632,0.65513269,0.512382327,0.766586896
MEGF6,40.79952443,-0.06681727,8.658979333,-0.145639118,0.884206286,1
AC123912.4,37.38774101,-0.006685295,1.414593821,0.703590095,0.481688081,0.74254473
FMNL1,150.8200055,0.420168327,2.148646228,-0.662697315,0.50752443,0.763343962
ZDHHC14,726.7975445,-1.193757936,6.216757786,-2.619749098,0.008799448,0.041489871
KCNJ16,2162.878987,0.594729087,6.413051314,-1.330180785,0.183458713,0.435703153
AC140168.1,17.56200379,-0.137061536,2.028242029,0.692903847,0.488369896,0.747231418
GOLGA8N,20.55611072,0.136409177,1.296065422,0.66901573,0.503485444,0.759875481
DNAH2,25.94528708,0.013878908,2.109582201,1.035219031,0.300566633,0.580500187
NECAB2,97.84014794,-0.082251329,2.67751355,0.963251941,0.335421105,0.617049466
HERC6,114.1915468,0.458248215,1.068044085,-0.23403834,0.814955214,0.971681245
MYO1B,581.8176229,0.092040897,1.019547774,-0.091942536,0.926743696,1
TMEM132E,25.2310751,0.089564986,1.192630208,1.586675227,0.11258622,0.319446842
AC246817.2,65.06630001,-0.407878503,0.907639462,-1.859773964,0.062917512,0.208579121
CALM1,5802.660112,4.353398479,3.42798623,4.590968609,4.41194E-06,4.16457E-05
KLHL6,71.11354342,1.402811091,0.554298508,-3.48429E-14,1,1
CD2,318.0172035,6.237431806,5.42619198,0.69364718,0.487903498,0.74723052
UQCRQ,7110.4282,7.735339354,3.736944448,8.912491099,4.98986E-19,1.23429E-17
ST3GAL4,307.8103209,0.62283016,1.070583988,1.14713032,0.251327764,0.523279349
VWDE,16.35491051,0.048411114,1.632589094,0.867850666,0.385476089,0.664288645
AC138089.1,39.4672086,0.251996806,9.627431093,0.431004026,0.666465443,0.876416594
AP003049.2,19.58272919,-0.155805189,97.40913546,-0.626219901,0.531170715,0.782201785
ANO9,58.58472226,0.310572767,1.294953283,0.659958011,0.509280775,0.764198419
AC090825.1,127.3626448,-0.855460946,2.484155446,-0.941535665,0.346430421,0.629618364
AL450992.1,25.04291065,0.224313269,1.844752805,1.500637471,0.133449354,0.356814279
AP000692.2,17.91573602,0.57017424,2.294190509,1.89499109,0.058093582,0.197056535
AC073114.1,32.96796606,-0.044324243,1.726756628,6.691200565,2.21347E-11,3.43301E-10
AC011472.1,15.1936586,-0.056337586,1.959100954,0.260780445,0.794261826,0.958656969
AL354892.1,27.51523244,0.241421369,1.109176478,3.173139044,0.001508003,0.008886807
ALDH6A1,2882.577911,1.383230952,86.64872124,5.410217732,6.29482E-08,7.46938E-07
LHX1-DT,199.1108503,-0.348828421,1.210317986,0.563124898,0.573349839,0.811254885
METTL27,95.39594669,0.724059841,2.071594382,-1.3638617,0.172611097,0.419652029
SEC14L6,50.38152765,0.386556419,1.391184129,0.206719831,0.836228669,0.983792436
PEX11G,121.7433997,0.373059775,1.490321984,2.890714089,0.003843676,0.020069332
SLC35F3,145.1496177,-1.651468568,2.242693625,-1.538159606,0.124009595,0.340711409
UPB1,328.7169159,-0.100313398,6.001859249,0.456378747,0.648117646,0.862755752
SH2D2A,72.5655319,4.825555852,2.659161647,-0.192948522,0.846999284,0.989702716
AC009542.1,20.56920452,-0.067697714,1.260288942,0.910166398,0.362734762,0.646359222
FAM217A,36.23147353,-0.088505801,1.19308664,1.313045707,0.189167547,0.444230605
AP006623.1,20.96069004,-0.298363591,2.48474042,0.577505198,0.563598229,0.80490205
RASSF1,261.0422852,1.916937223,0.321031721,0,1,1
TANC1,767.4151866,-1.228928631,3.407066889,-8.644519324,5.40323E-18,1.25E-16
SRPX2,64.51609594,-1.235716799,5.73124687,0.749038269,0.45383414,0.719966184
KAZALD1,13.02633149,0.317130722,1.918651096,1.002535081,0.316085232,0.59671178
IP6K3,51.50427143,-0.002617008,15.42599254,0.778904532,0.436035954,0.707106451
CHEK1,38.30489953,0.013796027,2.180499954,0.964125095,0.334983212,0.616361444
RTCA-AS1,136.0146304,0.1377286,1.236354272,0.468461341,0.639454711,0.855875035
AC090971.2,26.01223495,-0.006329282,1.019884201,1.5304906,0.125895338,0.34406482
AC012291.3,94.01243043,-0.541760196,1.783854655,2.099060554,0.035811563,0.133645706
PLA2R1,504.4566238,-2.80105993,2.693172573,-5.044456439,4.54812E-07,4.77949E-06
AC068025.1,14.58933711,-0.184255876,2.270425855,0.768769041,0.442030431,0.711304014
SMPDL3B,39.63736891,0.134103447,1.414859375,1.949092258,0.051284408,0.177708579
DCTPP1,286.649785,5.837334247,2.256640887,4.394489337,1.11033E-05,9.80897E-05
AL356804.1,27.96518254,0.157489237,1.654212272,0.756575344,0.449304318,0.717147378
CD84,60.3735863,0.402171694,2.257180696,1.859066239,0.06301775,0.208767938
AP002433.2,23.32258219,0.057825189,1.627338422,0.637917694,0.523527259,0.774968155
KIF26B-AS1,22.24644259,0.023433531,1.870662521,0.310681692,0.756042617,0.93567927
LINC01789,20.03599457,-0.334780803,6.661192723,0.057084047,0.954478244,1
TFRC,483.1209139,0.826856536,0.82221774,4.362839604,1.28385E-05,0.000112186
CCDC106,234.3497363,3.189936172,1.852431428,3.879098544,0.000104844,0.0007674
PPARGC1B,61.0978522,-0.152689437,9.290869245,-0.065276225,0.947954071,1
MAP3K9,87.29073139,-1.097403103,2.964668303,-1.34217834,0.179538178,0.429884537
CSMD3,43.20679202,-0.341124968,2.220215643,0.575532777,0.56493103,0.80617155
HS3ST3A1,43.08698114,0.154367359,1.306600607,0.331260103,0.740448025,0.925152453
GPC5-AS2,28.42790912,-0.061277891,2.733927768,0.224607159,0.822284895,0.976077566
CADM2,64.32578778,0.42497088,1.640291072,0.031199863,0.975110149,1
TMEM26,27.85635009,-0.311935508,1.567046768,1.098421999,0.272020261,0.548532495
TSHZ2,380.4190357,-1.28483777,4.891363091,-2.035604617,0.041790074,0.15121862
PELI2,613.9844535,-1.283209024,2.970202255,-1.536529368,0.124408601,0.341539491
HABP2,32.4353794,0.171804614,1.85469021,0.96665917,0.333714444,0.615082775
ACVR1C,30.7649618,-0.128829133,1.998362368,0.43646161,0.662501847,0.873162849
AC016747.1,140.2728145,0.72669623,1.90915769,3.166187246,0.001544513,0.009074251
TET1,128.8979086,0.33550224,1.424837652,-0.220287109,0.825647559,0.978383737
LINC02227,14.02826933,-0.000357428,3.407186182,-0.157782154,0.874628462,1
OTOA,33.95161904,-0.045204148,0.742499471,4.107678998,3.99655E-05,0.000319691
ITPKC,249.7957642,-0.111868441,1.995016354,0.4718911,0.637004521,0.854007064
HLA-DRB5,1028.598896,1.798072276,403.7980147,6.588514831,4.44248E-11,6.79185E-10
AC129507.1,19.59815332,0.237410953,2.983660571,0.495665571,0.620130382,0.844136841
C8orf86,15.43697653,0.153202205,1.608259861,0.927072776,0.35388875,0.636933726
NEURL2,62.04216388,0.408688851,1.450068886,2.461365347,0.013840934,0.06141835
CAVIN1,427.5646688,2.746976841,2.049346044,4.090901814,4.29699E-05,0.000342022
NANOS1,17.96547191,0.478278484,2.184114353,1.262279211,0.206848335,0.467870078
MGST1,2770.109343,-0.04032971,80.82322852,6.077801842,1.21841E-09,1.70002E-08
AC073842.2,15.43441283,0.115754472,1.044792547,1.289224835,0.197319933,0.454306777
ANKRD7,80.46594125,-0.445146107,3.253675087,-1.817359617,0.069162067,0.223819678
RND2,13.72494026,0.549316966,1.792501312,0.772262042,0.439959242,0.710023606
AP001347.1,68.33093219,0.080969784,1.229207511,-1.186450113,0.235444591,0.505077601
LUCAT1,128.2558147,0.509579161,2.400932081,1.767348196,0.077169933,0.242731771
SMIM3,157.0483428,2.488391158,1.799551449,5.16357662,2.42275E-07,2.64692E-06
LINC00871,238.9956998,-2.552898279,7.493565595,-1.154462478,0.248310613,0.519395595
TUBB6,197.077248,0.404288502,1.243082217,1.993860899,0.046167258,0.164163486
TFAP2B,206.179066,0.795314165,1.773495758,-0.528741885,0.596984517,0.827724294
PURPL,15.26078398,-0.006442081,1.926906084,0.876073629,0.380990008,0.660858517
MLKL,102.6413001,0.202506308,1.501828153,1.514864847,0.129806634,0.349886728
GZMK,197.7032149,7.759865983,5.036628199,-0.148768598,0.88173623,1
AMPD2,95.32722474,1.199261115,5.933573382,2.230769792,0.025696382,0.102477468
MFNG,81.1585033,0.465014745,1.384798759,4.089561813,4.32189E-05,0.00034372
GFRA1,55.37467699,-0.097187622,1.541402492,0.437590011,0.661683514,0.872745537
CNFN,53.53427043,7.03008714,3.75140755,0.282670845,0.777429168,0.947938694
HPN,1023.535115,-0.383111605,1.421233764,20.77985191,6.58615E-96,1.1766E-93
TTLL10,13.33109062,0.069744395,1.659439358,5.488235605,4.05968E-08,4.88936E-07
SEZ6,13.37468799,-0.187991513,3.375357594,0.609568353,0.542147781,0.790642425
FGFBP2,169.415612,7.123723723,5.362532391,2.865828027,0.004159201,0.021514109
ADAM8,68.24095444,0.151282923,1.233256807,2.490140273,0.012769269,0.057295412
AP000547.3,50.809039,-0.029055159,1.29921607,0.170385212,0.864707201,0.997873833
FOXC1,187.5917005,3.688484632,2.218888521,6.753981617,1.43842E-11,2.25267E-10
CHAC1,26.54558445,0.412117696,2.10675014,0.919533469,0.357816608,0.641967048
PID1,206.7441873,-2.493333507,106.0309435,-4.677375402,2.9057E-06,2.80593E-05
MYL5,115.9558764,0.518748199,1.326728273,4.261698881,2.02879E-05,0.000169874
LINC01106,29.04101888,0.056733546,1.584749395,0.877762023,0.380072878,0.660227833
IGHG1,499.8106099,0.462526842,5.751603669,-0.759399676,0.447613507,0.71565146
CLIP2,272.4343761,0.223446677,1.277281261,-0.377620099,0.705712831,0.90173954
FOXQ1,99.01398661,0.645019108,1.780310255,2.632278616,0.008481428,0.040186804
MMP16,19.75634516,-0.170902377,2.445840219,0.591844503,0.553954719,0.798715267
ZNF385C,14.07131696,0.151311138,1.142625702,1.821432578,0.068541127,0.222257563
DLEU7,31.28639465,-0.197007866,1.9665671,1.08853818,0.276357591,0.554036093
AC093690.1,19.12117535,0.054997933,1.043504539,2.09767315,0.035934028,0.133999061
AC095032.1,25.8843588,-0.036475302,1.580971355,0.092075002,0.926638449,1
EGR2,95.65078327,0.62112001,1.954886462,-0.324038693,0.74590874,0.929807678
HBB,286443.8906,8.333360438,29.92429934,0.61978553,0.535398997,0.785909026
ERAP2,189.4214457,2.813264848,0.876494192,6.269437667,3.62354E-10,5.23298E-09
GPC5,2846.655649,-1.667806224,1.509925015,-2.111476178,0.034731403,0.130421895
TRPC6,59.959634,-0.96555565,2.010846192,0.11988408,0.904574976,1
CHRNA5,19.73992445,0.186429925,2.099750182,0.769126415,0.441818268,0.711223064
CABLES1,262.2079464,0.102680757,0.905945297,-2.345675303,0.018992645,0.080184702
KLRC4,16.10991838,0.714638352,2.548899003,1.84741406,0.064687153,0.2129379
EREG,103.0872214,0.780677117,3.600101479,1.493105366,0.135409608,0.360059672
SCGB3A1,19.91121543,0.949630885,5.311332447,1.814187447,0.069648872,0.225243939
AP005899.1,13.96163357,0.168924171,1.478731036,1.066607456,0.286149132,0.565712639
HLA-DPA1,2806.942141,7.491116432,2.687411982,6.945376017,3.77454E-12,6.10956E-11
LINC01118,27.62889667,-0.163116324,4.978194969,-0.063524701,0.94934869,1
AC015853.3,31.05356309,0.087080146,1.286819464,1.187411181,0.235065472,0.504549637
AC010343.3,31.08044681,-0.049534873,2.034482362,0.523949104,0.60031394,0.830158622
DNAH3,35.40329317,-0.448475232,1.764443198,1.421948586,0.155041177,0.392464507
LRRN4,13.37899829,0.295491207,1.972897091,0.909803435,0.362926183,0.646359222
GSS,378.2176752,1.518499222,2.440823961,4.333100046,1.47024E-05,0.000127092
ZKSCAN2,19.92822887,0.066942402,1.303639396,1.260157786,0.207612448,0.468787058
IQSEC2,203.6553955,0.000665153,51.8886234,-0.05424023,0.956743769,1
EVA1B,213.6949425,4.802847177,2.785605529,4.200162081,2.66724E-05,0.000219173
MTRNR2L1,1236.432597,0.67271968,13.34064699,1.038328673,0.299117064,0.579539545
SLC2A3,981.0152693,0.861968184,11137.56642,4.855353381,1.20172E-06,1.21013E-05
AC096733.2,16.54013602,0.370172042,1.797332123,1.393670907,0.163417005,0.406624671
ARL4D,463.5998237,5.5449518,3.651329805,13.92138188,4.69733E-44,2.94254E-42
DKK3,67.24639843,0.552165735,1.308169806,3.754383273,0.000173769,0.0012254
SLC26A5,63.39715889,-0.110682518,1.487117734,0.828802039,0.407216434,0.684035685
LRRK1,93.06125346,0.281543359,1.227854317,0.543429583,0.586834062,0.820343167
PLEKHH3,66.67904002,0.540865407,1.041990427,0.566140707,0.571298133,0.810329453
FRMD6-AS2,13.08545783,-0.006048355,1.913175509,0.319158334,0.749606451,0.932366387
FPR1,104.04014,0.573928881,1.842363263,-0.202268808,0.839706583,0.986204716
AC079210.1,13.19098434,0.019191142,1.728919805,0.525252124,0.599407934,0.829604856
ATP5ME,6433.536527,6.740352452,6.163253538,4.317831609,1.5757E-05,0.000135118
AC106798.1,20.08919746,-0.108732075,1.670425856,0.54606872,0.585018701,0.81922999
COL15A1,62.96909529,-0.152442969,2.269333466,0.338798941,0.734761199,0.921148965
TDGF1,58.11125091,0.651365997,2.112276238,0.559612437,0.57574382,0.812373941
SLC22A12,441.0549769,-0.643394247,20.07514468,1.116223723,0.264326382,0.539330925
ANO1,37.57803325,-0.049434244,5.637175701,0.207241821,0.835821008,0.983701386
TNFRSF10C,38.89126665,0.196045392,1.571424159,1.371318238,0.170275773,0.415966163
AF127577.2,14.36236994,0.133048015,1.438996191,1.231438977,0.218158727,0.481706852
THNSL2,255.4186866,0.290060219,1.464888727,1.449229036,0.147273631,0.380387877
CGNL1,1743.556913,-0.080319737,3.836184818,-2.21745888,0.02659175,0.105481337
PCSK5,416.2853024,-0.113761421,48.44874111,-0.012187063,0.990276371,1
GAS6-AS1,30.83669979,-0.219002359,1.417300127,1.192881986,0.232915595,0.50210877
SV2C,21.71768061,0.092356197,1.794436003,0.872924422,0.382704274,0.661876682
AL157871.6,15.96311079,0.110181062,1.696622619,0.635152983,0.525328644,0.776905307
AL117329.1,15.02488373,-0.069585965,3.596564624,0.593768331,0.552667073,0.798499214
AC015983.2,28.00068252,0.019701365,1.501276012,0.083410252,0.933525337,1
PLIN2,1581.774712,3.816732451,4.328833154,5.626291242,1.84125E-08,2.30085E-07
CCDC154,14.70115365,0.136296356,0.767132244,1.567344014,0.117034303,0.327634915
F2RL1,149.7286429,3.272267358,2.467789473,3.076096184,0.002097302,0.011871376
LDHC,83.78934647,0.009182618,1.500809046,2.253532515,0.024225593,0.097936144
AL135910.1,27.9662046,-0.016621823,1.435748725,0.156402736,0.875715581,1
AC008250.1,46.56407294,-0.414282846,2.136586953,-0.502727871,0.615155611,0.840448404
ROBO2,455.8330235,-0.133130099,44.15023275,0.129163072,0.897228616,1
AL356356.1,21.01099717,-0.064483792,2.027871921,0.746146057,0.45557919,0.720948966
HIST1H1C,658.1331557,7.523032633,2.722405937,9.246324501,2.32345E-20,6.02536E-19
GALE,224.3020328,0.824768964,2.121107115,1.638690342,0.101277766,0.296030761
HHLA2,66.46266686,-1.550227275,0.922902879,0,1,1
GRIP2,59.36506201,-0.029696582,11.4886375,0.104499885,0.91677266,1
TNNC1,81.13775754,0.783670018,2.483087414,-0.35229046,0.724620442,0.914736116
ANGPT1,197.1452972,-0.060408743,49.32896956,-0.084230839,0.932872899,1
AC026495.1,22.41215528,-0.605772256,3.078218496,0.884945962,0.376185777,0.657558288
BACE1-AS,28.00944608,0.131072294,1.612583572,1.043881439,0.296540247,0.577224326
ZNF141,239.1981465,0.974156613,0.678752695,-0.033225105,0.973495078,1
PLS3,845.2436765,0.091402843,0.7329918,0.804173153,0.421296981,0.694743928
AP1M2,990.2346124,2.84446984,2.219131275,4.118417049,3.81484E-05,0.000305916
KBTBD6,54.90193695,0.143787559,19.65627721,0.126738371,0.899147475,1
FABP1,5454.296927,6.555835502,110.6743014,1.580578848,0.113974365,0.321525791
AP4B1,57.26999685,0.024573345,11.02272102,0.179672339,0.857409811,0.993923629
SRARP,68.68734537,0.42374693,7.394888238,0.295259888,0.767795356,0.942836278
SERINC5,602.5483163,-0.120134794,0.641909652,0.428321797,0.668416852,0.877091779
GNG12-AS1,222.7708003,-0.073517234,47.2482876,-0.046725701,0.962731846,1
MYO1D,879.9737183,-1.1411739,6.719703854,-1.6547939,0.097966312,0.288927242
AL157938.3,71.95608235,1.079265399,3.770535277,4.077614233,4.55002E-05,0.000359492
ELF3-AS1,30.57935101,0.182776792,1.723552899,0.740444768,0.459030163,0.723927413
VWA7,13.73979029,0.096403895,1.575678251,1.039437022,0.298601533,0.579482799
ZNF804A,93.10396064,-0.336124633,1.983427285,-0.538564373,0.590187476,0.822765691
AC103760.1,15.51321895,0.213631664,1.850897859,1.300613623,0.193390742,0.449831978
AC132153.1,26.55057704,-0.146486942,4.538570678,0.179951292,0.857190807,0.993923629
ADAM22,198.1095071,0.336074718,0.405635976,68.27676498,0,0
AC096741.1,20.22793286,0.040659266,1.568185282,13.18031051,1.13921E-39,6.46468E-38
ADD3-AS1,26.65595518,-0.103595397,1.349434804,0.265601202,0.79054636,0.956752767
RASSF5,165.1751832,0.622332223,0.675794386,15.37208913,2.51913E-53,1.91355E-51
ZNF497,28.44699834,0.638091514,0.805479235,0.719624037,0.471756508,0.734748956
NUDT4,1046.74611,1.249175559,1.011073097,12.55079709,3.93529E-36,1.97728E-34
GUCY1A1,279.9362686,-0.225090651,0.897986228,-0.071235319,0.943210472,1
ANKS4B,122.1209708,-0.331910048,4.22925941,1.200920604,0.229782001,0.498248362
ROPN1L,17.36572379,0.110150181,1.79569228,1.239667075,0.21509856,0.477423819
TBXAS1,384.3646352,-0.55158976,1.816946485,3.621348752,0.000293071,0.001991026
CDKN2C,118.0017593,4.469867584,1.977543683,8.940910069,3.85978E-19,9.59674E-18
GM2A,83.78966224,1.902362815,2.651862761,2.862986369,0.004196686,0.021684752
B3GNT9,20.51317619,0.515143325,2.120205321,1.568360362,0.116797056,0.32725565
LINC01871,178.5381716,6.148874273,5.227475833,2.548628072,0.010814757,0.049586483
DDO,53.87341554,-0.103908221,2.26711868,1.412255337,0.157874792,0.397330575
BHMT2,2194.144896,0.394964075,1.662820821,1.161708761,0.245353786,0.51612036
OGFOD2,99.07885134,0.383188827,1.464118596,2.064325319,0.038986882,0.143224086
LINC00870,16.40656305,-0.102015732,2.249974804,1.216544494,0.223777572,0.489743233
C3orf18,34.28758067,0.220825805,1.285709288,1.992280323,0.046340309,0.164596821
ANKRD44,696.7935043,-0.11122103,0.544590638,-3.404095986,0.000663834,0.004221496
ADAMTSL1,303.0759779,-1.81335017,25.74727735,-1.657562032,0.097405899,0.287890534
AP000446.1,82.65541656,-0.150620028,17.95868578,-0.04970004,0.960361425,1
PBX4,209.0146015,-0.110933891,1.604250867,0.72784789,0.466706705,0.731147618
STK10,355.1109904,-0.070382202,5.919858466,2.140149064,0.032342722,0.12327548
PRPH2,16.39770763,-0.033815594,1.510267458,1.038602777,0.298989514,0.579539545
AC073195.1,16.75518811,0.399007854,1.673777097,1.527207435,0.126709438,0.345374271
CLDN19,104.0822178,3.781809952,2.124041035,3.35280436,0.000799972,0.005024305
NLRP2,29.48489043,0.429955375,1.465059375,2.046064164,0.040750058,0.148122009
TM4SF1,1037.158258,3.756787634,2.593729713,3.375497243,0.000736824,0.004661078
AL031123.5,107.3600149,1.759063902,1.998214289,3.928714382,8.54012E-05,0.000637667
KCNJ10,134.3232342,0.358268988,1.674035257,1.403929583,0.160339819,0.401419582
SIRPG,23.98764061,0.54252071,2.566943236,1.24923935,0.211577544,0.473021683
GBP2,279.7059308,1.575069195,3.348893909,2.752159518,0.005920367,0.029409776
AC103876.1,45.80829175,-0.306752728,1.692154213,0.196253559,0.844411709,0.988702176
GALK1,428.4346052,4.314131865,2.71227413,6.469240843,9.84965E-11,1.48006E-09
C2CD6,34.3933617,-0.151146385,7.352112894,-0.178533498,0.858304016,0.994482206
AC025165.2,36.45960853,0.01285357,1.632068999,1.463627964,0.143295628,0.373815833
ATP6AP2,1675.478117,4.012177446,0.747872385,18.27191732,1.38498E-74,1.62938E-72
SGCD,242.7939028,-1.172451399,20.27226943,-0.727340197,0.46701758,0.731147618
TWIST2,15.56540982,-0.171899815,4.582437048,-0.382401857,0.702163313,0.898854761
AC079804.3,29.23446196,-0.069929077,2.185696296,0.476332563,0.63383747,0.851857074
AC107068.2,30.37759791,-0.015625829,1.773720863,0.12335986,0.901822141,1
GBE1,840.4995533,-0.529614859,0.91989556,-0.323502564,0.746314666,0.930073322
STRADB,570.7917993,1.272992936,4.210541135,0.534924507,0.592702061,0.82459939
CELA3B,13.78623899,-0.002541762,4.207873594,-0.162684267,0.870767035,1
CXCR3,34.33443378,1.185905897,19.6453126,0.363773695,0.716027007,0.909252149
SLC16A10,442.4725699,-0.684937026,1.449469986,-0.152045869,0.879150758,1
CDH18,58.9016482,-0.808381108,1.930583904,1.357563989,0.174602076,0.423106312
AVPR1A,77.05272708,0.077167024,3.106850555,0.874049926,0.382091066,0.661339351
CHODL,113.4928489,-0.073473406,44.9342998,-0.10778964,0.914162561,1
RBPMS-AS1,47.00738677,0.148148506,1.550831343,1.14981074,0.250221831,0.522487014
MEF2C,787.516518,0.498142209,1.171920711,1.560018471,0.118755516,0.330725885
AC092040.1,12.95873891,0.244513291,1.423801281,0.120794962,0.903853441,1
UCP2,369.6396152,6.149787726,2.838756028,5.046719336,4.49461E-07,4.73357E-06
CBR1,1089.644835,6.181032536,3.640738481,4.966830402,6.80561E-07,7.0068E-06
CEACAM1,267.5376615,0.608637352,1.852701394,0.064621969,0.948474993,1
AC118553.1,20.89575225,0.480207379,1.83916784,1.53594617,0.124551583,0.341834744
AC104574.2,16.74390624,-0.253117562,4.716500383,0.479619135,0.631498238,0.850819729
GINS3,28.28577952,0.034048808,1.795142264,1.004706739,0.315038082,0.595916153
ZSWIM3,43.41152985,-0.160411155,1.789646982,0.332474435,0.739531041,0.924605489
S1PR5,38.50902754,0.767194556,5.687794154,0.051647758,0.958809365,1
ENPP3,98.10148853,-0.485667948,2.252176266,-0.022380732,0.98214425,1
S100A12,86.76512847,0.144350858,109.7627597,0.306495314,0.759227547,0.93832699
NEURL1,58.19807905,0.200385437,0.225225865,0,1,1
TOE1,54.62768264,0.102154325,24.73917348,0.083657658,0.933328623,1
FRY,810.7777132,0.862173244,1.256777332,-2.483267336,0.013018335,0.0582234
LGR5,13.83853068,0.111180081,2.102209834,-0.100916977,0.919616366,1
CCR7,82.33866548,0.407177101,7.503490732,1.020386448,0.307545218,0.587851936
CLU,3350.408326,7.204235656,1.4097322,18.63276922,1.7427E-77,2.40169E-75
UAP1,465.5815813,0.729573499,1.723821629,3.323021851,0.000890479,0.005538655
UNC5CL,89.45100535,-0.076694922,1.428093756,-0.016717248,0.986662187,1
DISC1,275.0127557,-1.054415927,10.99486604,-0.442961219,0.657793785,0.869636378
WNK2,29.76315266,-0.134909885,1.17534108,0.559090673,0.57609984,0.812638567
C2CD2,155.3739624,0.409155254,0.895003582,-0.719099295,0.472079742,0.735015053
AC078864.1,47.78682684,0.361074139,1.260514115,0.009202527,0.992657549,1
PKLR,144.3188752,-0.102726839,10.74437912,0.826707572,0.408402828,0.685074263
BSN,17.38695058,-2.278717033,1.261844463,0,1,1
TINCR,36.42407546,-1.869593842,4.320537156,2.361960961,0.018178556,0.077017362
PPP1R14B-AS1,33.53209959,0.63639783,2.257152659,2.049975689,0.040366803,0.14700587
AL359878.1,24.5874224,-0.104963016,1.30398222,-0.474783031,0.634941629,0.852628327
FN3K,341.1525672,0.258687769,1.126842058,21.6197151,1.172E-103,2.3554E-101
AC091887.1,17.15112883,-0.016997349,1.8807822,0.909285279,0.363199559,0.646359222
LINC00534,59.39324931,-0.269602454,1.887279378,-0.539684269,0.58941479,0.822282644
ADAMTS15,52.95875983,0.380310427,1.724161587,0.314779999,0.752928699,0.934212625
APOBEC3D,19.36647578,0.151629655,1.210130193,2.177734456,0.029425812,0.114187775
LINC01768,12.98383882,-0.106160202,1.821921847,0.983144756,0.325536199,0.606967088
TOR4A,39.50399341,4.508579846,1.687476,9.474552254,2.67907E-21,7.19917E-20
AC008105.3,64.58014028,0.009628071,1.17998503,1.970085054,0.048828624,0.171228546
NEDD4,255.3376088,-1.003127439,0.64247613,-0.130506427,0.89616577,1
CCND2-AS1,13.21217152,0.106246002,1.462644776,1.096528999,0.27284734,0.549625869
SIDT1-AS1,22.90040202,0.193921467,1.939495997,-0.09540585,0.92399247,1
LINC00159,18.01333422,-0.105422038,1.688756697,0.4353692,0.663294463,0.873723198
LRRC24,27.2108211,0.352298096,0.837012481,3.503329358,0.000459481,0.002992986
AC116913.1,21.08707695,0.364724052,1.647794981,0.969687441,0.332202312,0.61339668
EPHX1,639.1539665,2.250477658,1.637768783,5.554293,2.78738E-08,3.39947E-07
LINC02384,124.8309929,-0.09817706,1.753041665,1.345272122,0.178537373,0.428423518
PPARG,917.1303523,0.760469937,1.11331239,-1.798372013,0.072118075,0.231290913
NR5A2,45.85445927,0.319866309,1.698967386,0.75800227,0.448449624,0.716138639
RNASEH1-AS1,85.94830141,0.46818701,1.540876995,2.875025571,0.004039948,0.020975983
ARHGDIB,1221.90273,5.408166558,3.151431699,9.259378633,2.05625E-20,5.34681E-19
NFE2L3,387.50672,2.162965886,2.205101804,2.776391231,0.005496602,0.027502968
ZNF285,14.28196771,-0.032285119,1.931230771,1.052419318,0.292607209,0.572920996
UBE2Q2L,22.95685534,-0.083747396,1.886111476,0.193670261,0.846434079,0.989702716
PRSS16,17.51424837,0.429087247,1.84902017,1.660339713,0.096846131,0.286675245
RAB11FIP1,623.6202351,0.859977268,1.419235483,2.544728425,0.010936276,0.05007226
RBPMS2,100.7479898,0.1123405,1.995023247,1.051274778,0.293132408,0.57313505
CALB1,2282.305703,0.945629547,66.35032012,1.424255269,0.154372591,0.392109632
PPM1L,670.4714504,-0.065566181,67.04934932,-0.024142863,0.980738653,1
PLAC8L1,13.3856838,0.013217035,1.759177799,0.966213873,0.333937173,0.615295322
AC022364.1,28.35263949,0.103164208,1.458465739,0.689992275,0.490199045,0.748725489
EAF2,585.9478471,0.049080735,77.67116361,-0.008782025,0.992993048,1
CD3D,366.2196386,8.202188206,3.652524538,3.437984173,0.000586062,0.003764141
AKR1A1,2712.598104,2.817234537,2.813157551,6.222922459,4.87979E-10,6.9638E-09
PDE7A,663.5282993,-0.649122005,2.223762542,-0.205948407,0.836831213,0.984181214
ADGRG2,28.24328909,-0.83096316,2.254187866,0.720606298,0.471151778,0.734281293
AC093583.1,71.89044756,0.266179759,1.744536159,0.501104626,0.616297491,0.840936619
SLC6A1-AS1,15.01787867,0.118745341,4.005207733,0.440756886,0.659389009,0.87126774
HSPB8,211.833124,0.216476322,1.41486714,2.933263917,0.003354186,0.017818192
LOX,20.25167932,-0.091701267,4.298766321,0.038333922,0.969421445,1
CYP2E1,22.20985139,-0.178522738,2.419739726,0.853158226,0.393571566,0.671759535
HLA-C,5094.883799,7.579690873,168.4476716,11.68031487,1.60699E-31,6.56892E-30
AC098483.1,36.66541138,-0.061198942,14.2359701,0.636991902,0.524130119,0.775599066
COLEC11,177.2035487,0.013816552,4.593809916,1.296803602,0.194698771,0.451830417
PRSS23,594.0142871,0.44211247,1.596207248,3.035018291,0.002405211,0.013315616
AC005498.2,15.70870377,0.480690838,1.838296313,1.829431473,0.067334996,0.219230749
AC093866.1,26.89108029,-0.104751474,1.551783273,1.181202691,0.237522213,0.50710148
DAGLA,23.40689346,-0.075392689,0.861941899,3.946283424,7.93737E-05,0.00059775
STMN1,770.2459051,5.526454503,1.840431233,11.208587,3.70054E-29,1.38907E-27
SEZ6L2,78.30510831,1.301799354,6.723352034,1.478960816,0.139150788,0.366973113
LRRC42,125.6015664,1.027420887,2.644274504,3.111320956,0.001862524,0.010688737
AC064836.4,30.82562206,0.338511144,1.837928705,1.705624032,0.088078102,0.268379485
LINC02121,95.10179952,0.552249449,2.550302404,0.891755479,0.37252401,0.65423211
CCN3,78.24903685,0.762471154,2.277997008,1.777985481,0.07540624,0.238897863
INSR,1643.028326,-0.852160499,0.810144338,-4.388330429,1.14224E-05,0.000100816
FRS3,27.09140679,0.155838926,1.570109845,8.727780684,2.59719E-18,6.11099E-17
SIK3,2643.269936,-0.386351082,1.072971349,-0.859846065,0.389873903,0.668107963
ADCY7,67.78748988,0.045879916,90.24826674,0.024674782,0.98031437,1
EPHA5,19.40022561,0.151982455,1.398281501,0.33883182,0.734736429,0.921148965
RSPH14,63.35736945,0.105040401,0.918534631,1.463096644,0.143440936,0.373993165
BAIAP2L2,109.2178323,-0.990055668,3.759062048,-0.36968796,0.711615003,0.906264018
KATNAL1,154.4091069,-0.314642911,1.126326797,-0.771133365,0.440627886,0.710231782
CAPN12,136.1963383,-0.404635956,0.207659291,0,1,1
PLPP1,2306.515553,0.117785928,0.374128456,1.940753442,0.052288191,0.181121787
RASGRP2,128.8050898,-0.001086113,0.89570618,4.48464766,7.30345E-06,6.63431E-05
AL512791.1,18.25654302,0.554581467,2.644075468,1.439320542,0.150059725,0.384904592
MAFB,394.4361312,3.17581742,4.601179505,3.66514596,0.000247198,0.001699725
STRA6,59.11428676,-0.170144406,3.305398407,0.506624357,0.612418415,0.838166121
AC109587.1,35.46071473,0.269098792,1.19262245,1.630533351,0.102988822,0.299617964
CTNNA2,53.93485425,-0.227357473,3.081767941,0.518528968,0.604089254,0.83250996
AC063944.1,26.55151198,-0.213549799,1.725462862,-0.165513303,0.86853998,0.999006975
HAVCR1,66.09823863,-0.254578425,4.557000073,-0.102662492,0.918230843,1
RIPK3,19.14539665,0.353455929,1.625512847,1.818066446,0.069053978,0.223614437
MATN2,149.0238711,0.773987447,1.533276128,0.956577675,0.338780462,0.620743611
ATP8B1,547.9991139,-0.73184395,0.8933759,-0.367376962,0.713337853,0.907837661
SAMMSON,17.14146876,-0.175659282,3.12137022,0.663417846,0.507062979,0.763006795
LINC01684,27.66500716,0.107663893,1.93031574,1.268184911,0.204731924,0.464895366
AKR1B1,735.2992722,6.689198957,7.476726628,5.533392417,3.14096E-08,3.81622E-07
AC244502.1,60.64843887,0.001204173,3.112724512,0.180973657,0.856388253,0.993575163
RASA4B,24.36051887,-0.192015197,1.853872526,0.870047764,0.384274302,0.66316533
LINC00880,14.88351957,0.474509197,2.020512359,1.20682593,0.227499188,0.494915991
SOX15,20.45501826,0.683098723,2.894789452,1.039299261,0.298665579,0.579490514
AC109597.1,16.26142905,0.079859033,1.119483979,1.511765683,0.130593482,0.351320503
ATP6V0A4,936.9983954,-0.426261938,1.160717713,12.09235304,1.15918E-33,5.17715E-32
TMEM176B,2230.408525,3.532945532,8.445464689,4.81719338,1.45592E-06,1.46E-05
AP001636.3,35.12225985,-0.489824883,1.374089494,0.993703593,0.320367193,0.601163648
CD300A,90.17880869,0.795458023,2.536293019,2.617877164,0.008847865,0.041636757
TCF7L1,387.5317045,0.00350849,1.51320205,-0.627222312,0.53051352,0.781711307
H19,229.0236651,0.417938535,1.91779823,1.956559891,0.050399234,0.175044423
RLN2,16.82388091,6.432627201,3.429557692,3.085660732,0.002031004,0.011532135
NANP,50.48250306,0.129389815,1.924811212,1.133943161,0.256818391,0.529952303
GPR171,81.10654102,0.944627345,4.999053911,7.611157552,2.71652E-14,5.11202E-13
NR6A1,587.5209967,-1.921002188,2.061276466,-1.987130986,0.046907883,0.166062514
MYO15B,330.1465765,-0.868269413,0.467061096,-0.190106814,0.849225431,0.989702716
ZNF184,57.36799024,0.055728375,15.63597424,0.03712699,0.970383752,1
Z69733.1,25.51017517,-0.092385283,1.710410789,0.223104598,0.8234541,0.977159219
CASS4,63.32694845,0.190077035,9.092415544,0.219432074,0.826313488,0.978490033
MT1G,36359.57492,7.678430955,20.31515005,8.855515605,8.32979E-19,2.03437E-17
UFL1-AS1,90.37717225,0.226116828,1.364364754,-2.608017901,0.009106819,0.042709521
PPP2R3A,1376.070613,-0.916816376,3.626640269,-0.904732478,0.365607131,0.647752431
RELL2,25.33205069,0.243803369,1.383105979,2.016202287,0.043778827,0.157411237
IQSEC1,383.7008039,-0.381782615,1.716313155,0.124140018,0.901204414,1
AC055733.2,36.44870686,0.329141423,0.868360713,2.55699603,0.010558042,0.048524742
CTSK,34.44076213,0.172611387,1.526846283,0.381154209,0.703088825,0.899442765
KLK1,1188.884692,4.585814429,17.39557156,1.794256798,0.07277219,0.232892712
SLA2,84.09421485,-0.093756381,1.106344143,3.8914705,9.96385E-05,0.00073375
AL133227.1,18.66168575,-0.165431962,1.808668563,0.676128758,0.498958899,0.755359877
CDH13,409.3151079,0.538120717,0.615288513,1.858210293,0.063139157,0.20895487
AC024560.5,23.58586232,0.248566202,2.010121413,1.463486983,0.143334173,0.373815833
AC019068.1,17.98881148,0.110824746,1.6431272,1.020447481,0.307516285,0.587851936
CST6,33.42820661,1.081831694,6.898239012,2.144588029,0.0319858,0.12215638
DAO,342.396015,-0.823018787,8.172021587,1.731050818,0.083442701,0.258086482
CDH23,78.82495332,-0.442182888,2.318981887,1.25470462,0.209586008,0.4710802
MX2,149.7183225,0.305134399,1.425335337,2.317917792,0.020453789,0.085381958
PCTP,189.0337251,0.018968032,46.4531088,-0.022427228,0.982107161,1
AC009065.4,21.85823889,0.182359287,1.786524274,0.8543353,0.392919234,0.671239923
AL355999.1,13.03908847,0.016120325,43.56791824,-0.054576394,0.956475946,1
ADI1,3751.642228,5.198126819,3.246907358,9.869817754,5.62667E-23,1.64986E-21
FRMD4A,830.7898759,-1.237491963,1.221643903,-12.36654165,3.9653E-35,1.89372E-33
GPR68,20.77390696,0.177077493,1.525945441,1.354219695,0.175666297,0.424512217
LINC02391,36.48530843,0.016762333,1.691940746,0.350261289,0.726142614,0.915487548
JMY,354.8516726,0.619821797,1.70904067,1.050794741,0.293352872,0.573400392
ADAMTS9,758.9595706,-0.298503925,0.885803673,10.86364146,1.71761E-27,5.91776E-26
AL121933.2,36.20322918,0.121450734,1.722591441,1.790825503,0.073321301,0.234215429
SFXN3,91.99197533,-0.01563751,1.268249683,1.595215699,0.110664009,0.31529111
TMEM150B,19.04687889,-0.201947581,2.903173781,0.383177402,0.701588232,0.898476261
MIR4453HG,19.1199561,0.21786874,0.9797102,2.775264089,0.00551569,0.027584168
U91319.1,140.5658202,0.064390623,1.718718757,-1.15824526,0.246763963,0.517892967
FASTKD3,87.93526641,1.567716037,1.726845883,5.691067646,1.26247E-08,1.61741E-07
NME9,33.19396779,0.108858837,1.540768778,0.428794535,0.668072756,0.876941503
LINC02802,90.16793628,0.221851984,2.027842587,1.030247425,0.302893872,0.583122712
ALDH5A1,170.7338175,0.265488441,1.04747786,2.074130237,0.038067217,0.14054131
ASAP1,994.9127987,-0.380116126,0.565434034,-2.738761113,0.006167117,0.030416244
NIPAL1,170.582496,1.373015941,3.085014036,0.365137723,0.715008603,0.908756491
DGAT2,19.45797622,0.220737084,1.738898046,1.166699747,0.243331645,0.514201993
PKP4-AS1,32.17164997,0.113271846,1.718591584,0.486837611,0.626373415,0.847853806
AC061992.2,38.19968662,0.697473503,2.549348872,1.644647199,0.100042587,0.29334676
AC021504.1,18.47333413,-0.083487013,1.940426002,0.893517107,0.371580315,0.653057988
HLF,180.7481086,-0.902010588,2.418245705,-0.640531091,0.521827383,0.773638968
CCDC183,29.40948607,0.402015942,1.00602867,3.074492386,0.002108611,0.011923664
TMEM156,80.87516533,-0.266565951,6.42252254,5.120136175,3.05315E-07,3.28358E-06
RAB7B,17.20158239,0.067192324,1.909212206,0.863567917,0.387825295,0.666194911
AC011498.6,134.3804529,3.198059054,2.646383471,-0.30118985,0.763269729,0.93997827
SYN3,261.3594815,0.301030608,1.172405212,1.097220198,0.272545146,0.549361266
ASCL2,39.42903721,1.356875526,4.236326863,3.642337044,0.000270174,0.001848488
CA8,409.1660452,-0.485439679,1.564552242,0.311191389,0.755655129,0.935549926
AC018521.2,39.69140852,0.299436575,1.710570259,1.431287296,0.152347893,0.387783675
LCP2,232.128343,1.475289651,13.18711555,3.053446123,0.002262293,0.012651794
AL359317.2,25.67794268,0.174215813,1.159212732,0.633472112,0.526425387,0.777706846
AC116025.1,12.88330465,0.136813184,64.54489895,0,1,1
LINC01949,13.01177653,0.057983286,1.950185643,0.989303346,0.322514747,0.603081948
NECTIN3-AS1,26.58459684,0.220377731,1.481886474,0.269023624,0.787911503,0.955017247
WDR5B,35.5399444,0.305625392,1.175924778,2.688736393,0.007172303,0.034769452
ZYG11A,44.60881562,-1.405129509,2.749838374,-0.743475996,0.457193549,0.722289803
SLCO5A1,19.40888267,-0.176508341,2.252096436,0.479689088,0.631448488,0.850819729
FILIP1L,372.1746293,0.525168458,0.955517229,2.451617904,0.014221559,0.062789646
AC012645.1,20.98286117,0.344753322,1.784835529,1.398572836,0.161941117,0.404701834
PTPRQ,478.076308,-4.871505906,8.152831736,-3.153629546,0.001612536,0.009422252
IFNG,168.0100727,10.45556099,9.923082685,0.238775436,0.811279719,0.970024932
KCNJ12,28.27356009,0.136799638,1.506570546,1.439684672,0.149956632,0.384771053
PYGL,98.82904559,-1.37726225,6.429733595,3.279189815,0.001041056,0.006380601
PEAR1,36.43515017,0.193091282,1.757524176,0.84190645,0.39984032,0.676782343
AC108519.1,319.7769899,-0.101617812,60.26892347,-0.08511251,0.932171945,1
SSR4,2271.05918,7.418835298,1.676939161,14.00715292,1.40943E-44,8.94524E-43
CALHM2,46.99352942,0.650651626,2.031875044,3.070519167,0.00213687,0.012055194
MEIKIN,38.17523317,-0.260378494,1.025912837,1.251947783,0.210588892,0.472241775
CHRNA7,37.87719345,-1.331955919,5.457350164,0.643258443,0.520056417,0.771606314
AC024901.1,81.89292193,-0.282214963,3.181695909,2.02820278,0.042539556,0.153584993
PEAK3,17.27432824,0.101547897,3.06217158,0.876071073,0.380991397,0.660858517
NTF3,26.28905551,0.006108407,1.753790441,1.310395542,0.190062061,0.445247378
WNT7B,26.80593445,0.50646875,1.714965726,0.996338386,0.319085759,0.600042947
MACROD2,1444.88085,-1.786391261,1.180421926,-2.16104372,0.030691962,0.118430588
PRX,97.73268296,-0.298333996,2.268237195,2.367805986,0.017893917,0.076045204
LINC00494,13.22862078,-0.376998947,2.002488599,0.14684497,0.883254388,1
AC114291.1,15.22660196,-0.245686466,5.548092087,0.735235045,0.462196359,0.72620309
RAB31,436.8412413,0.453065068,1.495365961,-1.010363604,0.312321119,0.592493285
SAMD3,183.0591942,0.067144424,25.50609034,0.098975848,0.921157447,1
PSMD10,144.5525556,4.519072739,2.779806846,5.535469698,3.10395E-08,3.78079E-07
LINC02763,15.52303645,-0.093691756,2.062480588,0.50365056,0.614506956,0.839919044
AC022034.1,19.31028072,0.035368731,3.03058319,0.490091928,0.62406885,0.847107387
EPHB6,54.98728692,0.772934554,2.331078488,1.272860899,0.203067407,0.46268098
FRMPD1,19.98623409,-0.184295889,1.260978242,0.566623003,0.570970343,0.810329453
RASSF3,304.3008793,0.072831181,0.679115739,2.845046052,0.0044405,0.022755343
TEPP,46.44287193,0.495014342,2.50419622,1.179259904,0.238294699,0.508228846
NEURL3,38.93366579,2.356423972,1.748787096,3.986392461,6.70855E-05,0.00051363
LINC02777,20.568803,0.28853458,1.377895446,1.015336172,0.309945607,0.589752519
BACE2,886.8779931,-0.444013235,0.978397333,-1.053595612,0.292068099,0.572446354
KRT222,17.38414962,0.335363269,1.8835591,1.226037782,0.220184457,0.484745783
AC103691.1,47.13091354,0.326732166,1.584530137,0.560164247,0.575367412,0.81227868
CISH,257.5291613,0.200296725,1.578958494,2.587493114,0.009667713,0.044881822
AL355499.1,90.16291548,0.618107518,1.668511564,-4.528975569,5.92704E-06,5.48208E-05
AP001269.4,20.92861812,0.539550782,2.018191334,2.047173835,0.04064102,0.147837072
EPHA6,78.350227,0.381497632,1.522990707,0.119294131,0.905042333,1
VAV3,1381.792275,-0.575247811,1.363531098,0.637365344,0.523886897,0.775381543
KNG1,3021.835348,1.489664898,2.667813662,3.548590298,0.000387299,0.002552209
ARID3B,102.3368241,-0.540557553,2.01824918,-0.242918945,0.808068189,0.968376872
AC093227.1,20.47998088,0.024656071,1.862583533,0.801376716,0.42291359,0.696116231
DLGAP1-AS2,31.48841204,0.258370922,1.474310276,0.301070688,0.763360592,0.93997827
AC009879.4,121.400679,-0.256066872,1.947183221,-1.317145855,0.187789739,0.443152547
ZNF831,97.66474117,1.067976948,4.398992511,3.321376144,0.000895747,0.005567831
TTC39C,284.1230737,-0.670127735,2.234623384,0.250713719,0.802035453,0.964021433
SKIV2L,78.28005694,0.505241746,1.334532159,1.479043071,0.139128804,0.366973113
AZGP1,1171.273378,3.62027798,19.74774558,3.043745913,0.002336524,0.012991612
ZFAND2A,452.5770836,3.27011753,3.502118303,6.596810146,4.20098E-11,6.43284E-10
LILRB3,47.17767888,0.275180763,2.639484241,1.206800934,0.227508816,0.494915991
PDE3A,342.587303,-0.08879173,62.77864558,-0.059986161,0.952166657,1
SEPTIN1,241.3694393,2.915492038,1.256571633,8.098427609,5.56741E-16,1.15752E-14
PHYHIPL,354.8444647,0.320655683,1.316035807,-0.32817824,0.742776899,0.927221629
IFRD2,216.9095578,2.362461714,2.403422979,3.754407913,0.000173752,0.0012254
AC011379.2,24.65759487,-0.107357678,1.3247526,0.064715103,0.948400837,1
AC084375.1,21.01391112,0.101577282,2.429129877,0.79396226,0.427217402,0.699841447
MAP3K19,25.00297551,-0.466157286,1.174629737,2.50531601,0.012234203,0.055176885
MYH11,341.6526592,0.019768263,2.322855264,1.721233,0.085208552,0.262203158
EPB41L2,395.4752557,-0.993665245,1.554571639,-1.539355199,0.123717605,0.340319671
PTH2R,2865.480381,-2.545967463,2.204435484,-2.578578344,0.00992078,0.045858057
CYP4B1,79.2407632,-0.150085905,5.981462093,0.541352524,0.588264624,0.821549869
BIK,61.42262269,0.793800296,7.057867651,4.078922353,4.52449E-05,0.000358356
CCDC148-AS1,12.89682441,-0.052927767,1.91029146,0.405189805,0.685337999,0.888039714
AC024382.1,23.33258949,-0.01836699,1.770987537,0.858816832,0.39044158,0.668736406
LRRC2,86.29427349,0.153358712,1.44317606,-2.666852549,0.007656526,0.036784115
LINC00907,100.7973343,-2.214682492,3.011123029,-1.810982788,0.070143516,0.226615706
FADD,116.1930068,4.227964286,2.441662902,5.119573924,3.06227E-07,3.28972E-06
LINC02202,23.44613492,0.277887829,1.807245862,1.140479085,0.254086761,0.526455109
AC007613.1,15.0330847,0.392126088,1.599669882,1.660367274,0.09684059,0.286675245
CTXN1,43.8247046,0.757963692,2.746227309,0.337047269,0.736081267,0.922324455
ST7-AS2,32.48324893,-0.121577568,1.254886593,0.68326434,0.494439823,0.751751139
MIR31HG,261.6812907,0.259836563,1.411930893,-0.387059336,0.698712281,0.896409499
WDR72,1557.069528,-1.42968699,2.228021129,-3.117541813,0.001823661,0.01049693
SLC7A6,205.0382753,0.265491933,0.493411461,-0.589339187,0.555633763,0.798956463
SPARC,1168.250283,2.604124349,4.251345032,4.677141061,2.90902E-06,2.80633E-05
CD300C,17.82691935,0.86505206,5.789096683,0.226755268,0.820614049,0.975054037
TJP1,1067.227994,-0.572048152,1.176118117,-0.138734491,0.889659962,1
AC007325.4,76.77254671,0.445476999,1.930555273,1.953284651,0.050785875,0.176044318
CARMN,112.2809398,-0.238395538,2.346673685,-0.186115545,0.852354152,0.991612567
LDLRAD3,129.2996586,-0.795639589,2.606381716,-0.516761746,0.605322487,0.832793216
LINC02550,18.92377504,0.115536209,1.723258633,0.394229093,0.693411908,0.893451286
CHRM3-AS1,16.62297014,-0.148087377,4.756273932,0.841832421,0.399881762,0.676782343
TESMIN,63.88238675,0.424275747,0.960480844,2.596034454,0.009430661,0.043971766
AP003096.1,18.09010115,0.639337359,2.278463983,0.958852329,0.337633143,0.61970071
IRF2BP1,85.72036879,0.611417782,2.754073344,2.289682347,0.022039737,0.090823301
ADAMTS17,242.6254232,-1.203817831,12.53543912,-1.959353692,0.05007138,0.174193509
AC091153.2,18.01105072,-1.268662404,1.503813678,0,1,1
SYT17,148.8318643,-0.041556707,34.8677739,-0.072551921,0.942162687,1
CCND3,984.5573225,0.250930382,1.971019844,-2.328857746,0.019866603,0.083399965
BFSP1,23.73204341,0.100015902,1.660362329,1.124323527,0.260875801,0.534763219
MESP1,52.34658034,5.053455575,3.294640357,3.964462096,7.35616E-05,0.000558779
TMEM251,330.8754721,5.757486364,1.973529774,11.15689247,6.62676E-29,2.46828E-27
PARVB,316.7863841,-0.340559096,7.327004332,1.95627571,0.050432684,0.175071645
KBTBD12,73.05772847,-0.053086281,52.38105793,-0.084014352,0.933045021,1
REN,157.7925717,-0.03689756,2.643995943,1.970901188,0.048735179,0.171087436
AL353759.1,42.7367901,0.375486215,1.688012988,0.810344011,0.417742487,0.692195427
AGTPBP1,399.7604578,-0.204928768,0.600275639,-0.818143414,0.413275302,0.689242002
PPP3CA,1057.141192,-0.503735559,1.175158235,-0.238159831,0.811757131,0.970172332
JPH1,28.2109401,-0.451175749,1.379206003,1.066956511,0.285991475,0.565592406
POSTN,71.74580198,-0.091551707,4.777347902,-0.056418832,0.955008155,1
LINC02185,13.43454485,-0.081023251,2.117060988,1.02285963,0.306374219,0.586323075
AC139720.1,48.34773433,-0.074960142,2.130386778,0.47593737,0.634118998,0.851998046
XAB2,413.7367402,2.866539258,2.062243537,5.175485559,2.27319E-07,2.49482E-06
IFITM2,1839.770959,6.438849059,1.360223467,18.34133184,3.87194E-75,4.72818E-73
KCNK3,26.40175609,0.335509124,1.805537483,-0.068770534,0.945172273,1
PDK4,2841.670974,2.398432538,27.7450357,5.50664477,3.65737E-08,4.4325E-07
EYA4,283.487696,0.366311148,1.36839612,-0.523385992,0.60070567,0.830230315
IFI44L,205.3692035,1.048868203,4.989171341,-2.921317021,0.00348555,0.01842471
SPAG8,14.88085189,0.285444278,0.841059109,3.34297901,0.000828842,0.005192101
AC107959.1,21.06658265,0.061425404,1.803127102,0.467265661,0.640309821,0.856379986
GPR39,183.5831195,-0.309085958,1.787023488,-1.890951118,0.05863087,0.198119296
CMKLR1,44.07211701,-1.204474269,3.776303835,0,1,1
AC090015.1,27.32819081,-0.336751728,3.25404526,0.669997562,0.502859344,0.759346793
SMKR1,18.52256798,0.636815931,1.934681962,3.182495956,0.001460116,0.008641555
RPP25,51.7999942,0.832511388,2.549270571,3.735957637,0.000187002,0.001313918
AC009226.1,44.1766702,0.398022463,1.5013203,0.532929719,0.594082232,0.825352404
C16orf95,62.22790992,0.530211641,0.932308161,3.234583448,0.001218203,0.007340416
AC007679.1,24.40156197,0.205683508,1.218411079,2.012179788,0.044200988,0.158751651
ADAMTS4,50.20893352,0.24860237,2.769332505,0.725849547,0.467931009,0.731426039
CNKSR3,987.2412605,-1.506766233,2.020051213,-3.380802472,0.000722745,0.004581024
TRDC,68.55945541,6.055901046,6.013321151,-1.349282481,0.177246251,0.427260015
CCDC36,32.12438006,-0.065116022,2.320763095,0.12850523,0.89774916,1
CD36,151.772384,0.266318799,1.566526332,10.97222679,5.19763E-28,1.83669E-26
CFAP77,17.96874355,0.079741763,1.612251454,0.729139822,0.465916137,0.730488051
HSD11B2,2248.56764,2.197981703,1.553234414,3.445189486,0.000570659,0.003672548
SGO1-AS1,547.6719076,-0.657043596,0.833799704,-2.814172174,0.004890303,0.024882253
LRRK2,507.5763825,0.102774613,1.304505425,-2.609972252,0.009054957,0.042507624
HADH,1067.047478,1.430119148,0.582574372,1.574741407,0.115316146,0.324330863
MAPT,304.6467327,-0.114416408,2.13673937,-2.000061352,0.045493639,0.162332749
AC106865.2,14.99364952,0.380462823,1.617649837,1.859559734,0.062947841,0.208607976
LGR4,1325.182801,-1.333989868,2.045685696,-1.035211899,0.300569963,0.580500187
AL731577.2,139.288793,-1.731762617,2.323789641,-2.539070158,0.011114753,0.050817073
IRX5,34.69254367,0.472515518,1.719608439,2.093334587,0.036319297,0.135070262
FZD5,78.4319536,0.117882948,20.70072359,0.031310816,0.975021665,1
LINC01505,175.5851383,-1.232394848,7.148593869,-1.136082409,0.255922076,0.529121361
TF,26.14261372,-0.21480408,1.857923183,0.847992415,0.396442195,0.673333294
AC009303.2,24.96452548,-0.012589965,1.747523606,1.279338855,0.200777756,0.459912245
AQP7,174.0205227,0.545021048,1.458278674,1.49544452,0.134798469,0.359127542
AC093523.1,41.2652717,-0.187784623,6.928817425,0.034332337,0.972612139,1
WFDC2,5042.911559,4.302992714,1.017465813,8.437658642,3.23758E-17,7.24661E-16
TMEM266,54.65839523,-0.279313192,1.449439041,-1.413249578,0.157582354,0.396918268
AL353138.1,32.79994625,-0.030434343,1.519919604,13.31215918,1.96713E-40,1.13634E-38
TSC22D1-AS1,13.72765807,0.034450515,1.53347441,0.564707174,0.572272954,0.810916155
TNS2,228.5178532,-0.123307505,1.148500572,0.879776196,0.378980562,0.659694241
NDST3,41.64471131,0.277021973,1.360835844,0.089444864,0.92872837,1
VIT,14.78663132,-0.011985448,2.350102921,0.71651841,0.473671304,0.736228125
AC012501.2,20.05486361,-0.115566009,1.672443968,0.430322507,0.666961057,0.87647096
AC010442.1,19.97928401,0.404264212,1.468226773,2.213052762,0.026894008,0.106374128
SIM2,251.206462,0.153592182,1.174716021,-0.54654837,0.584689048,0.81922999
LEPR,221.087911,-0.065772909,1.080318352,-0.95696791,0.338583452,0.620500487
AL355916.1,26.25839485,0.300400326,1.869683648,0.284872389,0.775741911,0.947081983
TNFRSF25,48.43205506,0.119080628,1.334555428,0.492967843,0.622035309,0.845438249
ETFBKMT,85.99005498,0.585145262,1.342347684,1.888322071,0.058982726,0.198883732
FAM122C,96.95107083,0.073312883,0.806503243,0.056097005,0.95526453,1
TMIGD2,28.92309783,0.319587773,1.274317499,1.266639332,0.205284282,0.465751992
AL357507.1,29.05262988,0.014469663,1.045514831,0.696223436,0.486288913,0.745941985
PROX1,113.9008371,0.665045643,1.782980595,0.773097823,0.439464489,0.710017405
MYO3B,509.0451952,-1.321384799,0.517543072,2.919666135,0.003504066,0.01850231
RNLS,342.5489171,-0.661560894,1.594810918,-0.379372316,0.704411405,0.900895775
RNASEK,5036.510533,5.605723149,1.186447074,11.03595741,2.56307E-28,9.1918E-27
AL157388.1,47.84113276,-0.025708425,8.1369297,0.184816779,0.853372747,0.991765464
ADM2,75.97824377,-0.135566961,1.812664117,1.037506809,0.299499724,0.579593548
CD79A,57.9602452,1.181640816,18.69676688,3.861493475,0.000112696,0.000819893
AC007100.1,43.14964733,-0.319495628,2.201925162,0.39192171,0.695116062,0.894462405
ATP2B1-AS1,130.1963314,0.718937825,2.004558677,4.120187356,3.78564E-05,0.000303828
IL7,98.24752244,-0.100454892,17.81766561,-0.072879454,0.941902044,1
AL022069.3,21.44719566,0.526497246,1.618436695,2.113377283,0.034568489,0.130012558
RAMP2,759.7742719,5.992540689,3.750119602,3.829838178,0.000128228,0.000922414
NAGA,108.8415699,3.228219548,2.67021194,4.156835705,3.22686E-05,0.000262033
AC097512.1,17.65806479,-0.329145876,2.407222661,0.814144645,0.415562092,0.691293724
AC011444.1,25.93127375,0.053898969,1.717186823,1.175837654,0.239659756,0.509379497
SHROOM1,72.70434919,0.373638559,1.62918211,0.647371835,0.51739132,0.770245432
FNIP2,1163.158675,-0.601245545,1.192529514,-1.671724425,0.094578675,0.282580349
CRHBP,606.5592149,2.32455517,6.070910972,3.422509816,0.000620459,0.003966576
IDO1,36.1654172,0.242252695,2.583513062,0.904202983,0.365887779,0.648103756
KNL1,72.71551684,0.06828358,1.367782345,1.61387467,0.106554614,0.307487993
LMNB1,64.02375644,0.076134065,19.02310469,-0.027749013,0.977862332,1
ADGRF3,38.82570304,0.004773902,15.71385749,-0.062794558,0.9499301,1
AXIN1,112.6499359,-0.555697512,1.474986866,-0.48821294,0.62539902,0.847580201
AC008946.1,19.74105863,0.008852005,1.752028902,0.747928352,0.454503375,0.719966184
SLAMF7,51.15440321,0.502130167,2.03546184,2.455600726,0.014064933,0.062212017
AC092574.2,39.4322546,0.463053377,1.671310687,0.497673436,0.618714234,0.843041839
MYLIP,516.150928,0.163539733,40.73041683,0.079586504,0.936566129,1
PDGFRL,19.95535241,0.267258736,1.809612204,0.870615083,0.383964358,0.662986247
LRRC4B,14.67384112,0.116006853,2.241545074,0.521104617,0.602293894,0.831353225
SLC38A5,16.6895163,0.552895479,2.251392309,1.468099194,0.142077281,0.371945597
NDUFA1,5040.482488,7.574026801,3.396829834,9.297278236,1.44087E-20,3.78748E-19
AC020584.1,31.38356959,-0.094907671,2.356939784,1.003024447,0.315849066,0.596631278
ST6GALNAC4,90.49718938,0.544070768,1.398421334,4.448587602,8.64368E-06,7.73521E-05
FBXW9,70.18061723,0.600926372,1.512632729,3.373861897,0.000741215,0.004682715
HSH2D,94.18408844,0.289356509,1.415799477,3.243849844,0.001179259,0.007114641
EPN3,54.07638476,0.443032482,1.481964157,-1.999033804,0.045604696,0.16254895
INHBB,14.37744003,0.316028326,2.00170054,0.667847813,0.504230743,0.760812114
AL035587.2,38.54816586,0.584831542,2.160669,2.787746687,0.005307603,0.026681836
DOCK11,293.1890086,0.548956479,1.219156668,-0.330731562,0.740847259,0.925411564
ANKRD20A4,17.92003313,-0.015835,1.905402664,0.64342994,0.519945161,0.771606314
BCAS3,1603.87444,-1.254815325,0.62035323,-3.635152267,0.000277816,0.001896742
LDOC1,163.7615748,2.639057225,1.888861283,1.971508589,0.048665732,0.170905829
HIST2H2BF,39.26409913,0.369733873,1.711051731,1.678590977,0.093231786,0.280014646
LGALSL,96.00614908,0.683441342,1.939548807,2.599061251,0.009347909,0.043670353
DPT,25.05148422,-0.011065782,1.976180788,0.302149057,0.762538437,0.93997827
RGL4,28.25879966,-0.008350511,1.872042622,1.211817235,0.225582349,0.492446873
NPDC1,362.9672956,1.841305284,1.380332429,5.217029553,1.81815E-07,2.03241E-06
RAPGEF3,342.0341564,0.888150641,1.969995439,0.6018463,0.547276452,0.794279515
AL031058.1,33.60869184,0.591297084,2.429072959,9.717132417,2.54858E-22,7.14713E-21
PIK3R5,274.0998019,-0.191207931,1.828153066,2.64009353,0.008288315,0.039407282
AC007402.1,38.74988541,0.076809035,2.416152673,-0.047121494,0.962416397,1
CCN2,816.1754908,0.524870403,3.328083033,1.2867001,0.198198838,0.455786458
AL139280.1,25.55765396,6.173386556,3.391957451,0.702077459,0.482630859,0.743285424
RAMP3,453.0650366,1.58665581,2.834522212,3.610863,0.00030518,0.002064565
LINC01678,28.96022726,0.193267762,2.360090754,1.316369674,0.188049996,0.44333292
ADRA1B,55.28037159,-0.258581192,1.428367589,-0.746082907,0.455617334,0.720948966
SPSB1,216.7898164,-0.942437953,3.914601887,-0.307796088,0.758237498,0.937543854
HEPH,30.39892756,-0.010096801,1.731663404,0.541225304,0.588352298,0.821549869
MAFTRR,25.468924,0.16115281,1.714149822,1.036121508,0.300145459,0.58022898
AL136131.3,15.20856568,0.230079647,1.879761524,0.657069353,0.511136324,0.765875386
AC072028.1,14.17752907,0.044203655,1.494755418,0.856132449,0.391924522,0.669896503
AC147067.1,19.17921089,0.45743158,2.332805652,1.391126673,0.164187018,0.407594483
NDUFC2,2750.632972,7.219996663,2.634378527,7.776423546,7.46036E-15,1.45394E-13
SRGAP2B,278.4357182,-0.08868275,0.527668589,0.373099527,0.709074371,0.904026411
CLCN4,55.48451582,0.379513146,1.409933024,20.0174814,3.87837E-89,6.34146E-87
ATP13A4,29.88263696,0.040393904,1.730671917,0.666552096,0.505058277,0.761653462
AC068707.1,16.75352176,0.228202061,1.40941679,1.26152023,0.207121476,0.468378078
HMGA2-AS1,95.43534152,0.166439514,1.695541726,-0.459884108,0.645599408,0.860720828
SMIM6,367.6336699,6.126896457,2.731528396,5.777682562,7.57365E-09,9.84677E-08
PKP4,2181.281499,-1.450102714,1.783322494,-2.699984735,0.006934266,0.033827883
SDSL,376.1015017,2.684328973,1.702533707,5.684655221,1.31077E-08,1.67483E-07
SEPTIN4,66.66899646,0.197321824,2.052496132,-0.750999524,0.452652942,0.71969726
AC010624.5,50.65643814,0.422060014,1.608913938,3.324498183,0.000885778,0.005512969
KIAA0319,20.12389469,0.002555935,1.96194132,0.512304338,0.60843803,0.835835892
LINC01762,690.1364018,-1.418934608,3.666859783,15.58510401,9.19136E-55,7.26796E-53
CD37,469.2734258,4.28464143,4.50027895,3.903616435,9.47659E-05,0.000701079
CAPG,1106.800827,4.8434167,1.881308309,7.006479492,2.44389E-12,4.0509E-11
AC005498.3,33.58000667,-0.090629922,1.693067966,-0.573608949,0.566232455,0.806945963
USP18,60.73731237,0.088692669,25.71149984,0.034111557,0.972788193,1
APOE,17221.76975,7.183856393,10.23454793,7.29377285,3.01393E-13,5.36447E-12
IGFLR1,277.854094,3.694961565,3.22470904,2.375833652,0.017509354,0.07464107
RFFL,298.4048027,-1.108075699,3.033317168,-4.041946597,5.30093E-05,0.000413738
TAP1,222.5888818,4.542430554,29.09353945,7.136993623,9.53943E-13,1.63168E-11
GIT1,113.5020163,0.354488187,1.223377026,1.604409296,0.108623863,0.311132544
SPINK2,18.1004434,0.411755009,2.723569457,1.057181047,0.290428968,0.570044405
NDN,93.6907203,3.663023071,2.944248157,-0.417660553,0.676195317,0.882713969
AC007292.3,17.75047905,-0.106501878,2.384259298,0.86764488,0.385588769,0.664364147
PARS2,27.59712861,0.274056435,1.696514314,1.194792099,0.232168268,0.501057558
AC073320.1,29.16236596,-0.026919652,1.042238208,1.248289456,0.211925074,0.473387343
KCNS3,64.12369116,0.024400813,1.471330995,0.101490379,0.919161194,1
ANKRD33B,375.3260465,-0.711979939,2.140963002,-1.268920669,0.20446936,0.464449238
AP000757.1,168.5907698,0.658400344,1.560249514,2.927540681,0.003416544,0.01808968
BCAM,1948.298091,4.161518349,1.757181505,5.687460491,1.28942E-08,1.64974E-07
TMEM125,102.0275718,3.383553096,1.194071725,9.213848907,3.14636E-20,8.11576E-19
CLDN23,64.5517725,0.780785375,2.90933777,2.434798507,0.014900084,0.065041227
AC099792.1,16.33221115,-0.362960882,4.084801507,-1.069072495,0.285037004,0.564399011
CLSPN,22.03794448,0.612763595,0.528926176,0,1,1
PRAF2,108.6128105,4.492542614,2.200289197,-0.276070877,0.782493629,0.951678774
AC092683.1,233.2849121,-0.082956737,42.75945794,-0.082007381,0.934640844,1
EFCAB3,18.91098331,-0.15771304,3.309007788,0.850104491,0.395266995,0.672732319
SCARB1,84.27110436,-0.179276716,1.166043125,-0.545012533,0.585744898,0.819770932
PBX3,417.0385276,-0.107734358,46.90959613,-0.038645956,0.969172662,1
RHOU,95.56479412,0.347438535,1.51014499,-0.894543358,0.371031242,0.652806565
DNAJC28,45.61256247,0.074036374,1.703759897,1.422236144,0.154957709,0.392455291
SGK1,1166.439696,2.321883357,2.671797359,4.70925974,2.48618E-06,2.42265E-05
IQCJ-SCHIP1,464.4445713,-0.284517029,1.427784368,-2.451230924,0.014236859,0.062828442
NPTX2,23.78827216,0.364441916,6.768829292,0.479523439,0.631566298,0.850819729
DIO1,362.4956094,-1.781087218,5.642167046,1.2627968,0.206662215,0.467558722
LTB,442.7778331,5.520403535,3.11292505,0.645925825,0.518327394,0.770700426
AC146944.4,16.09838171,0.304154685,1.875190146,1.256048583,0.209098356,0.470518958
VIM-AS1,44.87996311,0.275951419,1.393192036,1.848674418,0.06450484,0.212599313
ACKR3,67.75220104,1.623115303,2.844044908,1.098617608,0.271934894,0.548532495
SOCS3,793.5008311,4.404962064,1.707867288,9.80493521,1.07216E-22,3.09674E-21
CD300LF,23.06764886,0.285274379,2.588738889,0.922636848,0.356196486,0.6401318
TGFBR3L,24.59563835,0.141908543,77.15089676,0.242978672,0.80802192,0.968376872
TLCD2,40.60865693,0.363839773,0.743564296,6.044427482,1.49941E-09,2.0753E-08
AC093895.1,33.14779753,-0.106048944,1.969754702,0.097163902,0.922596234,1
AC034231.1,22.15216253,0.332456425,1.714524649,1.137514518,0.255323259,0.528336225
CBFA2T3,24.80752901,-0.104400876,2.191923383,1.255930377,0.209141214,0.470518958
AP000866.2,36.85073633,0.348820048,1.397841875,-1.083446033,0.278610493,0.556355914
BMS1P14,104.6702134,-0.074299546,33.07085747,-0.057135221,0.95443748,1
LINC01504,165.0018544,-0.675383549,5.761051856,1.80208342,0.071532282,0.230023974
AC025280.3,24.37236766,-0.055565831,5.135384656,-0.017824335,0.985778992,1
PLA2G4A,92.65165138,0.345890138,1.530272711,0.486658177,0.626500588,0.847902802
ADGRF5,1525.727805,-0.209044609,1.615837916,0.885341422,0.375972516,0.657452662
TNNI3K,86.80982598,-0.155525612,1.636676045,-1.016445616,0.309417233,0.58932834
AC004870.3,26.83640642,-0.125633329,1.703919193,0.39670357,0.691586067,0.892419849
NAP1L3,17.00746619,0.353728894,2.153273424,0.91864215,0.358282778,0.642564409
CHRNA4,17.7848553,-0.20156905,9.647755158,0.746419395,0.455414107,0.720948966
LFNG,36.9286427,0.209178572,5.749282268,0.536699168,0.591475431,0.824084847
CRYBG2,17.47816792,0.086284004,1.511118703,1.576909972,0.114816242,0.323207553
AC006116.8,20.70932402,0.061350674,1.720364624,0.724521123,0.468745864,0.73208439
OXGR1,20.16177094,0.380078961,1.874016036,1.16128935,0.245524249,0.516366346
RORA,3528.841642,-1.56248738,1.683083515,-2.942345608,0.003257362,0.01740929
NRP1,898.2947519,-1.315838128,2.024787839,-2.867679637,0.00413494,0.021411576
SLCO3A1,655.4357462,1.040279508,2.295976426,-1.325235767,0.185092966,0.438397212
AC002074.1,14.65454014,-0.198769594,7.55083474,-0.321402105,0.747905688,0.931279113
CCDC3,130.4652497,-0.001178632,1.173619169,0.282639506,0.777453193,0.947938694
C8orf58,27.91756421,0.107750602,1.501452459,1.522848329,0.127796656,0.346892047
ZNF768,123.2865738,0.341962629,1.612480011,1.753356363,0.079540856,0.248971655
HNMT,942.7562422,1.047195013,1.510807313,4.902369253,9.46876E-07,9.61528E-06
TRBC2,315.3678397,7.154918387,3.593349036,0.588659707,0.556089573,0.799330645
SULT1A1,253.443396,0.527479222,1.554293523,1.335638183,0.181667564,0.433262543
AC104117.3,15.79600575,-0.146036765,2.151770381,0.455634959,0.6486525,0.863229503
AC091078.1,40.11806037,0.080535555,0.627334077,1.036845651,0.299807797,0.579902562
RNF43,150.6761064,0.387482395,0.9249474,-1.803190556,0.071358293,0.229617563
NUP210L,87.62200989,-0.066006835,1.52906267,1.30608634,0.191523198,0.447366656
MIR646HG,293.4653092,-1.009434486,3.50676594,-1.492310725,0.135617707,0.360513644
CRACR2A,44.15485968,-0.009144122,8.196339945,0.097085186,0.922658745,1
FAHD2B,93.2453688,0.099672789,25.31227435,0.0735422,0.941374664,1
CEP85L,328.4265426,-0.510556375,0.402377419,1.384753033,0.166127997,0.410406347
SLC7A13,63.26936164,-0.131372092,5.120432345,0.358617736,0.719881077,0.91139051
LINC01322,132.4666749,-0.447697948,7.404099503,0.034753986,0.972275912,1
LINC01315,27.3166952,0.528242673,1.858248613,2.060088158,0.039390114,0.144265918
AC078845.1,24.83873523,-0.862605452,2.551228484,2.121923228,0.033844185,0.127738731
AC005050.3,15.34480598,0.112461649,1.272378159,0.116913104,0.906928914,1
LRRC25,62.45483675,0.62538784,2.501100381,-1.019577416,0.30792892,0.588334069
DDX59-AS1,15.00529405,0.085573155,1.7230513,0.831476828,0.405704313,0.682803474
CCNF,19.91880694,0.06299038,1.910301171,0.798542861,0.424555531,0.69725693
TP63,45.3395616,-0.012794371,1.682112425,0.438145838,0.661280568,0.872498475
GLOD5,88.21549451,0.198126096,1.685870654,2.37844858,0.017385662,0.074179335
AC021054.1,32.85067001,0.189359275,1.537453664,1.762419175,0.077998501,0.245018411
EXOC3L2,113.5698421,0.534364683,1.968620798,1.090596395,0.275450517,0.552907019
NFKBIE,79.75858288,2.708276941,1.873808222,6.071079173,1.27054E-09,1.76612E-08
DLL1,87.40977353,0.015981947,29.44121254,-0.032252627,0.974270588,1
BCO2,105.2123524,-0.708212871,1.86962806,-0.289470326,0.772221485,0.94532676
CDH16,2015.510192,4.05701077,1.141787998,7.8460376,4.29388E-15,8.43647E-14
CTHRC1,18.96876044,0.425255791,1.545873287,1.740447917,0.081780398,0.254085507
ACTN1,370.1084455,-0.132800305,0.71692085,0.412752001,0.679788322,0.884412399
ZNF667,49.42416888,0.261634176,0.916227639,0.136692121,0.891274157,1
RAB3C,19.736388,0.122764295,1.711155408,1.049878141,0.293774143,0.573924495
AC067751.1,14.52520833,-0.019862693,1.475853043,0.660514386,0.50892379,0.764034662
GZMB,424.5556317,9.781392882,8.11836416,2.798527491,0.00513362,0.025974366
AC005856.1,30.08603115,0.066184836,1.317345764,0.593775744,0.552662114,0.798499214
LINC01230,32.5205802,0.05387002,1.773947308,11.0224376,2.97881E-28,1.06039E-26
ITGB7,77.98518301,0.443900786,1.357587273,4.01253705,6.00696E-05,0.000463594
ADORA2A-AS1,90.21360331,-2.334014496,2.02367252,-0.132450273,0.894628153,1
AC064875.1,42.86798785,0.256080523,1.285056221,10.78717275,3.95778E-27,1.33967E-25
LYL1,86.08268119,0.488000688,2.47945376,-0.913481873,0.360989163,0.64519045
ANTXR1,127.8936417,-0.073947164,64.99170165,-0.150347679,0.880490318,1
KCNMB1,31.28420097,0.111743645,1.773744617,1.545592873,0.122202923,0.337211557
RPP40,44.41013186,0.43589499,1.706187192,2.177974639,0.029407925,0.114164286
AL121974.1,13.68055323,-0.164156579,3.919537052,0.549963325,0.582344529,0.817763864
AC010632.1,13.89676042,0.842915137,0.589100945,0,1,1
NCF4,48.75261086,0.594121557,2.382451013,2.527024567,0.011503346,0.052306666
NTS,14.68231335,1.61539304,3.303276028,1.971636864,0.048651076,0.170905829
APOBEC3H,14.50090251,0.390074143,2.307369164,0.154632599,0.877110969,1
SSC4D,51.0064694,0.120458472,1.267860579,0.013016953,0.989614267,1
DENND5B-AS1,135.7606428,-0.251797437,1.452816711,2.446805731,0.01441285,0.063373184
GJA5,114.7410071,0.445613224,1.869280225,0.2838516,0.776524109,0.947601602
NEAT1,10110.53409,-1.080470946,3.913906824,-1.261309288,0.207197436,0.468440044
AL390957.1,145.811019,-0.630788688,1.884504008,0.468461951,0.639454274,0.855875035
TBX21,44.13881725,0.135534993,69.67859199,0.234046492,0.814948885,0.971681245
FAM20A,222.3257448,1.64086251,2.336815876,-0.712673109,0.47604806,0.738571186
AC120193.1,67.28673871,-0.329538486,1.546273784,1.249797361,0.21137358,0.472760475
LINC01547,14.63887471,0.263714108,1.525286164,1.628879295,0.103338574,0.300337358
BASP1,212.5543935,-0.025510221,1.576222518,1.700796575,0.088981193,0.270192498
CHRM3-AS2,63.2473295,-0.283697599,1.477150196,2.30753145,0.021025211,0.087389147
RBP4,615.5088829,0.649516615,4.294551416,-0.471854474,0.637030666,0.854007064
TLNRD1,178.7088462,2.416472869,6.013521799,6.654930728,2.83434E-11,4.3609E-10
BNIP3L,1280.393579,0.990276052,2.501668761,1.385961276,0.165758728,0.409870223
MAGI1,3421.261618,-1.753596237,0.646514377,-3.277941312,0.001045671,0.00640482
AC010609.1,71.22255652,0.253157226,2.176234387,1.154766965,0.248185869,0.519247251
MLLT11,32.13884586,2.69404928,1.878654623,4.834732637,1.33325E-06,1.33977E-05
MACC1,673.4589139,0.323647574,14.13308233,-1.671082726,0.094705339,0.282659634
HCN2,18.66013884,-0.518204301,1.115294182,0,1,1
GRB10,701.3970752,-0.856168292,3.230946945,-0.422093646,0.672956666,0.880631166
GPR176,56.05032752,-0.052902808,24.11927077,-0.129810449,0.896716396,1
CITED2,855.1653259,4.400804583,1.884835907,6.790859788,1.11467E-11,1.75994E-10
LAIR2,20.47031309,0.46201216,2.752357844,1.173364947,0.240649488,0.510566441
FUT6,185.4669382,-0.56416645,12.08524008,-0.167866235,0.866688514,0.998558491
CFB,165.1585313,3.818028594,2.605171408,2.526955042,0.011505623,0.052306666
AC131934.1,38.6563142,-0.04117361,1.907266644,-0.181158286,0.856243336,0.993575163
SMCO3,25.64958358,-0.033772594,2.198761181,1.002222028,0.316236371,0.59671178
TMEM177,144.9394623,0.329970011,1.605643033,-0.511502539,0.608999211,0.836301123
NFKB1,909.7836569,0.459952959,1.031625038,0.439355972,0.660403623,0.871891851
ARRB1,197.6754941,-0.183993768,0.779891516,-0.095924611,0.923580448,1
ILDR2,51.99792635,-0.083785043,20.60246041,-0.242255954,0.808581841,0.968631444
NPR3,775.3723788,-0.159927023,2.33765804,-0.914050666,0.360690223,0.645083164
ZBTB14,56.67068746,0.368755666,1.584825222,-0.753965331,0.45087004,0.718603242
FAM151A,1028.773176,0.206920071,123.4133452,0.002680861,0.997860985,1
SELPLG,94.68655126,1.07866169,5.528915278,2.776566973,0.005493632,0.027502368
MEDAG,23.80361045,0.194058785,2.061899396,0.847067224,0.396957652,0.673843124
DPEP1,2194.355824,-0.198653915,7.968359215,1.927461097,0.053922192,0.185450048
FABP7,29.77870271,0.080270036,145.472623,0.075883583,0.939511718,1
AC010615.2,14.98357508,-0.098697323,1.873270951,0.762843042,0.445557008,0.714001405
PTPN22,274.6113673,1.835216853,7.379471749,3.287194176,0.00101191,0.006225701
ECSCR,178.6968846,3.262449561,2.497309704,-0.875802317,0.38113751,0.660858517
C21orf58,24.79974144,-0.103957582,5.175438679,0.435501729,0.663198284,0.873723198
AC089983.1,13.2032368,-0.016094055,1.454929693,0.296205619,0.767073058,0.942301829
LYNX1,45.26015349,0.245913253,1.603163535,-1.009719622,0.312629639,0.592522225
MXD1,332.1110613,0.47691303,3.506731317,3.36875595,0.000755083,0.004757858
AC025627.1,16.65062304,-0.195688494,2.269615651,0.57718853,0.563812105,0.805076284
ANKRD31,23.17533878,0.070361852,1.408216586,3.729302897,0.00019201,0.001348124
COL1A1,101.1824232,0.265343943,1.859228599,0.76663337,0.443299529,0.712060784
AC004917.1,35.74292017,0.041782672,1.374155829,1.035383135,0.300490019,0.580500187
AC011509.2,18.33001704,-0.073035141,2.074398201,0.567752932,0.570202744,0.809791925
FBXO48,57.58994411,0.226724582,14.63787448,0.128319915,0.897895806,1
PNPLA1,29.33889599,-0.937305356,3.471951726,0.575274686,0.565105539,0.80617155
ANOS1,36.60945745,0.289905036,1.967297074,0.048572139,0.961260274,1
CTSA,1121.962231,3.387529555,1.796287119,20.47712311,3.44408E-93,6.04092E-91
MFAP4,68.91761824,0.359762722,4.231466842,0.299580403,0.764497234,0.940222439
FAM214B,85.56668922,0.095852453,14.85851745,0.025946165,0.979300278,1
HSPA1A,5753.264992,6.777711279,4.136655573,7.860167977,3.83619E-15,7.55259E-14
TSPOAP1,106.5982242,0.168125697,0.745935796,0.288747853,0.772774341,0.94534848
AL512353.1,28.05790137,0.12341619,1.39792003,1.636879961,0.101655554,0.296903157
TMCC1-AS1,23.8369469,0.025606582,1.306558091,0.922794257,0.356114434,0.640103586
AARD,20.22877751,0.419481078,2.328243388,1.016538979,0.309372796,0.58932834
DCN,564.1556541,-0.2197163,4.638446046,0.970077626,0.332007801,0.61339668
LINC02397,17.1820804,0.277247601,2.18274708,0.7004223,0.483663614,0.744281844
ABCA4,58.62698395,0.618531791,1.575322254,0.681416125,0.495608223,0.752815702
TSC22D1,2709.650763,0.6385101,0.522038574,1.85139867,0.06411222,0.211594454
HESX1,24.80407058,0.298230702,1.250235693,1.244178055,0.213434039,0.475409414
ELOVL5,643.8565299,0.929531656,3.564943703,-1.779847664,0.075100895,0.238400241
LINC00470,13.35195122,-0.217413478,4.030115679,0.210458333,0.833309969,0.982275326
SNAP25,53.55016164,0.103981219,1.746923542,0.92991895,0.352413051,0.635700172
LINC02241,231.0326689,-1.744406964,1.458431222,-3.601515082,0.000316368,0.002132776
AC007193.2,14.4342427,-0.093916098,2.644101902,0.566290133,0.571196567,0.810329453
CCDC142,34.40667687,-0.09049433,1.736356996,-0.091955053,0.926733751,1
SLC7A11,19.1888681,0.01762714,2.115424762,0.223027108,0.823514409,0.977159219
LINC01470,33.95297041,-0.042629052,1.87220796,0.042928125,0.965758829,1
BEX3,2940.755102,5.036440213,0.628578733,25.80725085,7.352E-147,2.086E-144
GABRA3,13.64604727,-0.186159601,1.214331183,1.059023115,0.289589253,0.56955505
ADAMTSL4-AS1,555.9298344,0.056184379,54.24607707,0.021208341,0.983079461,1
ADCY1,85.15461635,-0.065841029,1.369731854,1.580995415,0.113879086,0.321507622
CASR,706.9728281,-0.313496764,1.107232529,-1.42127922,0.155235602,0.392744921
MSL2,260.5714591,-0.527144616,0.93319354,0.018335008,0.9853716,1
PIP5KL1,15.43436835,0.254038278,1.461480164,1.661286362,0.096655948,0.28646388
GK,855.9849055,-0.22562162,5.011874522,8.512101622,1.70809E-17,3.84998E-16
TYROBP,1375.230192,8.186129835,5.201181012,6.770168564,1.28632E-11,2.02433E-10
SPON1-AS1,15.80644279,-0.303767608,2.360448585,0.200847564,0.84081777,0.986755258
ZNF385A,70.3295496,0.540046083,1.881304981,-0.776991908,0.437163545,0.707655563
HSD17B14,705.2875811,-0.927899639,23.73384691,1.955832856,0.050484847,0.175189683
AC009271.1,25.22176153,-0.242108264,1.821075978,0.76679477,0.443203546,0.712060784
TENM2,153.7887035,-1.787965477,4.951972716,-3.505847643,0.000455156,0.002966815
SFN,125.8523689,0.631957375,3.109218867,1.380661869,0.167382951,0.412134591
AL138999.2,24.40552266,0.476600288,1.908300724,1.079971499,0.280154872,0.558389323
GATA2,204.062001,0.75609694,1.804272829,1.517827106,0.12905799,0.348715543
RALGAPA1,1066.13683,0.030040944,1.627003287,-1.367081736,0.171599687,0.418141496
CDC42SE2,1388.421621,0.474890336,0.947641144,0.754692651,0.450433417,0.718236557
SYT1,140.9247308,0.090174861,1.41840875,-0.830733066,0.406124442,0.683272148
CNTD2,27.23933245,0.720804761,1.734846013,1.347646519,0.177772101,0.427672683
RSAD2,53.5059579,0.037349115,1.510835167,1.107667854,0.268005287,0.543915976
TEAD4,142.6520693,-0.345440256,1.484102582,0.027452257,0.978099019,1
CHST2,61.68052331,0.22906974,18.16356611,0.173425958,0.862316623,0.99676858
NPM3,131.7737311,5.254315436,3.22802786,-0.194684328,0.845640082,0.98956792
SMIM2-AS1,382.7652917,-0.865083639,2.987119895,-1.830864217,0.067120812,0.21882882
AL161725.1,32.24832392,-0.144273253,1.735289721,0.784662062,0.432651732,0.70431847
ETNPPL,31.00023727,0.065240982,2.619255259,0.619254449,0.535748747,0.786085755
NOS1,133.3127364,-1.087965044,15.59848559,-0.226953657,0.820459778,0.975054037
SYT6,22.0391597,-0.12745259,3.032544762,0.907796885,0.363985545,0.646899143
ZNF331,1018.296483,2.424856643,1.267495877,4.230885869,2.32773E-05,0.000193083
AC008555.4,29.53796912,0.813042388,0.508736843,-2.44981E-14,1,1
TTTY10,73.3167283,-1.614013412,6.87655674,-0.100505772,0.919942801,1
AC104664.1,34.85042284,-0.23242741,1.885060886,0.300822171,0.763550101,0.93997827
EXOC3-AS1,67.92605688,0.60739969,1.129914553,7.112772507,1.13735E-12,1.93509E-11
AC099560.1,108.1356796,0.370349411,1.765237353,2.911110097,0.003601471,0.018933727
ADCY8,16.35709735,-0.284353047,3.727900771,1.15028871,0.250024979,0.522188997
C2CD4D-AS1,18.20190205,-0.05407842,2.047461594,0.375402496,0.707361149,0.902992326
SAMD11,74.94650975,0.216073634,1.716860553,-1.326977752,0.184516042,0.43756791
ESYT3,17.69477316,0.108225556,1.352994173,0.661658261,0.50819026,0.763869031
AP000766.1,27.13253567,0.007324472,0.398727249,0,1,1
S1PR1,127.9205368,3.970548708,2.406370179,3.96855765,7.2309E-05,0.00055013
NATD1,41.77197594,0.100007242,11.66693078,0.052828423,0.957868615,1
LINC01618,41.24965769,0.266232171,1.45456773,1.251780467,0.21064987,0.472241775
CMTM7,322.5172678,-1.108887831,2.911910608,-0.00335351,0.997324291,1
AL451085.2,30.58857483,0.584951634,1.389269032,-0.291749392,0.770478242,0.944011905
SPEF1,16.45815341,0.305854311,1.740804562,1.194461826,0.232297365,0.501220507
CA10,328.4180976,-1.858142889,1.732527213,-2.468462226,0.013569497,0.060379256
THAP10,28.30795526,0.413968802,1.922532961,-0.252197125,0.8008887,0.963363253
LINC02015,28.57802132,-0.189391566,1.988111441,1.057659508,0.290210702,0.570044405
RNF144B,624.148102,1.030546244,2.147234312,1.13811637,0.255071893,0.528042609
DGKD,208.3985647,-0.302333515,0.834215928,0.291702468,0.770514122,0.944011905
GRM5,50.27709551,-0.839131332,3.109712915,-1.16291286,0.244864859,0.515879296
HOMER3,214.6009281,0.510958773,1.61347666,2.396368942,0.016558414,0.071184946
ZBED8,25.89209792,1.07299177,2.186539327,4.261529757,2.03032E-05,0.000169874
EXD1,13.70151319,0.207555991,2.106079949,0.895650053,0.370439694,0.652241601
ABTB2,1033.846594,0.874036603,1.745418912,-1.779082653,0.075226212,0.238719496
CACNA1H,73.72230512,0.313730081,1.336919431,-0.773442611,0.43926048,0.709806675
CAMKK1,42.5998532,-0.012940135,16.01982077,0.000123795,0.999901226,1
AC019117.2,167.6913512,-0.481246301,4.28988768,0.934448539,0.35007257,0.633611647
IL18R1,96.29451327,0.40752408,1.461352898,2.224883393,0.026089067,0.103871742
SLC49A3,62.12389302,3.199732722,1.758345923,0.746246783,0.455518352,0.720948966
ADAM23,34.73281126,0.010318424,8.200673097,0.018252443,0.985437466,1
AC092296.2,42.68241577,-1.659028998,2.639004046,-0.821509401,0.411356171,0.686856549
COL1A2,173.526979,-0.178958372,1.939184198,0.476379415,0.633804097,0.851857074
PNMT,23.7026689,0.370394099,1.811580753,1.376647406,0.168621287,0.413915916
LDB3,42.01376747,-0.013233491,1.760123318,1.11142421,0.266385796,0.541813994
EPHA1-AS1,39.03622467,0.008634127,1.323111936,2.189431784,0.028565472,0.11170292
HNF4A,411.4529946,-0.659432503,9.044052093,0.373418824,0.708836752,0.904026411
PTPN7,113.1507322,-0.203545546,1.636564842,3.00587777,0.002648154,0.01449872
SOX7,45.7969176,0.202683862,8.306688819,0.184795868,0.853389149,0.991765464
FER1L5,33.38266833,0.11343372,1.285004158,1.196099105,0.231657887,0.500628055
OSMR,367.1505441,-0.458296431,0.881295461,-0.661050306,0.508580053,0.763913228
OLFML2A,56.1019876,0.177169055,7.169705114,0.150467969,0.88039542,1
RALY-AS1,42.06444736,0.317376028,1.316777916,3.26438396,0.001097024,0.006693858
NCKAP5,652.1382098,-1.952611329,1.285823491,-2.827368949,0.004693222,0.023955298
PCP2,27.14843321,0.361538323,2.027397016,0.977626909,0.328258883,0.609334895
LINC01099,200.0691546,-0.209349409,10.85340587,-0.08323525,0.933664484,1
AL035587.1,27.29153489,-0.602959559,0.485826411,0,1,1
STEAP3,23.4382888,0.112587364,1.49502406,0.313444763,0.75394278,0.934829335
AC011472.2,15.35565783,-0.015486576,1.701229957,1.431787256,0.152204716,0.387521481
FAM160A1,617.6092049,-1.593827744,1.529720044,-3.607234197,0.000309478,0.002092177
DDN,25.14793121,-0.085847913,7.415514637,0.55030911,0.582107377,0.817763864
PIK3CD-AS2,102.8093786,0.757298667,1.846283867,3.326211421,0.000880351,0.005486272
IVNS1ABP,1380.396811,0.470688245,0.767633545,2.505876288,0.012214835,0.055141091
LINC01500,72.2233668,-1.920454289,1.998747091,4.650113159,3.31753E-06,3.17817E-05
NDUFB10,2611.434255,7.798580102,3.257692697,8.324207195,8.4895E-17,1.84455E-15
SAMD4A,1006.314442,-1.197118021,3.859137141,-1.48752633,0.136875855,0.362858304
TMEM45A,24.11549933,-0.061046873,7.006884092,-0.392721203,0.694525409,0.894060131
CCDC160,68.81569093,0.33051851,1.672635999,1.187621769,0.234982457,0.504549637
NFIB,1663.068311,-1.006821968,3.854225075,-0.303662897,0.761384728,0.939321538
TFF3,67.91467987,7.675230824,2.964861212,1.367406554,0.171497909,0.417999072
AC016924.1,54.76616901,-0.147879345,2.250853487,1.198832918,0.23059292,0.498997285
IL1B,303.0639411,8.674479234,8.182584406,2.639671268,0.008298648,0.039436974
FOXO4,40.25677011,0.309427237,1.273142286,4.060347957,4.89996E-05,0.000384621
DDX60,159.3900554,0.966704674,2.087141112,0.469474278,0.638730666,0.855572721
PTPRN2,138.9990393,1.33454305,3.775774503,-0.533938004,0.593384428,0.824957425
ARHGAP39,51.02950359,-0.085687371,37.76577777,-0.148961306,0.881584166,1
AC136604.2,59.77778906,0.026482219,8.713920613,0.219130109,0.826548697,0.978490033
AC104461.1,41.43384845,0.222002419,1.40990854,0.67195348,0.501613312,0.75834371
LINC02027,228.6681982,-1.84654853,76.02963953,-1.825211404,0.067969134,0.220922585
IL5RA,15.01790893,0.105039185,1.443425666,0.006002636,0.995210618,1
HLA-DMB,259.3191047,4.258215064,2.526409775,2.628851852,0.008567368,0.040514409
AC034111.2,23.09081864,-0.22976156,1.915700605,0.983566459,0.325328723,0.606932159
GNG2,495.810339,0.606963062,206.7343274,4.293795446,1.75644E-05,0.000148635
CLDN14,123.190281,-0.082751285,1.417164179,-2.624524401,0.008677008,0.040992699
CORT,25.46707894,0.276116856,1.854860365,1.23965723,0.215102203,0.477423819
ZNF66,74.68963791,-0.14947268,0.709285461,-0.318965873,0.749752392,0.932366387
HIST1H2BE,43.61548024,1.053570602,4.422593169,2.798468259,0.005134562,0.025974366
UAP1L1,55.07795343,0.022329908,1.212524514,1.466858183,0.142414638,0.372424509
AC119396.1,63.86411118,-0.20612326,5.952521062,0.15955292,0.873233268,1
AC009113.1,24.42714172,0.451491163,1.616014938,0.622283362,0.533755559,0.784332046
AC092069.1,197.4323316,7.186067794,3.250145511,2.651072225,0.008023668,0.038375967
HERPUD1,2557.173713,3.829345427,1.604281916,12.19614847,3.25877E-34,1.51141E-32
AC068338.2,24.22268318,0.453396344,1.852552616,1.932397163,0.053310504,0.183895939
GPRIN2,23.16152459,0.289171529,1.780937296,1.345319488,0.178522083,0.428423518
TMSB4X,25952.88259,8.223127199,2.177498273,13.67812662,1.37182E-42,8.32321E-41
COPS5,52.24162815,-0.027682413,1.538194461,0.362750091,0.716791577,0.909494719
LHFPL2,123.6491312,-0.820350986,2.592887749,-0.493197821,0.621872817,0.845435043
MELK,15.13187093,-0.004381276,2.178129857,0.849415261,0.395650264,0.673152351
MS4A6A,269.0118277,0.601852187,2.240718343,3.142865126,0.001673029,0.009746203
HMX2,26.0127298,0.259854945,29.00816615,0.191653086,0.848013956,0.989702716
VPS37B,657.0667969,0.217999722,0.502135449,1.326801328,0.184574411,0.437598757
USP20,128.7492979,-0.322907945,1.251029982,-0.450533569,0.652325755,0.865848262
LYST,645.781751,-0.114085552,0.360629043,-2.236095174,0.025345538,0.101582219
ZNF423,83.11779959,-0.020474596,1.545006653,-0.335999406,0.736871314,0.922706966
SCN8A,45.74662003,-0.146463205,10.93100992,-0.046218209,0.963136329,1
AL591518.1,19.70673742,-0.030207902,1.221830209,1.752532099,0.079682355,0.24917202
MSH4,21.52050406,0.050153892,1.567120895,0.288873481,0.772678198,0.94534848
TMPRSS9,41.22052275,-0.071547833,1.342068959,1.101321251,0.270756866,0.547128505
AC002401.1,54.38028748,-0.25058108,2.267483604,1.441939821,0.149319351,0.383596613
DUS4L,85.72639183,0.313823432,2.010013737,0.695081062,0.487004502,0.746327631
ADAM28,125.6323442,-0.206289056,1.801180503,0.511566207,0.608954641,0.836301123
LYPLAL1-AS1,59.09820169,-1.797785678,2.327854206,0.722096338,0.470235249,0.733208251
ACSM2A,1807.438316,-3.118358445,5931.604844,-0.964994149,0.334547742,0.615940146
CENPL,32.37599124,-0.050644817,1.390326252,2.281545601,0.022516182,0.092510052
TRIM63,73.81879679,0.013466784,12.55563243,0.650406304,0.515429806,0.769278789
NPIPB3,19.62721132,-0.729464997,1.40231612,0.870411032,0.38407582,0.663060028
AC092078.3,14.92037955,0.002628301,2.01123326,0.711070246,0.477040707,0.739873264
COL4A3,934.114252,-0.099938229,5.268731429,-2.253981601,0.024197326,0.097915939
RACGAP1,811.4721362,0.123163696,8.52971893,0.913669148,0.36089072,0.64519045
NOL3,169.331017,0.193851321,1.297527455,1.103484472,0.269816831,0.545748352
TUBB2B,156.5850177,0.501817268,1.976609718,2.928319094,0.003408001,0.018064277
RFLNB,69.57978165,0.128411668,30.79378996,0.054725985,0.956356767,1
LINC00278,489.2654262,-0.525826064,30.81227719,-0.358603475,0.719891747,0.91139051
CRADD,996.2468564,-1.239002128,4.685073737,-1.535166124,0.124743027,0.342068216
DLL4,117.283223,0.366476446,1.867402377,1.701520118,0.088845363,0.270120145
ZFP41,39.84408799,0.102305118,1.285830003,0.284728958,0.775851803,0.947081983
ARHGEF10,229.5679863,-0.032112893,1.289171196,-0.729649829,0.465604256,0.730236426
DIRAS3,63.9569305,0.159386346,8.40532708,-0.077890997,0.937914761,1
BAIAP3,38.55695703,0.125981775,1.377772051,0.783034987,0.433606567,0.705634709
AC093912.1,305.2214049,0.209406456,1.582666279,-0.028096986,0.977584798,1
SPI1,215.6674485,1.790425332,2.87441627,2.422708129,0.015405298,0.067004019
ARRDC3,635.3121791,2.243756012,0.745884665,5.179818043,2.22102E-07,2.44313E-06
AC010148.1,41.44565264,-0.176657538,1.809325316,-0.45115006,0.6518814,0.865496816
AC010260.1,107.0683217,0.286692503,1.265697065,1.726624345,0.084235151,0.259787883
AC009522.1,56.23807739,-0.054283265,13.40199352,-0.076064022,0.939368163,1
LILRB2,97.5624718,0.606219404,1.743265637,1.983585679,0.047302047,0.167127277
FRMD4B,792.0945911,-0.062360462,52.5809431,-0.007419544,0.994080115,1
AC009107.2,120.5159978,1.086698095,4.44415094,2.147520182,0.031751892,0.121407255
RPGRIP1L,90.60415112,-0.056049204,26.08980848,-0.071589119,0.9429289,1
Z99127.1,19.48120505,-0.069809653,1.51621582,0.924847776,0.355045095,0.638776582
AC022075.1,197.7605527,1.674228182,2.503252383,3.42749251,0.000609183,0.003904843
ST3GAL6-AS1,47.50339714,0.069892823,1.033333958,1.768367864,0.076999425,0.24243259
AC008415.1,105.4390108,-1.542293211,5.877739668,-0.389724301,0.696740425,0.895420645
DDIT4L,42.6359434,0.743380145,2.075709823,1.435067509,0.151267861,0.386411283
USHBP1,70.5224909,-0.120536717,1.342643808,0.709833946,0.477807116,0.739979149
AC110285.2,29.9234436,-0.158795861,6.736473,-0.283279445,0.776962633,0.947699901
STXBP2,468.3582597,0.156045083,9.208497694,0.388863366,0.697377223,0.895618951
CHRM3,555.447152,-1.203737198,16.15961065,0.017724167,0.985858901,1
AC104365.1,76.35001341,-0.189678114,0.678558232,4.39942848,1.08536E-05,9.61478E-05
ZXDB,32.66486188,0.083192958,33.33226594,0.094128041,0.925007445,1
URB1-AS1,98.9376233,0.920385275,2.80753793,4.484675853,7.30249E-06,6.63431E-05
AL391840.3,37.0895814,0.149878002,1.406977176,0.479535716,0.631557566,0.850819729
EPHA1,35.81637403,0.235305528,1.272394246,1.762468007,0.077990257,0.245018411
FAM184B,92.360533,-0.305094193,1.85727473,0.552823289,0.58038442,0.816057207
UQCR11,5851.271592,6.703394545,1.491648046,21.30808874,9.5515E-101,1.88048E-98
ELMO3,118.4381825,1.208927027,6.226579096,1.527944049,0.12652643,0.345094847
FZD7,62.31661138,0.646825075,2.321147099,1.968923944,0.048961826,0.171508617
CHGB,152.7960503,0.553197169,1.973451492,1.207727197,0.227152213,0.494435334
HPD,4155.243643,1.69904256,3607.269269,4.456168045,8.34376E-06,7.4807E-05
EPB41,610.3165527,-0.048956698,44.77590629,0.064855296,0.948289215,1
CACNA1E,81.68907655,-0.361165389,2.818196984,0.905769403,0.365057919,0.647329932
AKR1B10,47.07913255,0.273095511,4.198829011,0.778789808,0.436103542,0.707106451
TAOK2,125.97704,0.389616692,0.788400853,1.181055904,0.237580516,0.50710148
LBX2,17.74715875,0.307729222,2.123744403,1.124210698,0.260923652,0.534763219
DSP,482.1689139,1.991102892,1.368274794,4.312474492,1.61438E-05,0.000138067
RIMKLA,24.73292171,0.06201276,1.73379994,1.06076715,0.288795734,0.568690029
AC092969.1,25.0003044,-0.213416535,2.632982814,0.106172893,0.915445177,1
MCC,361.6185256,-0.951584062,3.897528348,-0.740187444,0.459186265,0.723936902
AKR1D1,13.66000142,0.0076269,3.91370638,0.346450604,0.7290041,0.917029933
MIR548A1HG,19.11721466,-0.313741817,2.52325946,0.432471765,0.665398569,0.875610421
FIGN,232.7819186,-0.245246519,1.771471883,-2.994030529,0.002753184,0.014997157
AL445255.1,13.82785268,-0.157757276,6.059352364,-0.244805932,0.806606701,0.966985814
TBC1D8B,156.8651587,-0.236761021,1.317367547,-0.052079461,0.958465379,1
MAL2,720.4158121,3.237479995,4.311439833,1.648910955,0.099165878,0.291396049
PDLIM7,180.1479447,0.22602936,1.412583512,1.369122268,0.170961059,0.417112123
PDE5A,265.1818211,-0.11215339,0.677547259,-1.253878005,0.209886351,0.471535544
SAPCD1,17.84480592,0.029514884,1.474331608,0.831874273,0.405479915,0.682570519
PDE11A,52.29703115,-0.302999515,1.285871829,-0.029470892,0.976489033,1
WDR76,36.22827033,0.166545286,1.116739778,2.364757068,0.018041901,0.076572909
AC009951.6,19.19125891,0.659609858,2.837225997,-0.165907328,0.86822988,0.999006975
TMEM101,666.394406,0.327129941,0.740128856,0.506854707,0.612256768,0.838166121
TREM1,56.18135474,0.654498661,5.124620806,1.407085645,0.159401994,0.400039292
SORCS2,173.8540798,0.243241091,1.168528467,-0.664539963,0.50634478,0.762758915
DTHD1,58.19833868,0.519143082,2.235246731,2.243607485,0.024857667,0.100000799
TM4SF19,17.40162336,-0.099216263,4.664248359,0.432128689,0.665647884,0.875819031
TRIM32,38.6629104,0.177181183,0.661891183,4.491197055,7.0824E-06,6.45784E-05
NELL2,72.69486415,-0.477315373,1.567869735,2.868882838,0.004119244,0.021341752
RHBDL1,28.31632613,0.126604057,2.093873919,1.005696036,0.314561811,0.595208078
WDR93,22.91038196,0.074986234,1.335634944,0.490390395,0.623857672,0.846939905
AL592295.3,42.61320929,-0.123482918,1.576151074,1.509850355,0.131081613,0.352240757
AC002069.2,19.20721269,-0.210447576,1.855112142,0.771363167,0.440491701,0.710210648
CASC8,18.55222202,0.040891397,1.264688799,1.119717723,0.26283407,0.53765061
SLC9B2,56.34289272,-0.156175518,2.40569576,3.361410364,0.000775455,0.004883039
STEAP1,42.25716588,0.165583763,1.923170946,1.290393321,0.19691413,0.453697304
AC079160.1,19.78963117,-0.045411359,2.835546038,0.732592167,0.46380721,0.72824677
APOBEC3F,49.46611975,0.473364684,2.123645002,11.08862102,1.42467E-28,5.20598E-27
IGKV2-30,17.66049259,0.095763653,176.4383597,0.191253005,0.848327378,0.989702716
MIR100HG,327.9965286,-2.11787422,2.657831995,-2.151882085,0.031406643,0.120517057
CIB2,41.26194141,0.072250813,21.33666933,0.058232172,0.953563694,1
GLYAT,2813.943597,0.330227503,41.92954434,0.49207175,0.622668622,0.845700831
PLEKHG4B,36.47781184,0.210819565,1.464579465,0.088529804,0.929455597,1
AC012447.1,88.9032507,1.749423028,2.522923653,3.41309807,0.000642288,0.004100698
THORLNC,18.69099833,0.014534859,1.430379921,0.915832646,0.359754678,0.644485307
AGAP2,13.50314174,0.502753989,1.836735391,1.884068195,0.059555752,0.20018618
TMEM181,271.2249358,-0.047208009,1.449669655,0.198458424,0.84268641,0.987655911
RTKN2,37.85639872,0.01065127,10.45303333,-0.079835877,0.936367789,1
AL591043.2,52.49541004,-0.001803658,1.175370752,0.054925473,0.956197838,1
FASLG,21.09707624,0.797838848,4.234544923,0.044251369,0.964704036,1
NPSR1,15.71470704,-0.264293364,2.15010777,0.667704124,0.504322477,0.760812114
LGALS1,1946.347137,7.64065219,4.712129182,7.623837618,2.46243E-14,4.64874E-13
LGALS4,39.43263805,-0.003605262,3.741197114,0.772542414,0.439793236,0.710023606
LINC00944,36.06875509,0.138147641,4.589160721,0.695326494,0.486850715,0.746327631
GPX8,54.87878328,2.861630998,2.314107213,3.136373973,0.001710509,0.009940532
CCDC150,62.20952653,-0.168031641,3.936257033,0.594481825,0.552189895,0.798048826
ZNF79,31.25173664,-0.050483727,1.41041617,1.003365371,0.315684606,0.596437406
CD83,608.9751386,2.442794997,3.490678217,4.222830417,2.41253E-05,0.000199603
ACOXL,108.7910944,-0.610093873,2.714538993,0.931060154,0.351822449,0.635396386
SLC5A9,39.462431,-0.186031555,6.780883998,0.011848943,0.990546132,1
CLEC18C,77.85528007,-0.084601615,5.770222997,0.903562101,0.366227645,0.648256531
XPNPEP2,352.761877,-0.32070244,5.099335781,1.093285633,0.274268409,0.551567092
MORF4L2-AS1,13.80734623,0.125651115,1.322334066,0.805445232,0.420562799,0.694245264
SEMA5B,51.19306953,0.242401449,0.977695722,20.13189844,3.87847E-90,6.56415E-88
EPSTI1,298.5832702,0.224380477,0.909639981,1.485589408,0.137387758,0.363615831
SAMHD1,293.8355728,0.114342658,1.375560569,2.322542573,0.020203739,0.084557687
SPRY4-AS1,166.2770394,0.255509483,0.85044234,-1.4043993,0.160199979,0.401386799
SMIM18,19.8573312,-0.004653148,1.72545693,1.159918226,0.246082101,0.517088659
AL513188.1,41.41546987,-0.033434094,1.545557158,1.128864667,0.258954928,0.532496319
AL512380.2,31.23887071,0.380431548,1.260968139,0.549593287,0.582598364,0.817977939
CR2,32.78496613,0.212064119,2.032516538,0.790401657,0.429293235,0.700990601
CHRD,27.02211351,0.00507419,1.608864322,0.753483217,0.451159593,0.718681736
TMEM79,31.54031887,0.299719549,1.71326321,1.279403453,0.200755018,0.459912245
BX470102.2,32.08246299,0.000450658,6.44386166,0.170612527,0.864528447,0.997873833
EBF2,32.92716238,-0.00970796,1.881192904,0.302467377,0.762295799,0.93997827
AC004594.1,79.48447687,0.124782753,1.536324102,-0.165896249,0.8682386,0.999006975
MARCKS,504.9801019,4.064278022,2.483126421,6.371975298,1.86609E-10,2.74006E-09
AC124017.1,209.1418936,0.181960755,1.748263535,0.861251548,0.389099515,0.667521309
LINC00954,15.37906867,0.345667838,1.549997415,0.931666804,0.351508747,0.635138581
SSBP2,884.7271958,-0.719613693,1.023649286,-0.551344962,0.581397222,0.817123981
ZNF296,23.76107589,0.050606519,2.073288217,1.305113834,0.191854089,0.447922651
RTP4,36.83471919,3.913647665,2.456918338,2.388495929,0.016917496,0.07250248
AL033504.1,253.0262629,-0.257865052,2.023258361,-1.447024719,0.147890001,0.381571232
PRKCH,935.9522656,0.017874485,0.156792537,-1.680041766,0.09294919,0.279339824
TFAP2A-AS1,16.09826015,0.005910718,1.570944321,0.69696869,0.485822389,0.745819316
NFASC,149.2576189,-2.247416425,5.046200983,-0.846327233,0.39737022,0.674306158
SELENOP,4069.312877,5.061780578,3.357529758,5.473309276,4.41708E-08,5.29337E-07
WDFY3-AS2,243.9533861,0.410126402,1.800839351,8.21048592,2.20295E-16,4.72264E-15
UACA,755.7419585,0.382674507,0.385433518,-8.466743968,2.52348E-17,5.6614E-16
TNFRSF14,341.199222,1.048242091,0.540111711,0,1,1
PLEKHG2,179.6878786,0.067663555,12.86859099,0.258471896,0.796042736,0.959341512
LINC01290,16.92787022,0.180324684,1.770563323,0.66196418,0.507994178,0.763812319
BRICD5,22.51787743,0.155297826,0.957504481,1.746527665,0.080719304,0.251436593
CRISPLD2,254.6129749,-1.479681639,3.152480575,2.06766816,0.038671238,0.142444228
IL6R,284.2373964,-2.475695134,21046.42696,-0.645395544,0.51867089,0.771023378
AC026254.2,16.57860373,0.185819286,1.433383577,1.472440222,0.140902038,0.370376557
SLC17A4,16.99509842,-0.32103324,3.955684299,0.370221547,0.711217423,0.905877275
DUSP9,414.6551599,0.358706572,1.635937044,1.164542891,0.244204072,0.51493698
SOX5,1006.748671,1.27028493,2.490143111,-2.314153509,0.020659303,0.086090841
CD81,1970.991557,5.63119425,1.248249279,12.762534,2.65424E-37,1.36928E-35
LINC01123,17.01780212,0.089826064,1.559024992,1.210910757,0.22592961,0.492774801
DENND2A,252.996773,0.087883586,0.98235226,-2.353267758,0.018609228,0.078703738
RFTN1,279.5782925,-0.189077406,1.36191635,0.661026928,0.508595045,0.763913228
RIN1,13.27456852,0.217455388,1.851846638,0.34231482,0.732113984,0.918982022
LPAR5,21.66323828,-0.039762954,1.154527676,2.35621046,0.018462454,0.078151512
ALS2CL,160.1703995,0.012511454,1.252753711,-0.666309184,0.505213497,0.761768459
AC073593.2,15.51872405,0.176047819,1.412068366,1.345852929,0.178349952,0.428208558
CDH12,79.0217717,0.01631196,2.119049377,-0.137476111,0.890654474,1
TIPARP,514.8757248,1.356492896,2.092143654,5.503871482,3.7154E-08,4.49718E-07
SERPINI2,14.32849601,-0.271648801,2.520807107,1.169218459,0.242315626,0.512748156
RNASE1,1338.555586,5.777615212,4.13258401,4.765151491,1.88712E-06,1.86718E-05
CDK1,25.42971773,2.383858644,0.485292987,0,1,1
SLC16A1-AS1,120.3683268,-1.546491288,29.50002187,-1.251097343,0.210898965,0.472380384
LINC01482,163.4283749,-0.204784395,1.962482237,-1.683132444,0.092349455,0.277682661
STAP2,214.8996639,1.339757834,2.236957107,2.972325168,0.002955535,0.015946866
TAFA1,156.8626488,-1.495943238,4.179019019,-1.014188303,0.310492909,0.590560941
CRPPA,275.9297405,-0.187655721,39.62457337,-0.097520891,0.922312744,1
IZUMO4,39.48651719,0.058980202,1.158185735,2.392157555,0.01674965,0.071846989
AC106795.3,23.09447012,-0.034920599,1.672684834,-0.134568071,0.892953387,1
IL13RA2,65.64793813,0.428685503,4.441848026,-0.701724628,0.482850911,0.743505625
AC005332.3,22.03932116,0.245319564,1.555284074,1.422101268,0.154996855,0.392455291
ZNF674,40.6957177,-0.140403052,0.935368723,0.056748446,0.954745582,1
NR2F2,844.7704089,0.700203645,1.342893736,1.578542568,0.114441017,0.322339413
GCNT2,577.5662598,-1.19089709,2.663541812,-3.072651709,0.00212166,0.01197639
CRTAM,66.89851076,0.418035759,2.474518868,1.495206587,0.134860535,0.3591937
AC091180.5,65.35364161,0.428954019,1.735892817,2.741318091,0.006119323,0.030242374
ACSL4,912.7547563,-0.6907895,0.531340663,-1.254878105,0.209523013,0.471048359
CFP,91.51412144,0.642350409,2.060642953,2.320375476,0.020320574,0.084936127
POLA2,59.10822886,-0.091302693,0.763946734,1.26296002,0.206603548,0.467558722
TMEM54,167.5882925,5.596780145,2.637798429,3.905278811,9.41168E-05,0.000697346
AC211476.6,24.43316241,0.327253544,1.42642447,0.639325192,0.522611403,0.774325328
AL024508.1,16.52519927,0.133740476,1.818023581,1.247139012,0.212346531,0.473643232
ASIP,62.59831081,0.081784398,0.41291289,9.181944334,4.23377E-20,1.08337E-18
AC004812.2,35.53498514,0.409317793,1.406116692,2.178602092,0.029361241,0.114028941
CCDC178,379.0955775,-1.732584249,2.766067398,-1.778790854,0.075274057,0.238792775
CH25H,49.83061595,0.687312753,3.110072725,1.452885781,0.14625547,0.378467413
ALDH1L2,21.75527341,0.133342769,1.752197592,0.621099334,0.534534267,0.785237106
CCL4,1593.965985,9.803900499,3.583742145,5.611730199,2.00314E-08,2.49345E-07
SYNM,44.38353119,0.085455158,8.691257435,0.053828683,0.957071657,1
AC022395.1,19.5939642,0.08800162,1.562123018,0.995381406,0.319550798,0.600432912
TSPYL5,70.19314139,0.490095781,1.771627439,-1.165301384,0.243897019,0.514514442
AC079142.1,441.0993154,-0.775779546,4.933080818,-2.095593008,0.03611831,0.134478324
CYP4A22-AS1,74.37171495,-0.444646504,3.317988441,0.232615028,0.816060357,0.972277913
TM6SF1,61.80851283,0.077928526,9.150371178,0.005379713,0.995707631,1
UGT3A1,395.3388882,0.569995081,1.793796192,2.981959617,0.002864098,0.01553117
EPHA7,203.0020209,-1.823337571,2.488903825,-0.969528267,0.332281684,0.61339668
HK3,23.49460416,0.306576671,3.392779194,0.752317288,0.451860274,0.719022706
FAM189A1,215.7637026,-0.566414581,2.986363807,-2.236253597,0.025335164,0.101582219
DNAJA4,275.2450361,1.348929568,78.5556575,7.279131291,3.35977E-13,5.969E-12
FRMPD2,19.79478366,-0.228603258,1.750677743,0.114212828,0.909069083,1
GALNT6,51.25967628,0.84465271,1.821481504,2.888047248,0.003876416,0.020224872
ARHGAP9,81.22953325,0.418433913,1.781271143,0.050576315,0.959663136,1
AL590652.1,62.89963358,0.278906209,1.114948497,-0.890418933,0.37324098,0.655141145
AL031590.1,29.21661251,1.665087917,0.77313914,0,1,1
CKLF,510.4495597,2.697524424,1.114017942,8.039265168,9.03788E-16,1.85507E-14
MEGF11,52.33420446,-0.00075675,2.503163006,0.089105738,0.928997878,1
C5orf63,94.93854905,-0.020843163,25.60789426,-0.03314393,0.973559811,1
SPATS2L,1353.093194,0.053498283,0.172368177,10.09354949,5.89968E-24,1.7954E-22
PKP2,147.0457031,-0.321810023,1.5786608,0.552195132,0.580814669,0.816543153
OPCML,113.0141285,-0.02976346,1.665107814,-0.068309892,0.94553895,1
ARHGAP31,324.467129,0.001954556,0.551192574,1.134335848,0.256653697,0.529827726
BCL2,1272.83408,-1.143719759,4.86591405,13.58510002,4.90861E-42,2.90511E-40
MT1F,4960.856243,6.933298715,8.661407277,5.612722427,1.99168E-08,2.48239E-07
EHD4,350.6709035,1.362051308,0.482811002,33.16742662,3.1761E-241,1.6126E-238
SH3PXD2A,207.978094,-0.96614882,4.207242063,-3.543370965,0.000395047,0.002596059
AC005480.1,101.0414896,-0.439084503,0.70939114,-5.81851331,5.93733E-09,7.80347E-08
HORMAD2-AS1,13.60474024,-0.013354971,1.623600303,0.648108839,0.516914557,0.770245432
AL031846.2,15.55774759,-0.195104865,2.02552926,1.323593153,0.1856382,0.439257228
NOD1,125.7658546,-0.566595873,0.488879486,0.081525178,0.935024302,1
MRPL1,720.4469462,0.601765408,1.086007147,2.201221381,0.027720355,0.10888366
LINC02484,43.2099059,-0.033958777,1.853626964,0.690736433,0.489731189,0.748551447
GJC1,35.08479385,0.172248882,1.099434525,2.333889208,0.019601524,0.082358842
ZCCHC3,94.14563514,0.781862195,1.864018011,4.384347579,1.16334E-05,0.000102584
AOC1,926.5463584,5.690551663,2.058615804,11.61849062,3.31949E-31,1.3343E-29
MAP4K4,682.0899648,-0.342276295,0.954315548,-0.050875435,0.95942478,1
ZFPM2,236.5768787,-0.154099713,28.03378996,-0.096844163,0.922850151,1
AL158068.2,13.29449644,-0.060172258,1.353738423,1.130229539,0.258379516,0.53180866
ASAH2B,54.35730157,0.737149484,0.875875163,0.388822522,0.697407439,0.895618951
CPB2-AS1,95.598673,0.053811255,1.677370599,-0.133375788,0.893896193,1
ADAMTS1,375.6976582,0.622384942,1.633746147,1.661485137,0.096616052,0.286433635
SPATA5,395.2680151,-0.081948774,1.247733018,-1.728205407,0.083951405,0.259157187
AL158801.3,48.83704249,0.086723573,9.732671108,0.113193973,0.909876774,1
DUXAP8,43.23436343,-0.212284367,7.20649882,0.278584315,0.780563851,0.949810731
CD53,480.8802204,4.280141221,3.071368912,5.227103713,1.72186E-07,1.94019E-06
AC116345.4,24.87021647,0.289656288,1.995618124,1.273235827,0.202934371,0.462628502
OMG,30.74427439,-0.165666405,1.211304784,1.391431085,0.164094744,0.407575179
SMYD3,1567.154765,-1.266855981,1.078107041,-5.140547166,2.7394E-07,2.97266E-06
CADPS,25.85615523,-0.265606689,2.497732404,0.566464286,0.571078204,0.810329453
LINC00639,28.19848405,0.218655084,1.543936708,14.62184021,2.03816E-48,1.40444E-46
AL138720.1,63.1515746,0.281452767,1.614308552,0.930300705,0.352215413,0.635700172
KRT18,2465.959904,5.607925109,2.367896576,8.500119701,1.89395E-17,4.25897E-16
ITGAL,186.3794591,0.145915233,41.28884889,0.077189732,0.93847261,1
AC098617.1,68.2478055,-0.157117104,1.908387425,-0.258282008,0.796189271,0.95937278
ARHGAP30,132.2843031,0.568143478,13.26000385,2.385983673,0.017033507,0.072870175
MAP4K1,50.01723635,0.161690558,1.901464986,2.012566918,0.04416021,0.158664263
AL139220.2,22.16623995,0.285128623,1.580362713,1.842915748,0.065341313,0.214331058
C4orf45,52.84757001,0.014161415,17.89248362,-0.040592558,0.967620717,1
HIST1H4C,2151.659686,8.938227445,3.309370876,8.748712366,2.15801E-18,5.12766E-17
LGI4,41.89467172,0.248865521,1.80082188,1.106531487,0.268496543,0.544385489
CPAMD8,173.7412222,0.465345209,1.515491137,0.087722353,0.930097353,1
PYCR3,54.36522044,0.580516554,1.690713512,3.232494236,0.001227146,0.007389687
AC012593.1,93.35987882,-0.255053135,2.10209297,0.259301429,0.795402677,0.959156203
SLC13A1,1172.269293,-0.498616191,11.5126881,-0.566222045,0.571242846,0.810329453
REC114,15.00639141,-0.151785529,2.85406577,0.588453414,0.556227994,0.799334345
AC005696.1,34.00070477,0.090434448,1.289464968,1.662159308,0.096480837,0.286208681
METTL18,57.54953742,0.237431764,14.51710603,0.151282272,0.879753053,1
PRR7,57.04994878,0.492782188,2.063274394,2.368859413,0.017843034,0.075895835
ESRRB,423.1871152,-1.354763052,4.240278468,-0.75583885,0.449745821,0.717339348
HIST1H2BJ,50.82795573,0.547044157,2.036112224,-0.538698812,0.590094694,0.822755241
PKIA-AS1,28.66771562,0.169661359,1.504394454,13.69947108,1.02267E-42,6.24408E-41
AKR1C2,127.74133,4.4291466,2.474968528,2.986051308,0.002826052,0.015359395
MYCL,21.35245393,0.571969491,2.348682575,1.581568925,0.113748013,0.321507622
AC117386.2,77.15170801,-0.661599083,1.759031021,-2.300526056,0.021418435,0.088641631
VEGFA,579.5322804,-0.194436845,0.923697328,0.745100422,0.456211014,0.7214865
PPP1R14D,32.75799985,0.185598757,2.021610883,1.126635249,0.259896729,0.533678959
MTBP,53.61292733,0.18331044,1.004427525,-0.099352241,0.920858601,1
GPT,266.7247951,0.515309677,2.706572499,1.31051989,0.19002002,0.445247378
HIST1H2AC,508.0425543,3.706021269,0.446730036,24.87160002,1.5101E-136,3.9374E-134
FDXR,75.69196186,0.145133814,23.05505805,0.082404186,0.934325307,1
VMO1,66.61880892,2.358717662,3.127804784,-0.758369862,0.448229595,0.716138639
ACTB,17657.38169,5.554619642,1.351700946,16.39232759,2.16975E-60,2.01265E-58
SH3BP5,663.4332627,0.970167619,1.711428218,4.217864276,2.46627E-05,0.0002037
HENMT1,35.99377075,0.658342448,1.858039104,1.603311719,0.10886585,0.311733113
BDKRB2,155.0108713,-0.018322352,0.470034751,0.026681741,0.978713576,1
ALDH1A1,2010.649224,2.389623606,1.482652625,6.256780782,3.93005E-10,5.64185E-09
GRM1,51.56585779,-0.009351978,1.699405684,1.890782879,0.058653334,0.198119296
GABRB2,36.53870446,-0.077063575,1.607429127,0.790914521,0.428993874,0.700898376
AC006064.4,24.53201841,0.790577659,3.696534275,1.956720342,0.050380357,0.175044423
PRICKLE1,226.4796065,-1.697023994,3.441784307,-1.36181759,0.173255459,0.42058264
RHBG,289.0495042,0.569535747,1.605715696,0.792228065,0.428227707,0.700639927
PHEX,25.3942468,0.016299871,1.595445573,0.654389729,0.51286075,0.767064752
CDC42BPA,1155.027537,0.094611117,0.652226045,-3.084672547,0.002037764,0.011556912
TBC1D4,1158.190488,-0.648966998,1.253287283,-1.652997221,0.098331429,0.289826855
AGBL1,37.26703474,-0.119026286,3.539512739,0.101439365,0.919201689,1
RAB11FIP5,61.24773202,-0.146160849,10.23545547,0.062620883,0.950068399,1
GSTM3,1356.769184,7.062502603,47.46539189,9.530822532,1.56042E-21,4.22847E-20
AP001816.1,63.22530173,0.364610461,1.538016111,3.912800172,9.1232E-05,0.000677533
B3GNT7,17.97422585,0.605376669,1.749023182,-0.463627911,0.642914354,0.858435262
GSEC,20.66887793,0.111596338,4.292622028,0.033724076,0.97309718,1
GINS1,26.35541024,0.159741145,1.374932116,0.694748765,0.487212762,0.746464059
CATIP-AS1,33.17001997,0.515973264,1.882864144,0.457981032,0.646966068,0.861698421
ZDHHC12,266.1437832,6.067904552,2.509397474,8.133846742,4.15878E-16,8.75978E-15
CCL28,57.47419085,2.680734605,0.521384037,0,1,1
MYO7B,86.16839597,-1.161672915,101.7369856,-0.363816458,0.715995072,0.909252149
AL356124.1,296.0697209,-1.70687116,1.665268782,-4.012266979,6.01384E-05,0.000463753
NTHL1,151.1608187,0.150699581,30.31835636,0.123528021,0.901688986,1
AC111000.4,51.41433129,-0.22830866,1.807489514,10.92270313,8.97832E-28,3.16109E-26
ADGRE3,32.55262337,0.239583637,1.200918144,0.409568145,0.682122769,0.886015666
AL109811.2,31.76088471,0.383250887,1.135804824,1.396554606,0.162547549,0.405507165
AC105339.6,16.12346576,0.14249648,1.488629137,1.337915872,0.180923863,0.431915987
NDUFS6,2616.359609,4.794542898,2.566666419,5.906156068,3.50182E-09,4.69196E-08
RASSF1-AS1,22.05539665,0.76906101,3.090785808,2.142528884,0.032150947,0.122641433
LAPTM5,746.8255629,5.567564546,5.41752914,4.041236628,5.31701E-05,0.000414658
MAP6,45.45095329,-0.063225368,30.37155144,-0.047106886,0.962428039,1
ADRA1A,25.56925429,-0.238096905,3.448119784,0.265489188,0.790632638,0.956752767
LRRC7,69.18686313,-0.182994382,8.855413325,0.025381798,0.979750429,1
AC138409.3,28.67471102,-0.054906095,1.585918146,16.08151324,3.43876E-58,3.04346E-56
C15orf48,179.740709,1.538759332,3.364157471,3.204602484,0.001352491,0.008078937
SLC12A3,1998.788542,-1.743780973,3.078973136,-0.900860042,0.367662739,0.650081093
SLC16A2,93.95473186,-0.381554035,1.290565923,0.292579762,0.769843385,0.944011905
ARHGAP5-AS1,39.8271207,4.679161072,2.10243575,4.072207418,4.65697E-05,0.000367341
PIK3CG,53.60550558,0.308594434,6.680912872,0.568570459,0.569647677,0.809601747
KLF6,3329.088926,2.517466796,2.055394035,6.9154595,4.66349E-12,7.5232E-11
SPX,357.4190455,2.583849422,2.278833578,3.982090999,6.83116E-05,0.000522189
TNFAIP8,490.1560057,0.286503564,0.970812342,1.50209565,0.133072408,0.35620131
PATJ,2119.08116,-0.755134035,0.599356637,-3.345440936,0.000821519,0.005152919
MAP1A,32.03799739,0.422884595,1.428951083,2.878990457,0.003989504,0.020747572
KIR3DL2,13.25832155,0.372928847,4.626495923,1.087421193,0.276850709,0.554909369
AL023553.1,21.41826393,0.010410038,6.542281398,0.429193346,0.667782525,0.876714483
AL050309.1,675.2987314,-1.784035115,0.947479774,-5.44124831,5.29085E-08,6.31694E-07
IRF8,131.7957142,1.324295034,8.810563218,2.896578497,0.003772562,0.019757823
AC018761.2,23.13982151,0.227537422,2.190237864,1.508692269,0.131377442,0.352740937
DGKH,716.8971902,-1.272158169,1.741908379,-3.047563798,0.002307045,0.012857347
AC116407.2,19.10131626,0.728644097,2.315122653,2.842361452,0.004478069,0.0229299
AC005332.4,17.88958118,0.113416885,4.385012073,0.085017894,0.932247165,1
PRRT2,21.17147565,-0.152752909,4.742013002,-0.311726534,0.755248361,0.935467544
CSKMT,175.8886966,3.156917897,2.0956693,5.213314841,1.85496E-07,2.06508E-06
MTCP1,26.78680597,0.190946098,1.489544402,1.091327556,0.275128777,0.552438803
AL109615.3,16.43820006,0.357165775,1.75090929,1.315293863,0.18841116,0.443642289
CD24,3669.908778,5.091901493,904.0133316,5.662021809,1.496E-08,1.89893E-07
DNAH8,19.26914048,0.188912187,1.587745079,0.788210923,0.430573341,0.702194248
AC138305.1,890.7378836,-1.578229129,3.089806002,-1.562554879,0.118157328,0.329820948
MLIP,17.17866451,0.099386156,1.73192448,0.937483516,0.348509899,0.631612812
AC008014.1,981.3402625,-0.277254036,2.145720246,-3.306500348,0.000944692,0.005841953
ITGA10,36.62830853,-0.013734072,1.235929473,2.226740385,0.02596463,0.103418986
AC090518.1,23.82607481,-0.174710502,4.895635318,0.248818476,0.803501199,0.965038147
POMK,22.83266513,-0.049401437,1.401329015,0.306099023,0.759529252,0.938539605
PLCL2,690.6131837,0.545609864,0.198030539,5.394474037,6.87246E-08,8.10496E-07
AL442071.2,29.39971445,0.114126319,1.410460796,1.574563961,0.115357127,0.32435156
FAM89A,63.65946656,0.312082205,1.728082457,0.759840306,0.447350047,0.715631374
MBOAT1,185.3845942,-0.533295638,1.109727909,-1.365826563,0.171993407,0.41867787
THSD4,893.8580101,-0.541601184,0.379603453,-2.989943675,0.002790289,0.015182131
FAM86B1,24.88070403,0.243287561,1.69346445,1.197672545,0.231044522,0.499862413
RBM34,15.16451559,0.417022903,2.219433126,1.189835675,0.234110985,0.503785115
PSPN,20.45107373,0.415470316,1.640833971,2.258458028,0.023917119,0.097067077
TLR4,99.75256945,1.680324132,2.813211655,2.601226974,0.009289097,0.043437674
FAM81B,13.55975353,0.14175535,1.678433182,0.910383031,0.362620544,0.646359222
PDZRN3,449.9193603,0.132168913,1.327455239,-1.52794457,0.126526301,0.345094847
ZNF354C,43.22696645,0.161462052,1.233178016,0.007372763,0.99411744,1
SH2D6,19.34488062,0.17308571,2.155236581,0.568191148,0.569905182,0.809791925
AC013275.1,23.77723823,0.066803467,1.785066787,0.791255628,0.428794836,0.700878309
SDC1,701.1663643,2.637277084,2.097845432,4.809098361,1.51613E-06,1.5188E-05
AC092803.1,48.55558522,0.556756997,1.704348042,1.846786335,0.064778113,0.213010958
MX1,226.4515197,1.542514111,2.284675614,2.881432784,0.003958717,0.020607268
PELI1,608.675264,0.515526818,1.272596019,1.247718628,0.212134117,0.473425323
SNHG22,63.52891803,-0.034102539,1.031844547,-2.82806185,0.004683076,0.023916163
AP000640.2,12.85866039,0.102952663,1.439943807,1.325724855,0.184930852,0.438228427
NR1I3,61.36620007,-0.027726445,2.59492528,1.28302004,0.199485055,0.457871122
UBE2T,47.41925519,0.478609813,1.86722457,1.248351961,0.211902193,0.473387343
NDUFB2,5555.443176,5.210905101,1.019330275,17.2830243,6.31483E-67,6.55045E-65
ELAVL3,13.08989699,0.048095418,1.401352389,0.109168528,0.913068822,1
KIF14,13.91716879,-0.111172708,2.040258662,0.41098361,0.681084553,0.885382386
ATP1B3,1887.293365,2.040345755,68.3623222,5.237372763,1.62879E-07,1.84207E-06
KCNN1,15.51021842,0.662166281,0.703549067,0,1,1
TRPS1,1204.394807,0.798786364,1.225414673,2.276507804,0.022815634,0.093443678
IFIT1,230.5136365,2.35698544,2.286116813,3.005019645,0.002655637,0.014531441
MAN1B1-DT,45.18781812,0.583918303,1.486756475,5.332365681,9.69415E-08,1.11777E-06
C18orf54,14.41379303,0.236660583,1.690725351,0.993840939,0.320300312,0.601163648
NXPE3,78.18010443,1.354460679,1.337079202,8.390170686,4.85437E-17,1.07903E-15
CES3,55.63619204,-0.237108383,2.199281617,0.545872813,0.585153368,0.819299643
SLC13A4,19.79001526,0.033146977,1.863965017,-0.028170851,0.977525885,1
RBP7,412.1729343,4.081666978,3.263669505,2.78799299,0.005303569,0.02667546
AC020558.1,22.20808542,0.052284476,1.699655081,0.706967471,0.479586693,0.740607144
CENPF,20.63267793,0.243830399,1.365310137,1.871197994,0.061317643,0.205036845
G2E3-AS1,15.53870252,0.006938627,1.716537132,0.750313741,0.453065769,0.719771878
UST,349.6035843,-1.713932801,3.386139048,-19.59287867,1.77845E-85,2.81257E-83
AC005920.1,13.01060114,0.15852237,1.634835926,0.805200851,0.420703785,0.694359182
ASPHD2,25.94628353,0.49177792,1.596307405,0.321374622,0.747926512,0.931279113
AC012640.2,30.08331556,0.789888909,2.717898832,2.873355162,0.004061373,0.021061075
CFAP57,33.61291083,0.318591788,1.432444829,0.274864738,0.783420159,0.952049293
AMIGO2,45.87058063,0.164446693,7.518562044,0.124220298,0.901140851,1
SNHG26,20.24292207,0.060701084,1.450726027,1.560089088,0.11873883,0.330725885
AP003400.1,30.86238159,-0.502666146,10.8256523,1.519054998,0.128748653,0.348104892
AIF1L,1366.306667,2.449389305,2.523445836,2.289209878,0.022067161,0.090897481
AL360169.3,79.1282568,0.029172789,7.919715652,0.541010144,0.588500591,0.821601332
AL591368.1,82.41190727,-0.118249701,2.655239822,1.14251649,0.253239396,0.525715612
RFLNA,83.61223336,-0.179114381,0.950050195,-2.304090154,0.021217583,0.087961335
NCAM1,55.15197945,-0.059808487,16.72300973,0.001837268,0.998534073,1
F12,14.25014918,0.230437031,2.038726926,0.606817028,0.543972347,0.791883343
NCEH1,495.4445529,0.412648927,0.60088503,-0.355031552,0.722565954,0.913337756
CLEC2B,379.8573041,5.080142293,3.45183692,6.98766994,2.79489E-12,4.57764E-11
PFKFB3,626.3264365,2.08320707,3.948847978,0.296602419,0.766770064,0.94223048
ENO1-AS1,18.50733108,0.769050386,2.474723851,2.455925348,0.014052235,0.062209261
ZNF772,34.42515172,0.011740563,34.95069721,-0.026868818,0.978564364,1
GPR63,13.42381501,0.023941301,2.257363664,0.598483181,0.549517578,0.796216468
RNF26,78.13910628,0.199596681,26.1627602,0.205311992,0.837328375,0.984485903
AL139289.2,27.3118706,0.357628494,1.551923734,1.728816866,0.083841877,0.25898898
FOXRED2,43.67571261,0.215452919,1.079901912,3.088614383,0.002010923,0.011431568
ABI3,171.9880139,0.639283421,2.100959025,3.861884344,0.000112516,0.0008192
CDKN2A,23.18766295,0.407277844,1.984585692,0.293619992,0.769048297,0.943557222
MTFR2,13.04765009,0.211405282,1.972437793,0.851563364,0.394456481,0.672080832
GPR1,14.33722223,-0.028880171,2.104111731,1.007611937,0.313640796,0.594088506
AC098829.1,374.6407109,-2.685554593,2.779178372,-2.197154636,0.028009404,0.109848316
INSYN2B,31.41268741,0.251712055,1.064077147,3.160017302,0.001577598,0.009251723
AL022323.4,31.73383217,-0.147927908,11.63247171,0.055131884,0.956033395,1
B4GALT1-AS1,28.62440961,0.402593532,1.765998056,2.077535352,0.037752176,0.139538406
SGMS2,424.564194,-0.101979682,0.96971684,1.50286374,0.132874185,0.355868202
CD14,235.0201583,5.034959334,4.226860529,3.566826664,0.00036133,0.002400657
ARSB,277.2797674,-1.085123504,4.33711138,-1.153514179,0.248699401,0.52009606
AL157911.1,111.8386993,-0.100379745,28.2383961,-0.041524386,0.966877852,1
CROCC,410.4303913,0.504701097,1.72154158,1.310234386,0.190116557,0.445266915
PEX12,32.00002904,0.549734644,1.774604622,1.889902681,0.058770977,0.198447188
ART4,22.0229388,-0.12726193,3.329657251,0.439366183,0.660396226,0.871891851
AL391121.1,17.93104322,2.059969632,0.520852484,0,1,1
DOCK3,223.7938049,-0.077886752,46.78321367,-0.01797191,0.985661262,1
CAV2,281.1437869,2.259138345,1.28014334,5.913438177,3.35039E-09,4.4953E-08
CCDC85A,113.4312592,-0.225366632,1.439000896,-0.192792344,0.847121599,0.989702716
ARHGEF1,258.0441946,0.476869047,1.398595877,1.16039309,0.245888799,0.516907658
MAGEE1,16.99195864,0.334817732,1.854394853,1.392527598,0.16376269,0.406959988
TNFSF13B,157.8388221,-0.151475939,1.174433689,-0.203029811,0.839111732,0.986101946
SMAD6,169.9713753,-0.69033845,1.836444937,17.84735973,3.03028E-71,3.48013E-69
PDE8B,202.2677611,-0.703653092,1.712285937,-1.169486807,0.242207554,0.512744409
GIMAP5,162.178418,0.712337136,1.987890045,3.559126808,0.00037209,0.002458596
SDC2,621.232271,0.992148347,2.837254415,1.097662666,0.272351818,0.549086308
GSE1,552.8107624,-1.067119042,2.781649453,-1.071883981,0.283772146,0.562818646
ITGA6,1115.885658,-0.241174118,1.202192618,0.207023323,0.835991644,0.983753524
AC005083.1,132.4314518,4.316808091,2.602457505,4.530367208,5.88813E-06,5.45132E-05
GRPEL2-AS1,13.20486315,0.030569218,1.821653605,0.820950181,0.411674646,0.6872167
AC078881.1,137.109398,-0.088389757,38.22606854,0.031493603,0.974875894,1
AL035681.1,26.55652946,-0.089424591,2.273625187,0.477930839,0.632699431,0.851214128
C10orf90,16.34489328,-0.002638593,1.415356374,1.303472149,0.192413619,0.44855314
DOK4,143.1342567,0.085661477,19.68843351,0.05641722,0.955009439,1
NLRP12,18.57889017,0.139308565,1.783001423,1.239224396,0.215262408,0.477450688
TXNDC17,1967.471559,7.811271692,4.227501066,7.88726487,3.08881E-15,6.1061E-14
TIGD6,39.59532453,0.286334532,1.550112659,1.461441799,0.143894237,0.374911794
GRIA3,57.20310918,-0.148411658,1.909461269,-0.417427539,0.676365715,0.882774155
CRNDE,204.0815069,3.197700702,2.654516495,2.28070373,0.022565984,0.092583691
B3GNT8,27.78596759,0.723899577,2.294792302,2.818193108,0.004829475,0.024598706
MICB,24.11249644,0.248912808,1.824285992,1.57536139,0.115173051,0.324022871
GADL1,18.58105142,0.21009568,1.615120699,0.764884787,0.444340154,0.712722766
TENT5B,61.16834509,0.14526798,1.937964728,1.403878667,0.160354983,0.401419582
TMEM99,202.6176352,0.094410808,29.80012507,0.058158581,0.953622313,1
MPI,124.6988231,0.173407406,22.97454389,0.085199229,0.932103004,1
C1R,156.1950702,0.143466487,1.674535801,1.338056332,0.180878074,0.43191356
MMP7,901.0418336,2.960064707,2.025394326,2.980837344,0.002874614,0.015570693
EEF2K,154.2007818,-0.247928382,0.683693299,0.047277098,0.962292381,1
MCF2,16.79850445,-0.113429616,1.831745055,1.033191246,0.301514409,0.581958391
PLEK,172.3344561,0.771862032,2.537428139,3.169704162,0.001525942,0.008981552
AC127521.1,28.376879,0.119692143,1.261710255,0.964436559,0.334827101,0.6163093
CENPS,280.2150248,2.067147612,2.567574385,2.793468386,0.005214613,0.026282846
GOLGA6L9,27.66956016,0.184530362,1.375799018,0.197106784,0.843743975,0.98843449
BTLA,19.10764284,0.10798662,1.543004132,0.027974901,0.977682169,1
LINC01098,66.98979205,-0.102221022,1.882808106,0.363443704,0.716273459,0.909433934
XKR4,95.68394318,-2.447939248,4.037458485,0.127984927,0.898160901,1
PLPPR2,47.18491663,0.451222648,1.142287246,3.653250889,0.000258941,0.001777939
MTRNR2L11,20.7446855,0.429568196,13.39125335,0.549322796,0.582783946,0.818119431
AL078581.4,16.99678336,0.062078742,1.89147866,0.647652617,0.517209657,0.770245432
DUS2,114.1311672,-0.38080486,0.58178565,3.382102107,0.000719334,0.004565405
RNF149,964.0228004,0.449630124,0.762445518,2.867387623,0.004138758,0.021419847
FAM89B,128.1789962,4.798369551,2.805005601,-1.052918827,0.292378196,0.572588807
NBPF15,100.5921879,-0.280968824,1.047135753,-1.063656301,0.287484427,0.567381806
AC007285.1,23.21442085,-0.009771967,1.500964428,0.427489581,0.669022772,0.877506823
GLA,311.0251328,4.372203903,2.443673657,7.338924046,2.15318E-13,3.88983E-12
S100A6,18271.18297,6.917262799,1.939259354,7.347592359,2.01809E-13,3.65263E-12
AC011468.5,17.74635983,0.437517843,1.76700709,1.88468135,0.059472872,0.200116775
PUSL1,71.53773213,4.014290988,2.681375403,3.499507164,0.000466119,0.003034177
TLN2,783.1799972,-0.070968254,1.068773448,-2.916157217,0.003543719,0.01866062
AL138828.1,149.9988218,-0.46352219,1.409894124,-0.447299078,0.654659133,0.867632457
FSIP2,50.67833321,-0.085083498,1.502630386,18.49674959,2.19308E-76,2.78377E-74
IFFO2,110.0058062,-0.755485603,2.171519335,0.709234407,0.478179025,0.739979149
HBQ1,34.7658692,0.141960996,41.4209151,0,1,1
TPPP3,122.6711269,0.589515353,2.938357093,1.82192937,0.068465703,0.222162341
PARD6G,86.10377496,-1.063105882,3.421184575,0.40572186,0.684946978,0.887811808
CYB5A,10527.51268,3.806464423,1.240495019,8.355321122,6.52549E-17,1.43397E-15
EDNRA,51.08364937,0.162457547,1.759990532,-1.012534452,0.311282583,0.591363347
SLC5A11,83.5104421,-0.185434985,1.554691555,-0.919725654,0.357716143,0.641906181
AC012485.1,61.36246749,0.11051504,19.74660559,0.100071253,0.920287758,1
TUBB8,18.05456609,-0.067595903,1.764711999,0.333304904,0.738904138,0.924061216
ENTPD1,144.9969919,0.897308543,1.202984428,4.050038882,5.12091E-05,0.000400661
DIXDC1,330.4655531,-0.771245273,1.402496407,-0.722592051,0.469930554,0.733042095
EAF1-AS1,43.18278891,0.3279012,0.918418986,5.357884724,8.42019E-08,9.7985E-07
MGAT5,742.0568031,-1.035585453,1.211000334,-4.689294029,2.74149E-06,2.66068E-05
TSACC,34.06614167,0.346229164,1.710177717,2.321917119,0.020237399,0.084661833
SPDYE16,22.41710367,-0.21418737,1.749883183,0.98366514,0.325280185,0.606932159
MMP23B,18.35129534,0.180172502,1.576481021,1.516385535,0.129421894,0.349415633
GRID1,34.32368676,-0.140821947,2.070381069,1.37056275,0.170511302,0.416225336
AC046158.1,27.84973189,-0.555738334,1.976506465,0.807456067,0.419403776,0.693477695
MYOCD,32.7213101,-0.05142229,2.096817334,0.660837326,0.508716642,0.763946054
SASH1,1015.824397,-0.898283653,0.322888069,0.97779419,0.328176125,0.609334895
PLCL1,2704.845054,-1.633109031,1.157323727,-4.277174691,1.8928E-05,0.000159614
JDP2,201.8039568,0.463174587,1.306269072,1.469511618,0.141694073,0.371244629
MYO16,39.56527388,-0.099098276,1.757394965,0.076901943,0.938701552,1
SERPINB9P1,36.87065011,0.034127551,1.65660398,14.51619288,9.56786E-48,6.50008E-46
PLCXD3,127.258471,-0.103549037,14.31533545,-0.020922948,0.983307121,1
TNFRSF11B,356.2997556,2.978452625,1.894866447,1.880362971,0.060058626,0.201525416
LINC01476,22.10805118,-0.169428426,3.253683365,0.219990582,0.825878489,0.978490033
LINC01189,18.17226986,-0.030294093,1.553633446,0.742922304,0.457528721,0.72262272
AC105206.2,14.15260425,-0.055214857,2.210032622,1.026789856,0.304519427,0.584849475
HIST3H2A,74.44404489,6.359238616,3.577747584,-0.206579471,0.836338295,0.98380143
PELI3,22.86010077,0.399463386,1.651630006,2.212336113,0.02694345,0.106482367
RNF125,308.61884,1.539716054,3.400899849,2.976152456,0.002918897,0.015775127
DEC1,81.89717547,-0.117865429,2.755776182,-0.256841192,0.79730137,0.960125617
RASSF10,39.08706929,0.072872027,22.85697857,-0.004384891,0.996501374,1
ITGA5,158.9482703,0.076411425,41.77163699,-0.003531801,0.997182036,1
TRG-AS1,94.65903331,0.447121343,1.474040644,2.729323725,0.006346437,0.031252719
RTN4RL2,23.67285902,0.38704854,1.030542417,5.224144175,1.74962E-07,1.95808E-06
ADAMTS7,12.92051632,-0.798549572,1.154790744,0,1,1
SLC45A1,36.08483991,-0.002957244,0.984211262,1.557997562,0.119233826,0.331483781
ANKRD50,98.46185994,-0.268739724,1.049044263,0.01049661,0.991625071,1
IHH,14.36597846,0.287347391,1.644479545,1.128311343,0.259188455,0.532564648
FANCA,49.24413254,2.162537599,0.735906223,0.397035645,0.691341176,0.892419849
MED18,46.4608547,0.24828559,1.745996512,1.590914466,0.111628826,0.317254581
TGFBR3,665.6117646,-0.368884313,0.919620549,0.378555871,0.705017697,0.901312712
CLCNKB,1030.468232,0.34295052,1.928314564,9.75397642,1.77381E-22,5.06271E-21
PRKX-AS1,40.31528059,0.108809744,1.85165387,0.342082389,0.732288891,0.918982022
KCNH8,29.33732254,-0.114378882,2.809785777,0.296904896,0.766539118,0.94223048
SH3TC2,16.59551044,-0.08671875,1.99453872,0.607804269,0.543317298,0.791390906
CCDC65,151.9100132,-0.066913135,1.353028705,1.893845225,0.058245557,0.197363852
UBAP1L,63.69819706,-0.955342605,4.526882912,-1.391199651,0.164164893,0.407594483
NELL1,584.4019157,-1.265619112,6.748717493,-0.776113738,0.437681833,0.70808597
CFD,518.1783609,4.196832576,5.386160436,3.309218441,0.000935568,0.005795639
IFIH1,128.1052397,0.860228813,0.806546812,5.327149012,9.97663E-08,1.14713E-06
AC104066.4,12.95679237,0.234869685,1.303635413,1.454479481,0.145813418,0.37793177
AC007681.1,61.46212433,-0.391270238,1.307601707,-2.747866196,0.005998448,0.029739389
GLTPD2,324.8088425,0.492172695,3.443847134,1.469014909,0.141828746,0.371426722
CHPF,206.1874351,5.352837486,2.369833551,7.3052769,2.76696E-13,4.94313E-12
TONSL,38.67613548,0.331448827,1.446401058,1.597237559,0.110212763,0.314655972
FUNDC1,229.3303063,3.842508116,1.58294858,8.383169766,5.15211E-17,1.13996E-15
ENOX1,412.8100776,-2.111052072,1.69878704,-3.690587658,0.000223737,0.001550565
COL22A1,30.70390569,0.074442696,1.603779968,11.12409096,9.57772E-29,3.5537E-27
AL353803.2,14.44866093,0.19461013,1.769376383,0.908081073,0.36383539,0.646751429
KANK3,162.5981431,0.063581918,42.19455903,0.000697398,0.999443557,1
TRPM6,249.0923882,-0.209509387,2.146725966,-2.271641904,0.023108148,0.094180102
S100Z,38.65098978,0.096976935,5.929131817,0.22042114,0.825543183,0.978380231
SRRM2-AS1,21.09584529,0.153001924,1.672377294,1.012539262,0.311280284,0.591363347
CDPF1,40.78035712,0.446021746,1.599194829,1.930478792,0.05354754,0.184358716
OLFM3,24.05486217,-0.124565345,3.959245046,0.240143165,0.810219273,0.969389225
VASN,220.9974965,2.811061428,1.416093701,5.707559864,1.14607E-08,1.47416E-07
AC004816.2,24.9534464,0.499651634,4.138807234,0.860429647,0.389552249,0.668013256
SLC6A8,270.2259043,1.431226808,2.094936133,3.888752842,0.000100761,0.000739755
CCDC69,135.1321689,0.098607149,56.85112605,0.080542258,0.935805989,1
SSH1,305.4129671,-0.59613761,1.572871726,-0.580292452,0.561717417,0.803292069
ASPG,88.4120586,-0.007470177,2.822761556,0.477478956,0.633021102,0.851280906
NUF2,23.54589964,0.074331248,1.476149121,0.310052995,0.756520656,0.935900843
THSD1,33.7875005,-0.269698911,1.865710806,-0.161209839,0.871928132,1
MGAT4C,47.18849418,-0.045203537,2.148530021,0.035647761,0.971563224,1
AC012254.1,19.32754132,-0.239409863,1.972987407,0.109712195,0.912637629,1
NFATC3,494.0652988,-1.029703133,3.14328277,-0.810481918,0.417663254,0.692195427
AC008667.1,24.30820702,-0.228539957,1.056649024,0.489602674,0.624415084,0.847145543
COL3A1,140.7506968,0.396617833,1.800251603,-1.722654969,0.084950938,0.261628222
OTX2-AS1,18.6415626,-0.055657247,1.175662611,1.165791085,0.243698922,0.51420899
USP12-AS1,13.35309104,0.353503727,1.726714578,1.417173567,0.156432188,0.394536292
LINC00504,40.26890951,-0.096200287,1.406495875,0.324954987,0.74521514,0.929093112
MMRN1,17.62721804,0.040142651,2.240197274,0.984349464,0.324943717,0.606565796
CCDC167,230.1431832,4.735588863,3.872724933,4.266319213,1.98724E-05,0.000166559
AC016074.2,139.8325374,-0.532028151,2.071723423,1.102444947,0.27026828,0.546255625
AC104532.2,21.91703429,-0.039076929,3.741344562,0.234748935,0.814403604,0.971623989
CSF2RA,152.9168815,0.149299494,11.93144885,0.230240665,0.817904765,0.973513543
ZEB1,802.5651843,-0.223171909,0.583467875,0.281929842,0.777997307,0.948122792
GJB2,55.46881167,0.617587569,2.075806942,3.097955325,0.001948608,0.011142988
CCR6,58.64915834,-0.143921592,2.056545041,1.758221033,0.078709908,0.246771037
INSRR,30.564578,0.895686262,0.619842124,0,1,1
ABL2,451.5672567,-1.103609301,2.32553035,-11.4033901,4.02148E-30,1.55181E-28
COL13A1,16.61419122,-0.066061342,1.152348989,1.491053851,0.135947357,0.361091452
RPGR,202.3868521,-0.240194138,0.57779243,0.906330103,0.364761157,0.647297348
ZDBF2,116.7151154,1.088980154,3.431989098,-0.736660035,0.461329116,0.725418416
LINC01554,61.93413271,-0.107541285,2.098952067,1.213270591,0.225026383,0.491694115
AC015982.2,45.42085237,0.425641718,1.411779249,3.516650385,0.000437029,0.002860257
AC084125.2,17.20943695,-0.055639984,2.135043136,1.019458784,0.307985211,0.588334069
TRIM47,212.6799368,0.48587309,1.721381864,3.42750296,0.00060916,0.003904843
TPTE2,41.47737867,0.090218339,1.447376872,0.558859195,0.57625782,0.812742571
FLRT3,252.6045763,1.254776566,2.43253507,1.693227244,0.090412221,0.273225105
AP003486.1,22.04767827,0.151193047,1.405020599,0.710944168,0.477118834,0.739875486
MEIOC,25.00390895,1.571831552,0.688243403,0,1,1
OXCT1,513.6756637,0.597661474,1.214936195,0.865869963,0.386561477,0.664971213
ARHGAP29-AS1,25.58827327,0.034266427,1.659894685,0.546354648,0.584822179,0.81922999
AC015631.1,24.33815401,-0.097000776,1.583945509,0.479052596,0.631901212,0.851124334
FAT1,647.0509515,0.375766968,0.792459656,4.72619748,2.28763E-06,2.23821E-05
PDE3B,523.8319135,-0.004801592,0.961272804,0.707156298,0.479469353,0.740544485
MIR17HG,47.84960615,0.03353378,14.14819104,0.023039078,0.981619101,1
AC106845.1,18.24615539,0.066446845,1.908539845,0.686331481,0.492504101,0.750517706
AC126696.1,13.26194847,0.034180401,2.525378591,-0.041391427,0.966983847,1
TPRG1L,268.0728318,3.841199383,2.82395445,4.193834943,2.74278E-05,0.000224805
AL117332.1,14.0404687,0.688513083,2.881388564,1.71391264,0.086544771,0.264977766
AL359220.1,53.80390397,-0.119878022,0.405764777,6.433687976,1.24544E-10,1.85414E-09
NKG7,1068.503295,9.616490813,10.46177664,2.638969422,0.008315848,0.039499255
IDH1,676.4623952,0.77302705,3.290302281,-1.455778516,0.145453857,0.377405421
EHD2,82.94926821,0.319447888,1.529240596,2.221636385,0.026307889,0.104484234
SPATA21,41.78528548,0.055556685,18.54541654,0.056635388,0.954835644,1
CKM,12.96146503,0.119066496,1.926987346,-0.157336848,0.874979381,1
IGHM,339.717904,0.921500058,5.965999801,0.82680983,0.408344858,0.685074263
LSMEM2,13.3178762,0.117046111,1.677378358,0.810515086,0.417644198,0.692195427
INKA1,27.61519389,0.720325676,3.208372855,1.645715344,0.099822378,0.292790053
AC025154.2,29.81380884,0.200627611,1.963876946,0.492230033,0.622556736,0.845700831
NPC2,2942.126088,7.323610366,2.978921636,9.590772208,8.74282E-22,2.37583E-20
FCGR1B,13.52300101,0.460811995,2.221364089,1.394898277,0.163046517,0.406121804
LINC01510,183.4214935,-0.064223563,3.181437651,0.494684879,0.620822577,0.844602369
KLF7,486.0004044,-0.815955453,1.183639606,-1.296431537,0.194826853,0.451847308
LINC01362,34.38379882,-0.099032196,2.455451394,0.049129072,0.960816435,1
AC090197.1,15.94529833,0.138856726,1.500824973,1.327209472,0.1844394,0.437493703
ESRRG,5890.855654,-2.222216659,0.773267744,-3.791051748,0.000150011,0.001068328
SIPA1,176.8548455,4.166360805,2.63263369,6.095926981,1.08805E-09,1.52343E-08
LIX1-AS1,111.2068815,0.189551714,1.202183223,-0.721830333,0.470398798,0.73322624
AP003059.2,32.48532545,-0.0499391,1.473873708,0.092213397,0.926528494,1
GASK1B,95.31582565,0.274620222,1.237454626,0.9545554,0.339802581,0.621558039
AC007038.2,14.41858706,0.109636085,1.467154136,1.023906033,0.305879661,0.585834578
ADAMTS6,262.586482,0.092838751,1.039015062,-1.670088628,0.09490183,0.282968902
RGCC,887.8892299,4.367781909,2.286756646,15.58569959,9.1061E-55,7.26004E-53
RAB30,55.89260634,-0.226220008,1.203965058,-0.420527586,0.674100081,0.88126861
KDM8,22.0157816,0.056292683,1.387141829,0.966173593,0.333957324,0.615295322
FXYD6,197.70633,1.607839741,2.518711009,3.340639736,0.000835856,0.005232643
AP000704.1,32.49124178,0.546747487,1.812283086,2.865425083,0.004164498,0.021529964
AC004825.3,22.24382582,-0.060123169,1.164879393,1.214630067,0.224507216,0.490782033
HOXC6,43.43929521,-0.263383679,1.931351979,-1.137301725,0.255412174,0.528406871
HRCT1,57.6116418,0.516914208,1.86072375,2.418632366,0.015578976,0.067629249
C6orf223,16.84971519,0.339558251,1.697175021,1.320859541,0.186548202,0.44104503
PRDM6,28.38639675,-0.076396832,1.907360554,0.4795508,0.631546838,0.850819729
CMYA5,386.8202016,-0.694400564,1.605644755,-1.550490813,0.121023757,0.334627739
SLC16A12,1357.962076,-0.977331547,1.635432196,-0.648816195,0.516457188,0.770019575
TSPAN1,1462.363683,4.453675383,1.151181045,10.03243895,1.09771E-23,3.31963E-22
C1QTNF7,81.25246125,-0.708706633,1.880597474,-0.510995395,0.609354281,0.836365644
SCTR,123.1418245,0.446795148,1.576073808,0.120814045,0.903838325,1
COTL1,1843.777544,2.849306883,2.57709074,7.436654219,1.03267E-13,1.89756E-12
GNG4,29.19066062,-0.074862236,4.754190091,0.317805231,0.750632682,0.932521768
KLHL25,62.22287347,-0.188829857,1.297222389,1.06988467,0.284671224,0.563993757
AC018742.1,51.81949565,0.0094508,1.668057974,0.372924774,0.709204433,0.904029488
TNFRSF11A,13.37409374,0.127783641,1.484681486,1.035594575,0.300391324,0.580500187
AC099791.2,16.59325349,0.163614315,1.553814237,0.726315119,0.467645613,0.731344565
SORD,1040.059219,-0.068427713,1.204059844,2.996142879,0.002734183,0.014910493
IRX1,73.33264884,0.409715005,1.637783675,1.110334932,0.266854726,0.542310415
ESPL1,22.00936237,-0.130974887,2.147958135,1.076782397,0.281577491,0.56007795
C3AR1,89.1728888,1.655550482,2.494239353,3.112766742,0.001853424,0.010642848
MGLL,829.5695021,0.050812673,0.262144512,-2.719460142,0.006538858,0.032101964
SOX4,928.3373983,2.347672555,0.281475388,70.47059924,0,0
ZNF519,43.02836154,-0.007062608,1.441693389,0.060083644,0.952089017,1
TACC3,73.73840326,0.128537813,1.234372862,2.239448834,0.025126727,0.100956907
CYP4F11,25.14800704,0.252989083,1.904516259,1.373653267,0.169549352,0.415137715
ZNF70,18.82321392,-0.028556513,1.793892274,0.612676145,0.540090499,0.789084291
AC069185.1,18.09222267,0.141051303,1.429886199,1.264126724,0.206184546,0.467418137
AC090907.2,23.50141884,-0.719328304,3.01606316,0.394250267,0.693396277,0.893451286
TMEM52B,1873.728271,0.778342004,8.830117155,1.594552585,0.110812323,0.315620454
AC005736.1,14.43356708,0.000970389,1.623646131,1.045074583,0.2959885,0.576499306
RNF227,17.19574456,0.325809579,1.498980371,2.079215187,0.037597576,0.139139704
LRRC32,161.4514142,1.110073229,7.884397483,2.338726433,0.019349596,0.081442214
ZNF799,40.47958313,0.195484942,1.363299918,1.498307899,0.134053273,0.357578744
MIAT,21.8084791,0.162646037,3.186263663,0.694692097,0.487248282,0.746464059
HSPA8,5036.49041,6.397766335,16.74885186,1.561927631,0.118305038,0.329852227
AC023355.1,16.00624326,0.084792313,1.72831482,0.861158025,0.389151015,0.667521309
DLGAP1,470.4760492,-1.62621959,2.850281755,-1.983491156,0.047312594,0.167127277
COL16A1,45.16331272,0.144540824,1.519424469,0.38167731,0.702700732,0.899304054
AL645933.2,19.96157953,0.346333554,1.494882046,1.386062986,0.165727671,0.409870223
CCDC144NL-AS1,118.3469795,1.30173474,3.652724135,2.407408579,0.016066184,0.069315956
SNN,88.43978757,4.035880766,2.075681515,3.949579823,7.82885E-05,0.000590038
AC131571.1,51.81032383,-0.222094264,1.557522722,0.05436234,0.956646483,1
C9orf64,103.7185614,1.158352923,22.43807053,2.613068235,0.008973338,0.042186061
PDLIM1,588.8938309,1.383325099,5.541218147,1.979060984,0.047809141,0.168634289
FXYD5,653.1649394,5.546599658,1.765694629,11.38497944,4.968E-30,1.90184E-28
CHADL,34.48291321,0.300971011,1.503569718,1.754199616,0.079396309,0.24863155
AL683807.1,17.88274681,-0.013310033,2.073221474,0.87912208,0.379335087,0.660088957
ADGRE2,100.8816561,-0.378403435,1.901808081,2.103536452,0.035418902,0.132436493
AC120053.1,16.59742136,0.036203428,1.460713341,0.881701423,0.377938291,0.658830989
SLC8A1-AS1,159.8056414,-0.038508093,87.00173806,-0.045636979,0.963599595,1
SLC6A4,15.59128628,0.076117397,1.838166999,0.869195788,0.384740051,0.663539102
AL390066.1,26.31282724,-0.393516805,0.667132122,2.566268365,0.010279926,0.047359334
MT3,60.58123351,0.616516147,4.263461443,-0.17979098,0.857316665,0.993923629
GCA,324.6430748,1.951879027,1.574082285,5.767354492,8.05256E-09,1.04553E-07
RASAL3,85.42677509,0.418897311,1.399748059,2.713849784,0.006650632,0.032574251
AC092100.1,24.11688736,-0.121708875,3.223067889,0.684683399,0.493543727,0.751336016
MYO1G,97.17565731,0.484330101,2.221908812,-0.143455336,0.885930583,1
TBCE,26.44681915,-0.09167857,6.909872534,-0.152808894,0.878548984,1
MCOLN3,58.59327606,0.231678758,1.192867332,0.508317773,0.611230508,0.837333458
AC007114.2,22.43944246,-0.129091483,2.318706268,0.793277395,0.427616224,0.70012077
H1F0,524.0492568,6.562767192,4.650894304,7.330916814,2.28584E-13,4.11408E-12
CORO7,176.0171685,-0.20118977,1.288252288,1.671552689,0.094612561,0.282580349
TSPAN15,192.369308,1.945034538,1.429603613,1.24444978,0.213334072,0.475406281
CD81-AS1,33.70786741,-0.036022249,1.187521196,-0.484611664,0.627951838,0.848886889
FBXL7,601.6013424,-1.092938658,4.577521693,-1.597405013,0.110175456,0.314655972
LY9,71.08318636,0.367013384,2.196908722,-0.356877767,0.721183314,0.912307295
TPPP2,15.72898482,0.220791286,2.218232826,0.810995154,0.417368453,0.692195427
AC068051.1,144.7790485,-1.535375865,2.444966961,-3.333661452,0.000857109,0.005356971
EFCAB14-AS1,20.58725955,0.134453572,1.528163826,1.38911143,0.164798868,0.408452628
AL355304.1,23.92507348,0.698676244,1.28552969,5.126071534,2.9585E-07,3.19247E-06
MAOA,1219.747931,1.305873515,1.017578233,0.472249084,0.636749009,0.854007064
RAD51,14.70041342,-0.075089412,1.754044734,0.864110726,0.387527067,0.665919775
CASK,616.5752827,-0.429198298,2.664137017,0.0377115,0.969917707,1
NWD1,27.06062958,-0.219054983,2.104306407,0.599912447,0.548564587,0.79567021
AC021594.2,19.1120888,-0.34361128,8.420101281,0.087740809,0.930082684,1
AL589669.1,256.6971088,-2.732088675,8.359369718,-2.387159681,0.016979115,0.072701962
CDC42EP1,146.3184276,2.449222493,2.110630297,2.182334731,0.029084838,0.113183311
AC087762.1,161.3496472,-2.470566152,2.784812143,-0.023666405,0.981118704,1
PIK3IP1-AS1,70.13005554,-0.014331458,18.00949722,-0.042286138,0.966270596,1
OLFM4,36.42717596,0.048232078,2.857317697,0.178384442,0.858421067,0.994498382
SOWAHA,40.64775722,0.547345687,1.721822817,1.245190139,0.213061867,0.475019142
AP001831.1,76.19261619,-0.197224672,2.021987832,0.199648913,0.841755171,0.98716413
SCGB2B2,158.2262664,-0.160465791,1.194615558,-1.767891164,0.0770791,0.24252514
INO80B,123.484058,0.057418457,42.56539233,0.049523366,0.960502217,1
AFDN-DT,41.26343589,0.611386525,1.64123852,1.129016366,0.25889093,0.532496319
MYCN,13.84420771,0.080784796,2.201803759,0.938107713,0.348189058,0.63116601
AL162493.1,22.30020494,-0.016595313,2.03082179,0.771486619,0.440418551,0.710210648
XKR6,482.5603423,-1.429577182,6.100082234,-1.042859179,0.297013518,0.577562872
WAKMAR2,92.09450267,1.328533454,11.6296526,7.667695806,1.75114E-14,3.34519E-13
AL732509.1,42.66065838,-1.415975658,0.857438951,0,1,1
DNALI1,132.8354111,0.694927007,2.707414354,1.642999872,0.10038296,0.294076651
HSPA2,548.364661,6.832712344,2.435945942,7.485743822,7.1143E-14,1.30977E-12
IPO9-AS1,76.49362235,-0.158698428,1.795279201,0.036804419,0.970640951,1
TMIGD1,16.42766551,0.045779455,4.728242517,0.303987726,0.761137242,0.939321538
AL031587.2,15.64697577,-0.081064596,1.718606758,0.663650464,0.506914051,0.762901692
AL355472.2,14.14822234,-0.171303714,2.309196703,0.611631403,0.540781656,0.78972459
RASA3,192.4634474,0.015092633,65.3797486,-0.023332432,0.981385102,1
FOXN2,251.248247,0.224973924,2.032764544,-1.48766667,0.136838822,0.362858304
CAMK2N1,1571.749881,3.001202845,1.360458586,6.666208044,2.62497E-11,4.0517E-10
AC087521.3,35.27256323,-0.213472398,1.219264451,1.884968608,0.059434076,0.200056013
PAG1,336.8506115,0.625021039,1.971075606,-1.130253309,0.258369503,0.53180866
TRPC4,41.39092011,-0.504581056,1.431529769,1.665517578,0.09580954,0.284742646
DAPL1,37.2421068,-0.015620306,1.858481555,1.061530883,0.288448706,0.568354711
SLC25A34,34.02514614,0.038061288,1.518705217,1.311234695,0.189778484,0.444907177
AC113386.1,35.39339465,-1.028494118,6.287469472,0.271571535,0.785951489,0.953442177
FAM241B,64.745324,2.869106108,1.511946582,6.98518165,2.84488E-12,4.65161E-11
GINS2,19.84776176,0.295913042,4.720338894,0.349601543,0.726637753,0.915724938
LINC01344,23.27873773,-0.116484646,2.197473396,0.795383841,0.426390257,0.698961225
AC007619.1,20.53039084,-0.012701608,2.186383155,0.799393346,0.424062368,0.6970237
FAM153B,31.16300554,-0.021462653,5.484761266,1.556913619,0.119490996,0.331981132
PDZK1IP1,9336.34463,4.804263896,6.332073955,8.188806565,2.63829E-16,5.63088E-15
COX6C,6245.645084,5.570270181,1.153652304,18.5930179,3.65993E-77,4.9038E-75
WT1,102.8099091,-0.39145113,7.334763242,0.313291092,0.754059517,0.934829335
LINC01358,33.93276527,0.103415289,1.527735106,0.970253502,0.331920148,0.61339668
NDUFA4L2,299.631521,5.759913686,5.082109293,1.006489736,0.314180047,0.594876331
PDIA5,195.7712938,-0.313074156,1.429725794,-1.110547173,0.266763312,0.542238869
ENKUR,15.48022292,0.128484019,1.623033271,0.886665986,0.375258756,0.657009296
ICAM2,359.6127302,4.499182533,3.421387404,1.56394805,0.117829769,0.329177784
NIT2,1109.575754,2.047710244,0.76072037,10.15756406,3.06642E-24,9.39103E-23
AL357079.1,29.50393274,0.320377471,0.868542198,0.194520935,0.845768005,0.98956792
PLXNA1,41.80036698,0.09235896,1.136780964,0.884681255,0.376328569,0.657666218
ARHGEF16,96.42932491,1.246003947,0.956358405,0,1,1
MICAL2,156.1855685,-1.130592042,3.216582373,-5.281124728,1.28393E-07,1.46235E-06
IGHG4,196.5346383,0.233727329,36.97090376,-0.190364714,0.849023346,0.989702716
GNLY,1178.317112,8.076189822,6.623885171,5.666901577,1.45403E-08,1.85053E-07
SUSD2,135.4510571,-0.03768995,2.147845442,1.720611237,0.085321393,0.262319773
AL157944.1,16.69393542,-0.001520075,2.45314564,0.851003908,0.394767182,0.672372706
CLIP3,28.70079184,0.005434937,6.551079931,0.049429814,0.960576769,1
LACC1,50.32721578,0.616025355,1.454836056,3.138793604,0.001696449,0.009868287
RABGAP1L,2084.13679,-0.989895151,1.373289082,-10.81923913,2.79085E-27,9.51353E-26
CDO1,21.46184019,0.440018066,1.795048942,1.633912661,0.102277191,0.298076015
DUBR,56.91833146,0.142645185,1.443783815,-0.101228003,0.919369467,1
WDFY4,58.11124696,-0.075717113,2.234085263,0.794128623,0.427120556,0.699801631
ITGB1-DT,35.20108994,0.09153419,1.80600953,0.345326738,0.729848747,0.917468777
EPPK1,46.00462453,0.731196712,1.646772916,2.597206361,0.009398544,0.043843208
HERC5,107.9915497,0.659685421,1.181211829,3.791162139,0.000149944,0.001068328
VLDLR-AS1,104.1930234,-0.162970749,1.766945894,12.88149627,5.72154E-38,3.01616E-36
AC083880.1,20.88786954,0.572453548,1.741453218,1.895383522,0.05804161,0.197018794
BASP1-AS1,17.4300968,-0.066633569,4.349251478,0.617176619,0.537118236,0.786810797
CACNA2D1,487.8461491,-1.521875179,1.572299151,-2.524879479,0.011573797,0.052542317
HBA2,122058.0222,7.158910678,28.7013644,0.565750526,0.571563383,0.810329453
MT1A,144.4284003,6.735650539,8.669136227,2.257768081,0.023960122,0.097159857
KIF23,54.34259386,-0.06427517,37.00627724,-0.145003687,0.884707961,1
AC100810.1,465.3598296,4.51982334,2.31632266,1.321725993,0.18625941,0.440511039
PSMC3IP,23.54610536,0.121465748,1.906710745,1.057557001,0.290257455,0.570044405
TNFRSF14-AS1,54.13089404,2.268765259,7.661880739,5.433722411,5.51904E-08,6.57311E-07
HEMGN,22.76452718,0.165128552,3.012469918,0.833640387,0.40448366,0.681581461
ELFN1,33.54142981,0.150680045,1.520882988,1.098652751,0.271919559,0.548532495
IDNK,497.8675549,0.120035944,11.63163997,0.259578314,0.795189066,0.959018492
FCGR2A,202.9441463,0.292316368,1.30231433,4.04226474,5.29374E-05,0.000413512
HSF4,40.66832646,-0.050508887,12.30816043,-0.144903591,0.884786991,1
CCDC88A,294.0488768,-0.204825221,0.483774352,0.893716428,0.371473633,0.653030462
ZSCAN1,37.81282659,0.200203854,1.31323795,1.847102933,0.064732224,0.212984911
LINC02197,24.29109491,0.016464456,1.194018728,0.704298871,0.481246669,0.741982838
LINC02008,13.07947564,-0.018157696,2.136783568,0.89643955,0.370018052,0.651856126
AC027288.3,278.3512828,-2.178304269,3.189033839,-0.046506802,0.962906312,1
GLRX,3112.053299,3.154025568,1.544427649,8.622756865,6.53611E-18,1.50487E-16
CYP4F26P,13.21730656,-0.280814144,2.211880949,0.852467738,0.393954538,0.671931351
SLC15A1,54.46319878,0.184006239,1.531308201,15.6209242,5.244E-55,4.21574E-53
KIAA0895,117.2294906,0.062704706,0.389777806,-0.022536032,0.98202037,1
AC068234.2,38.8672442,0.231265524,1.48300204,0.523168666,0.600856885,0.830233336
GPR18,19.84337928,0.120359904,2.616899165,0.913520959,0.360968616,0.64519045
ZBTB20-AS1,24.58248879,0.0471005,1.621135428,0.359380877,0.719310178,0.911012904
CSF3R,72.35725215,0.048602205,2.403763673,1.443109187,0.148989716,0.383383245
NECTIN4,55.97787943,0.176544654,1.675151115,9.501025471,2.07833E-21,5.61616E-20
AC013470.2,16.39976847,-0.116103739,1.584083462,0.73925914,0.459749656,0.724469088
LINC01159,214.2847984,2.882702934,1.911094551,2.273251746,0.023011014,0.093964874
SLC25A10,313.8345119,0.07337865,1.704755551,1.90236948,0.057122868,0.194558768
TAFA2,180.8528042,-0.041702004,1.250765896,-1.018924721,0.308238707,0.588338247
SYT14,31.12179924,-0.233959448,2.554851708,0.145783884,0.884091999,1
AL513318.2,36.35070819,0.060435969,1.217046012,0.592969377,0.553201647,0.798557888
EDN2,47.02593363,0.206440316,2.119991189,1.422128718,0.154988887,0.392455291
SLC6A18,36.29515192,-0.098637945,16.55675148,0.083115944,0.933759348,1
AC015912.3,68.09881985,0.595935065,2.107887829,-0.517496946,0.6048093,0.832558722
SH2B3,196.8671951,-0.004779332,1.305167549,0.904889769,0.365523788,0.647723729
DPAGT1,96.40657138,0.09749592,38.90744356,0.037850151,0.969807158,1
AC087276.2,18.29343478,0.081806087,1.189145193,0.938512934,0.347980873,0.631009678
AC004982.2,97.96043113,0.47485113,1.112440335,1.204738111,0.228304419,0.496159659
PPP1R12A-AS1,35.87741024,0.054026403,1.318647405,1.655627349,0.097797308,0.288693584
ABHD1,14.02809994,0.139673498,2.366785825,1.115696802,0.26455194,0.539577928
AKNA,241.703564,0.873387091,3.181225009,2.280706176,0.022565839,0.092583691
SPATA17,151.1368239,-0.331483657,0.970811936,-1.854129011,0.063720705,0.21066266
SCART1,47.30669433,-0.281020573,1.313895815,-0.78317716,0.433523085,0.705617885
CYP24A1,95.86903035,-0.270444939,2.644356644,0.883969429,0.376712716,0.657717588
SLC66A1L,35.63090893,1.155262505,18.02122557,2.502107547,0.012345642,0.055623476
TEDC1,28.88638392,0.206387824,1.942706697,1.324657985,0.185284614,0.438635749
LINC00654,15.75003112,0.272690525,1.504679666,1.025684025,0.305040547,0.585384157
ADCK5,58.20462528,0.397622523,1.357602331,1.600689395,0.109445731,0.313021929
NOX4,1029.724313,-1.495043267,14.32126372,-1.48631165,0.137196707,0.363309533
SSH2,1588.201884,-0.61258525,0.845803068,-0.489454315,0.62452009,0.847145543
IGFBP5,5414.537521,2.816112369,1.258599375,5.471858026,4.45342E-08,5.33029E-07
SLC22A5,409.4100209,-0.091819903,0.643526445,1.436991753,0.150720337,0.385880863
AC025449.2,53.72298657,0.568536139,1.358613849,4.728519077,2.26163E-06,2.21502E-05
HBG1,5106.949032,0.309359622,21.12132703,4.016122582,5.91635E-05,0.000457699
GEM,287.1241954,1.045709935,2.23491215,4.621769503,3.80481E-06,3.61269E-05
DIO2,48.53056032,-0.227657777,1.979766425,-0.461064649,0.644752223,0.85999295
AP000829.1,27.0920221,-0.128509214,2.027705457,0.949684274,0.342272703,0.625123961
PGR-AS1,14.24810987,-0.41134671,5.64348773,0.34648024,0.728981832,0.917029933
KAZN,2548.306344,-2.325712088,0.723318143,-4.849600327,1.2371E-06,1.24446E-05
FOXO1,1260.85635,-0.647069048,0.561391903,-0.536391092,0.591688287,0.824102111
SEMA3B-AS1,74.65933624,4.806193247,3.113665876,2.341498585,0.019206499,0.080945869
DOCK4,1238.735659,-0.733078052,1.064793665,-1.033080368,0.30156629,0.581958391
CPEB1,26.52380137,-0.983888867,2.13860388,1.463586552,0.143306949,0.373815833
KCNMB2-AS1,95.27027644,-0.173654531,1.724218471,-0.844694094,0.398281658,0.674903066
PTMS,1993.293544,5.598779151,2.395303491,7.25978943,3.87693E-13,6.83744E-12
CCM2L,52.56557299,0.613651162,1.576967045,0.253220129,0.800098112,0.962652344
KRT19,2152.099481,2.455879494,1.530413997,3.69391324,0.000220829,0.001532618
AC004540.2,120.902478,2.679875926,2.680225058,1.633489404,0.102366107,0.298076015
AC123768.3,66.45202562,-0.060518301,28.82272005,-0.090989034,0.927501304,1
BNIPL,40.2049758,-0.070633258,6.594699711,0.420173713,0.674358557,0.881389649
DTNA,220.342655,-0.065557696,39.8816811,-0.077919352,0.937892206,1
EMC1-AS1,170.997223,0.015642024,1.304525915,0.473560519,0.635813335,0.853442499
PKN2-AS1,67.34040354,0.086287253,1.333505285,-1.211896355,0.225552057,0.492446873
COL4A2,1030.033087,-1.108867279,3.846551729,-1.710399314,0.087192058,0.266437054
EPCAM,2454.420663,4.942670341,1.877950462,7.161469745,7.98166E-13,1.37498E-11
MAMDC4,27.48256264,0.044609709,2.10000435,0.312765284,0.754458992,0.934922315
MYRIP,211.8057714,-1.346969132,4.462864763,-1.867005503,0.061900819,0.206274128
AL020995.1,53.20419717,-0.051362896,8.335931082,0.082954562,0.933887669,1
PNP,734.1883718,3.652619779,1.947198584,6.533733247,6.41502E-11,9.74577E-10
CYP2J2,24.84991689,0.285999425,1.780928188,1.273081891,0.202988984,0.462628502
AC106818.2,49.56512573,-0.112724924,3.186006007,11.06765527,1.8005E-28,6.5054E-27
RB1-DT,14.84836068,-0.178326662,0.381944941,0,1,1
FAM131C,52.8131201,0.540821015,1.210477412,4.198515717,2.6867E-05,0.000220584
LYN,538.6727982,0.870926777,0.888178349,3.921925448,8.78442E-05,0.000654388
EDNRB,169.9053423,1.108329832,7.344729262,0.823913841,0.409988516,0.686277712
GALNT18,790.1054099,0.150003493,1.02468838,-2.20124577,0.02771863,0.10888366
ENTPD8,23.71932617,0.306237089,1.628638198,0.71890124,0.472201773,0.735086413
KHDC1,43.35754133,0.09507479,1.10578771,0.439684622,0.660165542,0.871891851
PRELID2,215.3887265,-0.0753413,37.18981735,-0.086490946,0.931076153,1
CENPP,223.9578909,-1.368126696,3.052198184,-2.621437742,0.008755975,0.041325291
SGIP1,566.9624385,-0.861514562,1.572483146,-4.546772139,5.44749E-06,5.08239E-05
UBASH3B,261.366362,0.548434812,1.18674275,0.492794067,0.622158103,0.845465449
AC024560.1,24.67068702,0.119357534,1.917141793,12.97853513,1.61948E-38,8.63158E-37
P3H2,1233.580097,0.678424431,0.697049681,-2.727401004,0.006383541,0.031403375
CCND2,173.9282546,2.08270437,1.207769859,4.962346146,6.96467E-07,7.16292E-06
HNRNPA1L2,27.34533984,0.165506754,1.545069665,1.683489684,0.092280335,0.277618155
PECAM1,696.5142285,1.191449739,9.186620361,2.319492388,0.020368353,0.085098963
ANKRD30BL,35.06627572,-0.308963035,1.75572052,0.163985888,0.869742253,0.999388082
TYRP1,60.03714215,0.29513673,2.2083776,3.702812812,0.000213222,0.001485166
BHMT,3020.378785,0.129548778,217.6775254,1.940362756,0.05233562,0.181205631
LINC00653,17.83157049,0.219103752,1.707361614,1.089613708,0.275883342,0.55343036
UNC80,20.2669675,-0.198785317,1.915791663,0.77219465,0.43999915,0.710023606
CNBD1,20.33012614,-0.243737589,3.623466856,0.907536212,0.364123309,0.646905628
ASS1,3878.081211,2.172576078,4.746017664,4.103570004,4.06823E-05,0.000324617
AC073343.2,64.25220296,-0.346428055,1.519825109,0.488310504,0.625329922,0.847580201
ZNF324,45.91842155,-0.056127074,1.650011487,1.081378358,0.279528845,0.557497367
FLT4,70.51770508,0.292277157,1.647360383,1.213820221,0.224816383,0.491346544
ALDH8A1,475.2807267,0.278306954,1.521284875,1.041804759,0.297502207,0.578396572
AC092171.3,24.87070866,0.259515969,1.706076029,1.716389835,0.086090716,0.263915252
ROBO4,139.3113521,1.019004233,4.519811389,1.778525117,0.075317651,0.238800106
ITGA2,715.8607093,0.313379395,1.781046624,-1.029637349,0.303180276,0.583439083
AC034243.1,18.85136468,0.372341342,1.920625032,1.023899958,0.30588253,0.585834578
NUDT6,175.0877265,0.046825559,33.20679349,0.026131952,0.979152092,1
NPHS2,213.5504202,-0.502032877,9.850969579,-0.018283524,0.985412671,1
GYPC,721.8242036,3.430151252,3.776031107,4.473676592,7.6886E-06,6.92412E-05
ZNF99,27.23183172,0.115231594,0.730640077,2.487086122,0.012879422,0.057704373
TCEAL7,34.34791068,0.292264912,15.93314687,0.263849554,0.791895849,0.957560699
PSCA,1861.76252,0.276440597,2.542126245,0.577612963,0.563525453,0.80490205
KCNQ1OT1,932.0023658,-1.860338743,1.067262548,-6.257743884,3.90587E-10,5.61548E-09
TMEM246,55.63873709,0.412011405,1.54207644,1.669718005,0.09497517,0.283047717
ITGA8,269.5405673,-0.575512868,5.903298002,0.537312342,0.591051881,0.823613679
DOK2,168.1552603,4.59335655,4.903310232,-0.271609364,0.785922399,0.953442177
KCNC1,17.97226996,-0.100096412,2.861608905,0.485430936,0.627370692,0.848389049
AC087280.2,51.49650981,0.229763673,1.490936978,15.71965311,1.10929E-55,9.14646E-54
NLRC3,46.18017021,0.013349062,7.873891388,0.15306417,0.878347671,1
C8orf37-AS1,133.8690373,-0.200744317,1.377913904,-1.633505333,0.10236276,0.298076015
DSCC1,16.2180565,0.217216102,1.349042881,1.515845293,0.129558476,0.349425941
MALL,78.89433034,0.361753781,1.84550895,-0.159329306,0.873409433,1
ZBTB20,6959.530669,-1.313281381,2.063816123,-0.556777268,0.577679617,0.813643456
MSS51,16.42327771,-0.05972854,1.510184376,0.567792442,0.570175913,0.809791925
LINC01572,201.402432,-0.050066633,1.509948234,-1.778324166,0.07535063,0.238800106
GPAT3,1069.1408,0.014972974,0.477669193,1.78231878,0.074697262,0.237588027
AL161430.1,20.0181569,-0.284049861,1.812792437,0.578036441,0.563239517,0.804854335
ZBTB46,283.8037773,-0.919460349,2.778744999,-0.681470976,0.495573526,0.752815702
LILRB1,60.10523427,0.226024524,2.651033124,1.648377941,0.09927514,0.291628281
AC097534.2,47.58125324,0.541399215,1.771274582,2.801538379,0.005085959,0.025796134
VWA5A,96.2982306,1.068437221,9.629762441,3.284023119,0.001023365,0.006288156
SIK2,1254.129735,-0.51352794,0.431946273,0.34528757,0.729878191,0.917468777
C1orf21,309.5400785,0.075242797,1.092235234,0.40441173,0.685909976,0.88842287
TIMD4,57.95018153,-0.117644275,8.807788725,0.156887349,0.87533363,1
AC026304.1,59.44647968,0.495128662,2.146644714,2.269719741,0.023224593,0.094614716
NDUFC1,3658.14664,5.943716134,2.104523963,11.74073206,7.88014E-32,3.3052E-30
NUPR2,287.1050541,4.950342333,3.176197368,4.020164084,5.81576E-05,0.000450278
RMDN2-AS1,30.61501574,0.012248838,1.800130526,0.795514654,0.42631419,0.698961225
PYROXD2,57.73531977,0.657988186,1.462462469,0.94276666,0.345800269,0.628953276
TECPR1,111.2565866,-0.217352767,0.193758874,0,1,1
AL355001.2,57.61848748,0.551141196,1.850717649,1.742985597,0.081336131,0.25286808
TTN,57.26148472,-0.221701857,2.983351175,-0.031126543,0.975168621,1
SLC25A21,89.6562511,-0.152194628,19.52963599,0.033287035,0.973445693,1
AC022558.2,48.99895063,-0.124549453,1.632815566,0.072157263,0.942476755,1
MAP3K8,509.5356764,1.593017258,0.716718732,8.62439591,6.44319E-18,1.48702E-16
AC097460.1,25.51031506,-0.037533544,1.607930199,0.38402935,0.700956694,0.898144406
AC007686.4,19.68868888,0.016511054,2.356909133,0.85258577,0.393889057,0.671931351
MIR181A1HG,173.3664422,0.109758313,1.345790375,0.847641355,0.396637736,0.673418556
ESAM,346.7302141,3.46822941,1.938260956,5.335587933,9.52355E-08,1.1016E-06
AC096570.1,18.08249352,-0.210902849,3.186234307,0.878785883,0.379517382,0.660152215
KLHL11,27.44313547,-0.078588197,1.501964805,1.300989924,0.193261904,0.449825009
CDK3,32.76662102,0.056021957,1.107884847,0.541848834,0.587922647,0.821549869
PHGDH,499.7403267,2.700907141,2.396862828,5.127672031,2.93347E-07,3.169E-06
GATD3A,131.6640719,0.595889307,1.764449323,2.280593822,0.022572493,0.092583691
LRRC75A,111.3625401,0.413404205,1.561698101,2.918266509,0.003519834,0.018555102
FAM13C,124.4289265,-0.159887536,1.444582023,0.535622615,0.592219396,0.824422301
RCN3,42.82806861,-0.424292062,1.483825595,1.423304061,0.15464803,0.392292808
AC025171.1,114.0346014,0.23013654,0.5888313,0.254209275,0.799333886,0.962295402
MAPK3,196.256795,3.158500948,1.998495862,4.429906246,9.42741E-06,8.41315E-05
GRID2,98.62398003,-0.400947698,1.89392739,0.465346002,0.641683697,0.857385405
CPTP,142.9766407,0.525641781,1.776792425,-0.286295492,0.774651811,0.946771054
AC087190.1,40.92912873,0.322079902,1.521684916,1.954024685,0.050698298,0.175803911
AC009554.1,54.78541772,0.344460825,1.683268752,0.976507907,0.328812832,0.609917978
AL136441.1,30.18086218,-0.123095385,1.61150506,0.274866426,0.783418862,0.952049293
SLC26A1,41.18281638,0.04608155,1.651753493,1.204067364,0.228563543,0.496426767
NDRG4,23.8125796,0.016720483,1.377367996,1.731435135,0.083374185,0.258040025
DIPK1A,242.5440592,-0.218758012,1.029805543,0.36331902,0.716366587,0.909433934
AC024941.2,30.23170075,0.208768374,1.324445639,1.028006543,0.30394675,0.584214843
CTSD,3973.716329,4.646222369,1.474438957,9.710655966,2.71584E-22,7.57216E-21
DUSP19,35.22837169,0.64250719,1.830515247,1.474170512,0.140435687,0.369300566
COX5B,7576.285404,7.433143926,2.26595537,11.85559465,2.0129E-32,8.63043E-31
CDH11,75.46482712,-0.461931363,3.127974909,-0.65980033,0.509381971,0.764231396
APLN,24.05166543,0.340476247,2.062063794,0.985497473,0.324379772,0.605864794
AC011603.2,105.2661748,-1.032920963,4.269497757,-1.219354303,0.222709746,0.488180168
CES4A,35.76069911,-0.055719623,6.895644756,0.109962127,0.912439411,1
TFEC,321.1887011,0.01990001,57.91554648,-0.042135352,0.966390798,1
AC090617.10,20.20844016,0.364554956,1.810758992,1.51971611,0.128582341,0.347850208
PLA2G4C,120.4900689,-0.700928139,2.974854386,-0.194456649,0.845818337,0.98956792
AC007009.1,89.97312761,0.728362463,2.534642164,-0.869148313,0.384766014,0.663539102
LAMB3,76.52289436,0.316094646,1.632567576,1.257708303,0.208497268,0.469617826
ATP5MPL,4621.062073,5.89126567,2.796066321,10.56501796,4.32886E-26,1.44002E-24
MIR210HG,38.00558862,0.41260769,1.281201533,-2.488020356,0.012845638,0.057584512
ENC1,74.9958418,0.441002019,1.340697408,0.907595355,0.364092049,0.646905628
TUBB4B,1798.876745,5.060708208,2.796297549,7.962305897,1.68862E-15,3.4223E-14
AC103810.2,19.96970881,0.776487243,1.363140511,2.648378654,0.008087888,0.038625671
UQCRB,8838.883048,8.610527019,4.032238704,10.45662182,1.36641E-25,4.43829E-24
AL162258.2,25.07600149,0.107795232,1.957424325,0.50129229,0.616165431,0.840936619
AC108863.2,20.28955694,0.268170619,1.601856696,1.555420074,0.119846056,0.332610732
PRR5L,95.64818332,-0.148847254,0.894327264,-0.889227356,0.373880903,0.655429598
CXCL8,525.5171111,0.876934727,5.426927779,1.358015914,0.174458634,0.423077538
LINC01060,259.2467405,-2.513036169,4.226801481,-1.772771477,0.076266582,0.240876527
ZC3H12B,108.4832274,0.144246232,0.844489787,-2.023378399,0.04303415,0.155254465
AC004448.2,99.47540427,0.488197602,1.846016099,2.469392944,0.013534251,0.06033499
CD247,455.850802,0.54576607,2.205140724,3.143348423,0.001670269,0.009736003
SYBU,85.05117464,0.545977583,1.459896183,-2.92061284,0.003493437,0.018456289
THSD7B,131.6007402,-0.917073628,3.285184657,-0.958937827,0.337590067,0.61970071
UBR1,739.0498633,-0.299163242,0.91653485,-0.260484225,0.794490282,0.958656969
MEIS3,13.06598422,0.018799883,1.993187226,0.472221622,0.636768608,0.854007064
ZC3H12A,144.5875767,1.709034251,3.379670914,2.943486877,0.003245376,0.017374107
LINC02652,41.504198,0.0994133,1.175143764,14.67318197,9.57476E-49,6.69331E-47
GPX3,52969.80926,5.3676369,5.249408121,11.09169738,1.37651E-28,5.04911E-27
UNC5D,280.1060943,-0.486296222,1.313961911,-1.229677399,0.218817934,0.482941342
ITPKB-AS1,36.06927709,0.057681511,2.509392594,1.106713066,0.268418004,0.544340653
NQO2,1901.578155,1.732481585,1.765907534,5.347288742,8.92815E-08,1.03646E-06
GPR27,33.62735124,0.280229453,12.80817639,0.300233884,0.763998761,0.93997827
ADPRHL1,22.67049204,0.153345187,1.648887166,0.833275405,0.404689424,0.681754524
LINC01609,12.96262927,0.170441529,2.948457456,0.781948571,0.434244799,0.705958809
SLC34A3,247.8898009,-0.029104721,4.076191213,0.912295115,0.361613385,0.64556135
ZBTB16,1887.941046,-0.441862909,1.10387785,0.648172768,0.516873213,0.770245432
AC002070.1,212.8369024,-0.094372579,15.92305165,-0.092703769,0.926138902,1
CDA,291.6498569,2.30103628,2.73531286,3.426504948,0.000611403,0.003913869
TAF4B,184.5788803,-0.771744851,1.14591591,1.293526734,0.195828944,0.452887982
RHOV,49.0351799,0.395495398,2.140897949,1.097017507,0.272633739,0.549425043
LINC01023,90.11801905,0.514173859,1.715819818,2.021915693,0.043185062,0.155740671
EPAS1,1635.435718,1.105799479,2.977873249,5.011064921,5.41296E-07,5.65139E-06
CD44,832.2379429,0.197416726,1318.547491,3.309517291,0.00093457,0.005794213
LURAP1,104.3722542,-0.051986247,29.49170572,-0.087075539,0.930611469,1
ACER2,314.2950029,-0.130971916,1.358933856,0.362839483,0.716724796,0.909494719
PPM1D,291.1319488,-0.843146376,1.23976579,-0.413748872,0.679058031,0.884186184
PGPEP1,390.2747806,4.56006E-05,0.530013073,0.143682458,0.885751224,1
APBB1IP,394.8483888,-1.044757544,5.734385821,1.582350542,0.113569569,0.32119778
ENTPD1-AS1,570.5330293,-1.091262092,2.23611319,-1.376256655,0.168742187,0.413934921
PPM1E,159.6925089,-0.077734661,48.85523265,0.003955101,0.996844294,1
MIR924HG,50.75980799,-0.170812724,1.610686783,0.311423113,0.755478985,0.935549926
FASN,66.59305563,0.066785728,23.76573616,-0.018077209,0.98557726,1
TEK,335.9390933,0.271168912,0.942299031,-1.328984274,0.183853158,0.436425053
AC114316.1,29.27611101,0.038978868,1.910552204,0.217354715,0.82793192,0.979766834
ZNF703,55.31226803,0.619553451,2.071613652,-1.243331043,0.213745869,0.475994091
AL137779.1,13.27535139,-0.051182721,1.858625248,1.125175271,0.26051477,0.534265728
NLGN2,27.36592319,0.453412966,0.589448053,5.535220348,3.10837E-08,3.7814E-07
RRM2,50.76097552,-0.39603638,1.482583558,0.519647447,0.603309322,0.832040747
MTSS1,1122.583131,-0.992136023,1.931136958,-1.848055896,0.064594257,0.212821311
OCA2,31.69125871,-0.14319556,1.808267654,0.391518652,0.695413904,0.894607006
ATCAY,13.44976952,-0.482264179,3.092075625,0.230630233,0.817602079,0.973393466
SLC9A3R1,1103.835755,0.36086432,14.08989094,0.723853003,0.469155985,0.732383718
GRIA4,31.65119408,-0.228152106,3.200264433,0.417702882,0.676164365,0.882713969
HINT1,7269.261961,6.381110479,2.337774523,9.352341406,8.57285E-21,2.2783E-19
MEST,158.4405085,0.458820723,1.613771612,1.876820075,0.060542758,0.202656484
CABP1,99.92353521,-0.116571027,2.118955097,1.240497795,0.214791329,0.477109714
JARID2,787.0980357,-0.641953446,0.852302218,0.791648871,0.428565443,0.700740818
FUT2,17.32279007,0.230064281,1.597714155,0.613975231,0.539231695,0.788176994
C9orf92,27.98316564,-0.195269187,2.124513968,0.992767654,0.320823197,0.601507101
RAB26,118.9219466,0.194513431,2.627278684,1.578235879,0.11451143,0.322443599
EPB42,15.79205803,0.048967042,55.0949757,0,1,1
TGFBI,130.07682,0.290439294,1.658405595,2.589161515,0.009620996,0.04470797
C11orf68,105.8619964,3.311750964,2.501605251,3.175291521,0.00149686,0.008831934
FCN3,409.8039592,0.181541554,2.997748549,0.94995607,0.342134575,0.62499001
SLC9C2,22.82938544,0.028076458,1.57748785,0.767894954,0.442549595,0.711545991
LIMS2,228.9345078,0.074813758,1.232793536,1.254139845,0.20979118,0.47143152
LMCD1-AS1,325.5941018,-1.244952712,5.941571233,-2.314291364,0.020651745,0.086090841
AC007384.1,246.9043614,1.021584258,2.552501278,3.166881104,0.001540833,0.009058145
GLIS2-AS1,50.3478687,0.209147485,1.358698046,2.29648764,0.021648015,0.089400001
NRM,32.19662255,3.035230106,2.663594169,0.596542197,0.550813073,0.796595137
SLPI,978.7122108,9.696810997,3.119958726,3.895500033,9.79963E-05,0.000723314
TTC13,124.1472005,-0.025622738,0.721524509,-1.42116929,0.15526755,0.392744921
XIST,1208.316977,3.194925116,2.649131543,1.971597693,0.048655551,0.170905829
CD8A,118.4496402,0.462709082,1.947521289,2.281255134,0.022533354,0.092541194
LGALS3BP,764.6828094,6.02046751,2.681032706,9.421499847,4.4469E-21,1.18506E-19
LINC01517,82.97122915,-0.222612572,1.382705466,1.271584475,0.203520796,0.463276337
AC020911.2,56.84438257,0.063151654,6.207184953,0.741772231,0.458225348,0.722776313
SRGAP2C,224.7829863,-0.075095267,1.120835375,0.516065127,0.605808923,0.833224791
CDH3,80.39517143,0.245742482,1.174795142,0.43121356,0.666313095,0.876341948
SLC9A9,304.5330538,-0.011144888,0.162181075,-29.55571662,5.5452E-192,2.1398E-189
OGN,18.12395307,-0.081172064,2.101132281,0.914516061,0.360445743,0.644805976
ARG2,1179.784324,4.281743886,1.271178901,12.0751438,1.42914E-33,6.35342E-32
RAB27B,49.35915133,0.764230693,2.246247445,1.975533159,0.048207675,0.169667802
GOLT1A,101.7294147,0.345285599,1.508199015,1.501449711,0.133239284,0.356490542
PRSS8,310.1227181,3.048478497,1.279555212,7.90144904,2.7568E-15,5.48347E-14
AC007262.2,92.31374982,-0.047494268,1.383558664,-1.183565428,0.236585133,0.506345044
AC006148.1,15.30683,-0.382297403,4.056192244,0.897732483,0.369328187,0.651456247
AC024558.2,83.04652751,0.093065242,1.180835458,0.687858745,0.491541738,0.750179578
OTULINL,130.6817673,2.203793572,2.119278349,-2.699495738,0.006944465,0.033834974
BEND3,20.75670713,0.189793213,1.31473456,0.496553888,0.619503678,0.843759986
KNOP1,191.3474814,0.12877311,0.298398211,0.024551659,0.980412578,1
CXCL12,472.0474622,1.107066,6.969740034,2.415319301,0.015721421,0.068102626
GSTZ1,260.5781179,0.681251513,2.138090381,3.066929063,0.002162702,0.012151185
GALM,1003.128118,-0.206861197,1.777806382,1.901604733,0.057222849,0.194719161
CLIC4,1606.794451,0.26497301,1.04689451,1.70193997,0.088766622,0.270120145
PCDH17,132.3563652,0.111887927,2.207033763,0.697837675,0.485278715,0.745221866
AL136114.1,28.22468231,-0.189749026,2.2437811,0.35089203,0.725669351,0.915461256
GALNT9,62.01644675,0.418947846,1.214002518,1.215507367,0.224172641,0.490272833
GPR34,65.61499632,0.201779731,6.204725973,-0.105593077,0.915905218,1
HPGD,858.2894297,0.030290935,1.637017009,3.047018713,0.002311233,0.012873249
ITGA3,394.3052505,-0.253252662,0.337484288,-2.3832396,0.017161021,0.073318143
AP002075.1,16.83160232,-0.176834105,48.42998727,-0.361276389,0.717892842,0.910293408
PRR15,113.0728077,4.783898854,2.325458797,0.930120049,0.352308931,0.635700172
ADGRG3,21.68081532,1.219699199,1.935888671,0,1,1
ECT2L,18.29969704,-0.030527906,1.834628314,0.690291046,0.490011177,0.748675614
AC098828.2,19.26296115,-0.275487432,2.572713563,0.857748899,0.391031132,0.669187067
ZNF366,65.49215568,0.16918705,1.545858513,-1.280560908,0.200347938,0.459414443
PCBP4,71.50588214,0.660008076,1.363385554,3.957993936,7.55819E-05,0.000572322
AC003984.1,93.23194967,-0.156263394,11.10303607,0.156269034,0.875820964,1
TLDC2,30.66613758,-0.02419585,1.556953905,1.328668761,0.183957276,0.436564782
TSC22D3,2185.728892,1.271948988,547.7977885,8.839731852,9.59486E-19,2.33153E-17
MYOZ3,16.35188005,0.099726124,2.059647129,0.427525629,0.668996522,0.877506823
AC099788.1,16.35696375,-0.354840981,3.443175592,-0.102192777,0.918603661,1
IGKV3-11,15.26120885,0.118273622,24.60189475,0.565894302,0.571465635,0.810329453
LINC02360,21.2646133,0.07650944,1.723087042,0.357784357,0.720504698,0.911927161
GPR65,133.235514,0.804253584,2.943818417,-0.342917846,0.731660265,0.918694075
LINC02193,34.47442355,-0.8317251,1.884658233,0.704810182,0.480928371,0.741847777
AL353135.2,41.50789203,-0.183009501,2.010633743,0.351097758,0.72551501,0.915441894
FAM110B,390.6147448,-0.257925182,1.244883371,-1.208072428,0.227019404,0.494257773
SLC16A13,36.41186579,0.146296365,0.903843913,22.07793646,5.1507E-108,1.1293E-105
KIAA1841,94.61112318,-0.046252467,1.207023007,0.044155269,0.964780637,1
SPHK1,29.1727322,-0.029196045,2.459192568,1.009862896,0.312560981,0.592508506
HBM,196.4113789,0.251768199,32.44920806,0.472292552,0.636717986,0.854007064
TOGARAM2,21.15804196,-0.060703827,1.90526578,0.977387585,0.328377307,0.609437453
SUGCT,660.7573254,-1.90027444,2.523882685,-3.890616909,9.99897E-05,0.000735208
MYL12B,5264.143752,6.241526845,1.696824114,11.53606204,8.68091E-31,3.41815E-29
TNFRSF12A,835.2564984,3.825299729,3.22916731,4.56159682,5.07661E-06,4.7733E-05
LILRA2,30.27546682,0.452333762,4.095841109,1.445977697,0.148183458,0.38186741
ABCB6,73.13141697,0.121627189,1.33881359,0.99456485,0.31994795,0.600727496
FXYD1,102.2864683,0.493033709,1.943131672,3.356895553,0.000788229,0.004957004
SESN2,182.741884,-0.350097809,3.037770875,-1.847353924,0.064695862,0.2129379
PPP1R1B,29.2400443,0.006023147,2.658186498,0.572878977,0.56672664,0.807326033
LMNB1-DT,19.61620588,0.048683729,1.165107052,0.039192937,0.968736564,1
GSG1L,17.64956508,-0.049115566,1.905453865,0.728403658,0.466366524,0.730837859
GCNT7,18.25446359,-0.066100393,1.197986434,1.114156692,0.265211971,0.540452025
THBD,140.4114869,3.214609153,2.673495859,4.297489821,1.72743E-05,0.000146437
ADGRL3,217.1912515,-1.603830987,3.061977055,-0.05569491,0.955584855,1
MAP3K6,80.32267732,0.508768069,1.913336025,1.542206548,0.123023409,0.338894012
GABRR2,19.8833349,-0.199323516,1.042613873,6.516763428,7.18406E-11,1.0897E-09
SKAP1,1108.602558,-0.365379325,0.236534552,-0.669727807,0.503031322,0.759427725
FSHR,17.57137187,-0.216484964,2.290745635,0.95174599,0.341225819,0.623684251
RGS12,283.6216019,-0.080714451,45.48080209,-0.05240574,0.958205401,1
VSTM4,92.74599419,0.11630285,2.725964324,-0.242504455,0.808389306,0.968521067
BLM,28.3363056,0.009588268,1.671365933,1.062070306,0.288203769,0.568131094
CLDN10-AS1,205.6571769,-0.261333149,2.041481262,-3.24834846,0.00116077,0.007025063
AL080276.2,28.4073252,-0.066957237,0.999479222,0.246519573,0.805280055,0.965875505
DUOX1,66.42712067,-0.625025145,1.691922029,0.969747853,0.332172192,0.61339668
WWTR1-AS1,12.9179032,0.34865605,1.613799703,1.435850944,0.15104476,0.386301378
THPO,13.17754882,-0.269140461,0.933049656,0,1,1
DLGAP2,77.11454805,0.326361158,1.452456763,0.164416386,0.869403365,0.999388082
AC010168.2,31.66436663,0.212544509,1.358115338,0.69982661,0.484035595,0.744357848
AC090809.1,20.03154772,-0.091622333,2.039327277,1.30467956,0.192001984,0.447966565
NDUFA3,3227.129523,7.542651376,4.216047151,7.075514798,1.48895E-12,2.50679E-11
AC073475.1,159.1446818,-0.238090124,1.613924428,-2.206890036,0.027321743,0.107756685
EDARADD,103.8302541,-0.116925937,1.501887705,0.658882084,0.509971491,0.764996886
FOSL1,156.4950763,0.484572381,1.775510968,-0.388165864,0.697893293,0.895917912
C1QTNF4,21.56836438,0.250065991,1.869030134,1.068035276,0.285504599,0.564976999
RBM11,30.02336424,0.19528714,1.249216576,1.204020373,0.228581704,0.496426767
PAPLN,195.9061516,-1.904327209,2.449516678,-1.569364057,0.116563134,0.326695106
MCAM,144.9823499,0.131784339,1.599632012,2.202603156,0.027622731,0.108678375
GNA14,397.6989833,-0.027104021,59.95394125,-0.01152572,0.990804009,1
KIAA1217,1915.69786,-1.640245067,1.278019087,-1.203182784,0.228905596,0.496682924
NPIPB11,29.23404974,-0.023513526,1.430985744,-0.489431793,0.624536032,0.847145543
MHENCR,123.2332382,0.966749751,2.880550294,1.720235824,0.085389584,0.262340815
AC007405.3,75.11673515,1.605932985,3.395838558,-1.249693036,0.211411702,0.472760475
CACHD1,276.4949476,-1.512798957,5.951798969,-1.423075182,0.154714362,0.3923579
CD69,1023.147347,7.472265221,4.84624835,5.803252687,6.50407E-09,8.51353E-08
AMZ1,48.3654435,-0.057354532,8.696034616,0.092239463,0.926507785,1
PPP1R16A,1008.25963,1.021779014,4.552210995,2.87672597,0.004018244,0.020885775
SMIM31,13.48982336,0.08566778,2.198477618,0.305609126,0.759902271,0.938760047
MASP1,27.63056177,-0.261083272,1.58216287,0.825517665,0.409077758,0.685729475
PRAP1,2567.369511,6.792675852,82.60424965,1.534035907,0.12502082,0.342537872
CD40,134.5322538,2.69619045,1.018866859,0.657347061,0.510957783,0.765769749
AC022217.2,27.73689695,0.526285811,3.10613434,0.080726931,0.935659119,1
EGR3,63.43371701,0.403049892,2.014462958,1.556808491,0.119515961,0.331981132
C20orf96,103.5105259,0.429711265,1.3304923,1.226357383,0.220064216,0.48469963
PURG,13.14970484,-0.017803646,1.718475738,0.823888985,0.41000264,0.686277712
TIAM1,222.1980996,0.018896405,42.8715102,0.027077482,0.978397935,1
AL645728.1,15.00035821,0.320507141,1.492212101,0.164243384,0.869539549,0.999388082
KLF4,553.4741604,4.126897446,3.465113153,5.868931741,4.38612E-09,5.84432E-08
DHRS3,777.9717518,0.214023199,0.564623405,1.531208804,0.125717796,0.343998653
CTNND2,68.74576754,-0.064701022,1.69647125,0.617363066,0.536995278,0.786810797
OR2G6,16.64496581,-0.147037282,151.3868417,-0.187504567,0.851265043,0.990968248
RBBP9,103.6241421,0.111924573,34.69742059,0.077263082,0.93841426,1
AC009501.3,19.64982126,0.062401966,1.53001744,0.606343537,0.544286654,0.792085285
CTU1,72.63331938,0.424438792,1.562688245,2.042379061,0.041113945,0.149197833
IER3,1594.742,3.070502043,1.230026718,4.972586359,6.60655E-07,6.83102E-06
ANPEP,1141.054417,-1.904150357,45.31535425,1.077804648,0.281120945,0.559801607
AC020661.3,30.12264644,-0.168648619,1.317494156,1.964665834,0.049452927,0.172727149
EFNA4,38.45808536,0.538168613,1.246139168,5.291530591,1.21297E-07,1.38316E-06
ASPN,23.17683497,0.052695566,3.727728807,-0.271609825,0.785922044,0.953442177
SYNC,108.2432105,0.62243729,1.606806788,1.602667721,0.109008034,0.312047626
IRAK3,320.5167543,-0.43240738,1.846048868,1.836821168,0.0662363,0.216898026
LIPT2,45.58330227,0.432326109,1.932901412,1.412133034,0.157910794,0.397330575
PCOLCE,77.42546876,0.182438866,1.361534712,-0.802534083,0.422244081,0.695711127
KLHL14,106.4515257,1.178491829,17.92696117,-0.544749843,0.585925579,0.819785335
PIK3C2B,131.4051868,-0.029792677,1.175292375,-0.226806422,0.82057427,0.975054037
EPCAM-DT,112.4286219,-0.166149871,0.887851325,-1.417768201,0.156258451,0.394304283
PYHIN1,192.4846008,2.05237667,0.622678971,0,1,1
AC007368.1,15.50382001,-0.207834651,2.225161337,0.738244066,0.46036615,0.724673579
TMEM169,34.06279985,0.478212625,1.501441689,0.065993058,0.947383353,1
NDUFB7,3260.720463,6.23422552,2.758717823,7.893074853,2.94831E-15,5.84031E-14
POLR1E,59.51837346,0.46435632,1.174430262,3.977000764,6.97899E-05,0.000532645
MLPH,43.58841713,0.413851487,1.417338146,1.256837621,0.20881244,0.470108194
CXCL13,21.64928677,-0.150668455,3.933558863,2.414257568,0.015767312,0.068270762
SOX18,146.2709363,2.97949105,3.026195436,3.24652424,0.001168235,0.007059692
SLIT2,1120.943468,-1.321825477,14.52969965,-1.51363835,0.130117589,0.350333346
ARHGAP29,1463.809766,1.292476225,1.565104623,-1.4500251,0.14705152,0.379932788
AC002454.1,13.46255667,0.086184118,2.032518375,0.787213598,0.431156839,0.702592092
CD38,62.26786391,0.290163682,1.339784701,2.25592115,0.02407557,0.097505047
AC096564.1,107.2839391,0.012503604,1.983444744,1.211417681,0.225735366,0.49257387
AC008875.3,62.39341023,0.291315526,7.466519888,0.698082343,0.4851257,0.745156768
MSRA,1996.879153,-1.496636922,17.96642526,0.481167097,0.630397743,0.85028906
PREX2,211.3712573,-0.118771027,1.653806127,0.916528207,0.35938992,0.643957973
MICOS10,35.65182911,0.220523821,1.569876668,14.12319663,2.73307E-45,1.76953E-43
KDM2B-DT,25.03791473,-0.241527589,0.959795557,1.93527114,0.052957032,0.183044245
RNF182,16.57405124,0.032688504,1.788609436,0.852084054,0.394167442,0.671944392
CPLX1,38.48072013,0.069845543,8.802781433,0.157513723,0.874839993,1
UPP2,349.3057903,-0.049021438,51.33232019,-0.05801187,0.953739173,1
GMNN,338.7052989,2.19134161,0.934832956,8.177001378,2.90995E-16,6.18332E-15
FCGR2B,57.29577654,0.42980738,1.836539843,1.845286908,0.064995814,0.213560837
AC008764.8,16.75055298,0.090446272,2.09779417,0.591689509,0.554058523,0.798715267
PLPP7,31.12599171,-0.0475674,2.140832621,0.212681853,0.831575122,0.981310964
ZNF367,68.56536842,-0.271311094,1.925800982,0.986132855,0.324067923,0.605516803
TTC36,267.8132026,0.531763121,2.793899186,1.543629799,0.122678042,0.338232372
SMYD5,54.3423231,0.034145846,1.317703686,1.694643252,0.090143117,0.272605219
MRC1,172.6391201,-0.003036229,2.862566787,-0.555545369,0.578521687,0.814268853
VEGFD,17.01181767,-0.054268582,1.2826873,0.944261497,0.345036036,0.628381582
SERP2,86.4815159,0.697315594,1.528412059,1.363482087,0.172730626,0.419836823
CD1C,33.89594214,0.539739924,4.403555213,0.025957631,0.979291133,1
HCAR3,16.29271374,0.379010095,3.830732652,0.618984123,0.535926818,0.786085755
LNX1-AS1,44.11408739,0.03610385,1.546601307,0.549939133,0.582361122,0.817763864
ATP6V0D2,958.0745841,-0.985210411,0.701913275,6.038512643,1.55541E-09,2.14665E-08
CXCL17,80.98356426,-0.052532013,5.145618211,-0.096907794,0.922799619,1
TULP2,151.6833526,-0.655893946,1.954024926,3.260280728,0.00111302,0.0067786
MCUB,192.0333456,-0.258519329,1.153054944,2.13199073,0.033007609,0.125363937
LMOD3,13.84008771,0.225831554,2.283717133,1.239581488,0.215130231,0.477423819
SIPA1L2,208.5818144,0.473190115,0.901471856,-0.335702699,0.73709507,0.922706966
FAM162B,31.24490353,0.197488985,2.141300153,0.590349162,0.554956586,0.798956463
CD276,62.87259639,0.346292921,1.095863476,2.148537527,0.031671079,0.121194326
IGKV1-17,13.21730528,0.103694449,132.0911866,0.319461749,0.749376393,0.932366387
FRMD3,624.4382293,-1.522460512,1.312734111,-8.722790415,2.71428E-18,6.37097E-17
NEURL1B,69.44109376,0.300108352,1.195795797,0.291751073,0.770476956,0.944011905
TMLHE-AS1,55.57376284,-0.114599449,1.212270768,0.017864377,0.985747047,1
NINJ2,45.64680786,-0.023734538,1.931414111,1.368350281,0.171202459,0.417405558
TMEM100,23.49420028,0.428974409,2.004375435,1.378247063,0.168127021,0.412912773
FNDC3B,2151.752211,-1.075334028,1.634558309,-4.643625892,3.42347E-06,3.27641E-05
CCDC85B,516.9760108,5.471343909,1.788362126,12.1837447,3.79451E-34,1.74313E-32
EPB41L4A,791.3362598,-0.199170433,0.305428245,-6.746406469,1.51552E-11,2.36573E-10
RARG,78.2364166,-0.00714285,22.99218359,-0.04487856,0.964204106,1
AC110611.2,22.48326101,0.065435143,3.842970985,0.109012203,0.913192812,1
DHRS4L2,1682.54142,2.858191575,24.52529899,7.63157185,2.31909E-14,4.39533E-13
AC090150.1,43.94413949,-0.403115757,3.965462308,1.18142255,0.237434904,0.50710148
GAS1,50.79375946,0.156365967,19.42897322,0.113634453,0.909527574,1
CLEC7A,155.7545223,0.662798008,2.177836204,2.997839847,0.002719005,0.01483611
AC020651.2,48.79467919,0.106546319,3.771025282,1.33087766,0.183229269,0.435479862
MMP26,13.05358723,-0.130929486,2.780035818,0.915414264,0.359974193,0.644639138
ADARB1,196.3919659,-0.961501542,1.679465576,-1.00721927,0.313829415,0.594329086
C17orf58,91.45508677,4.781901351,2.058933317,7.001774213,2.52741E-12,4.18215E-11
ETS1,615.5257783,0.442950641,1.298370432,1.987501388,0.046866862,0.165978201
AC093334.1,13.9691467,-0.071464866,1.562772962,0.353735945,0.723536782,0.914085822
AC021851.2,32.01458068,-0.218068957,1.195414036,-0.557774381,0.576998459,0.813192715
PPM1K-DT,17.57239663,0.088441753,1.465274551,1.303366652,0.192449616,0.44855314
CGREF1,17.58353845,-0.301283204,2.483514477,0.882733275,0.377380399,0.658359301
BSPRY,137.4857672,0.197544608,1.76882329,1.104502641,0.269375159,0.545549899
ARHGAP27,119.3680735,-0.112464104,0.909046748,0.390866705,0.695895766,0.894809907
ST3GAL1,625.9875394,-1.884332815,1895.297441,1.888531048,0.058954694,0.198858717
TMSB15A,18.76301207,0.649502434,2.586382703,-0.200807131,0.840849387,0.986755258
LINC01478,16.54608214,-0.065472139,1.753907303,0.752559187,0.451714851,0.719022706
FP565260.6,25.05925275,0.213617881,1.660764158,1.422688928,0.154826352,0.392455291
AC108134.2,23.90591269,0.37182232,1.960720414,1.688067609,0.091398251,0.275709485
MGAT1,483.4928535,1.881344413,4.168398558,1.736174953,0.082532905,0.255793577
MFHAS1,673.7392236,-1.035568168,3.110931134,-1.099626744,0.271494784,0.548367055
HOXC4,82.95592255,0.070614328,1.186085706,-0.323016589,0.746682679,0.930171462
IPO4,65.39548658,0.545387546,1.785941854,-0.51984601,0.603170908,0.831968794
RHOG,323.9424647,4.546912877,2.0165999,8.793583276,1.44864E-18,3.50252E-17
SHC1,20.31089352,-0.022924278,2.102887741,1.180351266,0.237860536,0.507439317
SLC25A25-AS1,80.09369661,-0.351592453,1.294247097,0.562279979,0.573925277,0.81150881
AS3MT,109.6820706,-0.588318744,2.161999893,2.100722678,0.035665317,0.133254577
CCDC200,589.0731099,0.05669614,6.976271218,0.248455957,0.803781643,0.965038147
MYH13,17.24569607,0.055774817,3.271221341,0.752417258,0.451800171,0.719022706
DCK,120.4583724,0.153910285,26.90796513,0.136126717,0.891721107,1
SLC4A8,77.4555906,-0.089421201,1.031514864,-0.862374287,0.388481585,0.667180284
KLHL23,197.5126474,-1.071200816,1.368640387,4.08811965,4.34884E-05,0.000345371
AMDHD2,193.2888067,0.034435151,45.46566213,-0.020222571,0.983865822,1
CYP46A1,52.68502119,-0.275596002,1.842556736,-0.080148627,0.936119049,1
ALG1L9P,86.89253108,-0.342246661,1.289485123,-3.303190803,0.000955913,0.005892457
HRC,18.01490229,0.349806887,1.553423994,-0.546910807,0.584440011,0.81922999
MC1R,33.07057873,0.229040085,1.40575629,-0.070727144,0.943614917,1
AL133410.1,49.81591751,0.107195193,1.077609284,-1.667615052,0.095392168,0.283939601
SMIM41,37.78571203,0.224288812,1.866036423,1.043089903,0.296906657,0.577557907
KIT,184.3300291,0.11300817,0.844659662,0.09069677,0.927733537,1
LINC02499,63.15061697,-0.535810213,9.951140664,0.062621336,0.950068039,1
ICOS,124.6369007,0.803941528,3.967992565,1.902846798,0.057060539,0.194558768
FSTL5,30.53064886,-0.229391375,2.16015395,0.801484381,0.422851283,0.696116231
HCG27,24.66048239,0.535057282,0.810484224,0.944599513,0.344863376,0.628381582
ZG16B,13.82810843,0.602337991,3.382178042,1.670969262,0.094727749,0.282659634
DPH6-DT,414.2724617,-0.868308282,3.014472544,16.45641672,7.5436E-61,7.06535E-59
LAX1,45.76186328,0.353998492,1.971208337,1.793658731,0.072867656,0.233075026
C15orf39,46.6550541,0.108562569,25.65670344,0.142662553,0.886556693,1
MCM8,59.79127896,0.761001382,0.749720015,0.502130575,0.615575674,0.840836245
TMEM139,235.624761,3.152135011,2.196931425,2.9407255,0.003274446,0.017471558
AL391839.1,38.75036489,-0.013447976,1.562464772,1.266942865,0.20517572,0.46561519
CLDN5,466.9684579,2.319134609,3.048374784,3.702262188,0.000213686,0.00148732
EPB41L4A-DT,14.36428165,0.598659558,2.156961261,2.040614513,0.041289158,0.149574357
ZFP69,15.22569999,-0.019975027,47.80246176,-0.067685644,0.946035878,1
AL049828.1,509.2834864,-0.491410482,2.519693612,-4.127339356,3.66985E-05,0.000296012
ZMIZ1-AS1,29.38110433,-0.132345696,1.524100966,0.327786087,0.743073408,0.927351768
DNAH17,59.63161289,0.145125039,1.377698603,1.024655667,0.305525688,0.585589483
AC006299.1,50.6371675,-0.087360011,10.01628354,0.027612331,0.977971347,1
AL161785.1,33.39323582,0.116157168,0.681954694,4.540374523,5.61544E-06,5.20886E-05
GPIHBP1,66.38801384,0.632402759,2.252767094,0.426827143,0.669505235,0.877781598
MPC1,2600.451984,1.942895768,0.73703706,6.996276217,2.62855E-12,4.32064E-11
APOC2,210.9261638,0.258563969,3.785858794,0.235142485,0.814098145,0.971379691
AC027307.2,18.27794979,0.262068098,1.890967843,1.34648508,0.178146129,0.427931726
KITLG,457.0301547,0.589988117,1.934801265,-0.592089992,0.553790328,0.798715267
SLC22A10,18.71691314,-0.109234857,85.01467362,-0.080669647,0.935704677,1
AC018445.5,18.79120632,-0.0048114,8.602124052,0.221025,0.825072967,0.978380025
COLEC12,47.12588921,-0.178301805,2.068068153,0.144682598,0.88496148,1
VARS2,81.68864608,0.015322916,24.16852633,-0.069772933,0.944374391,1
SMIM25,150.8908113,0.843163289,4.945740165,1.808330031,0.070555151,0.227556789
NTRK2,416.6860433,-0.174376315,1.406044734,1.037770033,0.299377131,0.579539545
BCL2L2-PABPN1,50.65268146,-0.16690315,7.567100517,0.266270623,0.790030796,0.956624432
DDC,24.09142262,-0.312116886,9.155466357,0.427212485,0.669224569,0.877626944
AC091133.1,25.85475286,0.300267226,0.913945025,2.694615157,0.007046997,0.034282592
AL360178.1,30.45027214,0.250769379,1.560032471,0.802548001,0.422236034,0.695711127
AL354733.3,28.95842066,-0.155505869,1.815915658,-0.193527752,0.846545674,0.989702716
AC087286.2,128.9124361,0.096119774,14.88109146,0.167859837,0.866693547,0.998558491
FAAP100,76.27906336,0.241285884,1.412488312,0.686456717,0.49242515,0.750517706
RTL5,24.72865355,0.055705812,1.770514383,1.15914514,0.246397029,0.517637661
AC023051.1,26.07262413,-0.029016994,1.641298766,0.540807802,0.588640065,0.821677139
AC092802.1,38.68100122,-0.05573921,17.87293264,-0.051032775,0.959299404,1
LRCH2,32.6974193,-0.014044139,1.458189183,0.286410619,0.774563642,0.946771054
FAM245B,51.80542303,0.222279259,1.83127288,1.83638309,0.066301019,0.216962662
LANCL1-AS1,24.05336,-0.113693808,1.765515886,15.64027087,3.87078E-55,3.13793E-53
AC026979.2,171.0201402,0.10634467,50.68531652,0.067997401,0.945787703,1
NPIPB13,66.71608126,-1.583445824,3.080360621,-2.158633947,0.030878577,0.118963911
FGR,165.9890949,0.026624655,1.504781517,3.671710975,0.000240932,0.001662569
SLC2A4RG,772.1637701,1.391491749,2.70436104,3.23151403,0.001231363,0.007410453
EXOC6,468.6305905,-0.625802307,0.953905187,-0.517149077,0.605052096,0.832558722
PHF21B,122.6110818,-2.202731294,3.492272538,-1.754297828,0.079379488,0.24863155
NPL,550.2187699,0.04951311,51.39762135,0.089936655,0.928337553,1
FSCN1,127.0848182,2.56935555,2.731898812,4.275798612,1.90453E-05,0.000160323
MIR193BHG,38.91997896,-0.72436106,1.793536112,0.517604885,0.604733973,0.832558722
VPS16,39.96288769,-0.029195367,1.697367124,0.592877837,0.553262911,0.798557888
SLC2A4,14.11141467,0.339795893,1.748380244,1.011018678,0.31200749,0.592238461
SNX31,100.1229523,-0.357451962,3.839342703,-0.630399195,0.528433437,0.779861324
AC092123.1,21.22122101,0.095243969,1.804334803,0.81907115,0.412745821,0.688647342
ERICH5,62.37707626,0.188985504,1.446921058,2.235189442,0.025404914,0.101735662
PLA1A,70.24239098,1.063347716,5.227711196,-2.518144375,0.011797495,0.053382006
RNASE4,339.5219282,6.448213506,4.280309656,0.414932693,0.678191176,0.883764727
RIMKLB,326.4677839,-0.546614464,1.232969367,0.500720984,0.616567502,0.841110878
SPTBN2,220.1783304,1.946596364,1.806764541,1.098477376,0.271996092,0.548532495
C19orf33,392.8717076,6.643403369,2.826446432,5.226918834,1.72358E-07,1.94019E-06
SLC17A1,636.1634339,-2.288826082,10.1583528,-1.218314517,0.223104475,0.488712278
IL33,30.23881859,0.144973825,1.864406298,5.475653483,4.359E-08,5.23026E-07
GEMIN4,28.21940426,0.221473903,1.482377316,1.361997338,0.173198725,0.42058264
AGBL4,958.6177468,-2.057485864,2.074925657,-2.672475805,0.00752938,0.036263571
AP001439.1,33.89339361,0.086515181,5.429559697,0.154092332,0.877536934,1
CSMD2,32.76367401,-0.051104716,1.809262294,1.061139394,0.288626557,0.568589013
CD163,114.7919041,0.121689474,3.011195091,0.90371878,0.366144539,0.648256531
P4HA2,250.6686898,-0.125319298,1.400395842,0.486209796,0.626818427,0.848095002
SPTBN5,17.32337069,0.105442692,1.503689947,0.935329805,0.34961836,0.633027086
NCF1,138.2252932,3.225833911,2.085299514,9.672554217,3.94409E-22,1.0871E-20
CCL5,1109.887144,7.662673178,5.723914596,4.30201638,1.69251E-05,0.000144008
ZBTB39,16.88146907,0.168807058,0.861894648,0.974787899,0.329665481,0.61112277
SHC3,41.40742058,-0.221547154,6.115102589,-0.411730952,0.680536636,0.885027895
DPYS,1614.161981,-3.630858152,3701916.243,0.787888687,0.430761819,0.702194248
SPNS3,88.46560886,0.026722678,1.508446355,1.183716234,0.236525411,0.506345044
IL18,590.6239607,0.033841976,67.42966229,0.021942984,0.982493436,1
HNF4G,190.7479483,-0.924372692,2.661855371,-1.370822397,0.170430327,0.41613297
EFHD1,1255.849271,0.184615372,1.517354511,0.562992795,0.57343979,0.811254885
AF279873.3,19.21051898,-0.036822659,2.909054535,0.976481534,0.328825894,0.609917978
IGHA1,1033.385872,3.703495088,4.294189729,0.908619991,0.363550751,0.646364558
LINC02718,15.24613653,-0.14781598,1.674045796,0.580273945,0.561729895,0.803292069
AL008633.1,345.450973,-0.092987528,54.21930236,-0.034792105,0.972245516,1
SEMA3B,312.1528473,0.944817191,2.689577782,1.142073552,0.253423448,0.525927881
TRIM15,42.45591348,-0.061364966,10.04134571,0.896707533,0.369875,0.651723128
IL1RAP,124.8895528,-0.389327709,1.24625148,0.185945195,0.852487739,0.991612567
ST8SIA4,115.1674157,0.094922798,54.41155731,0.078241246,0.937636153,1
LMO2,232.8991693,2.399915809,2.428276297,2.896282216,0.003776126,0.019765758
PLCB1,2201.978877,-0.863619627,1.202086097,-2.674381407,0.007486725,0.036148367
CALCB,35.32339891,0.135116533,1.488061741,-0.473164604,0.636095748,0.853584043
DDB2,143.747483,-0.111547928,0.183556668,0,1,1
AC023154.1,21.72967803,-0.459330483,3.640866392,0.948129274,0.343063647,0.625975979
LINC00115,19.23062516,0.18173676,1.512688708,1.450203656,0.147001736,0.379932788
AC010198.1,25.21010061,0.158626386,1.409824051,0.453743732,0.650013287,0.864205923
UTP15,46.20119687,1.155905694,9.066886505,6.265871164,3.70747E-10,5.34618E-09
AC005280.2,13.3253462,0.011180787,1.334572296,1.292504746,0.196182403,0.452985076
LINC02331,24.10166523,-0.350618305,2.304808911,0.480278205,0.631029585,0.85080956
RTN2,54.81435095,0.339041015,1.364010241,2.185673369,0.028839511,0.11245544
FAM189A2,80.63675073,-0.083592519,27.95289547,-0.139492596,0.889060907,1
SORBS1,631.6711695,-0.072675494,71.50735115,-0.021004374,0.983242166,1
NSMCE1-DT,33.32102854,0.193815797,1.076466367,0.068576592,0.945326652,1
LCP1,459.765884,4.060779602,4.35724911,4.544508853,5.50635E-06,5.13234E-05
NRG1,419.9691847,-1.376185086,4.366996872,-1.175010497,0.239990516,0.509616665
RFESD,30.94223818,0.10089892,11.89107691,0.050677218,0.959582731,1
CNTNAP1,14.4366416,-0.036467939,1.983743759,0.525779377,0.599041505,0.829237107
OLIG1,51.55028921,0.426816215,1.738665434,0.582129415,0.560479513,0.802217487
AL162458.1,30.37600875,0.063048083,1.336808876,0.031866987,0.974578126,1
MS4A1,45.57576546,0.814789806,3.519865951,1.734237209,0.082876003,0.256580489
CCN1,799.0166256,1.753598482,2.936385827,3.573992608,0.000351579,0.002342321
NRGN,104.1214363,0.311285402,1.700877487,1.28747645,0.197928273,0.455381361
SCUBE1,24.49335364,-0.078174433,1.317126556,1.461384853,0.143909855,0.374911794
HHIP,16.35784106,-0.847027454,2.346452879,0.762348281,0.445852165,0.714118518
ZNF484,63.21437664,0.205586696,0.411477786,0.406783167,0.684167251,0.887595679
GIMAP2,95.09247452,0.528831218,1.031747209,7.053520619,1.74447E-12,2.93186E-11
APOA1-AS,15.03548906,0.013657259,1.089101163,1.184774607,0.236106575,0.505822814
AC010320.3,13.27471783,-0.10249991,2.397785448,0.545356531,0.585508331,0.819632788
CCBE1,140.3427893,-4.228018654,2.339869942,-4.351103504,1.35454E-05,0.000117617
LINC01237,36.52837804,0.014075709,1.591766506,0.361622168,0.717634397,0.91008532
SARDH,79.74624079,-0.024839236,1.756223465,1.103504757,0.269808027,0.545748352
ZNF436-AS1,31.19121452,0.194289957,1.5843673,1.437902013,0.150461858,0.385628467
ECI2,1645.396522,2.669866185,1.484690164,7.193886623,6.29725E-13,1.09262E-11
LINC02224,14.708605,-0.152531168,2.790558694,-0.003846281,0.996931119,1
GPBAR1,29.23256733,0.908141724,3.535082653,1.880726807,0.060009091,0.201429263
FSTL1,189.1133248,0.004653562,55.8279539,0.000826512,0.999340539,1
LINC02267,15.10262118,0.073704933,1.357691639,1.493761546,0.135237956,0.359900844
EVI2B,228.4665348,0.295631557,25.76834666,0.125917586,0.899797162,1
AC015574.1,15.04448963,0.000256299,2.05451229,0.557044209,0.577497224,0.813643456
DNAH11,79.76368903,-0.099304779,1.425737377,0.35736298,0.720820087,0.912118994
AC018730.1,169.4045978,0.140097564,1.388374299,-0.146477206,0.883544683,1
SLC8A1,3759.963649,-0.121342815,112.1970308,-0.033393743,0.973360599,1
LRRC17,37.00005582,-0.042061178,1.473527792,0.44481941,0.656450266,0.86867314
LINC01122,34.6814035,0.0310638,1.580472346,0.481360334,0.630260423,0.85028906
ARHGEF3,993.7997395,-1.063779473,1.083382999,-6.661185971,2.71627E-11,4.18591E-10
MSLN,23.53177471,0.582698295,2.062417677,1.355559445,0.175239383,0.423799029
APOD,178.93604,0.202305154,2.833091143,1.030235531,0.302899454,0.583122712
AC007319.1,352.4943154,-0.977788512,3.238365563,-0.579190011,0.56246097,0.804099137
SMOC2,59.18203595,0.356098436,1.294086996,1.605902206,0.108295399,0.310742865
LINC02609,21.62358819,0.132462162,1.316862269,1.609137843,0.107586204,0.309333533
CLDN11,36.98513697,-0.014642663,2.614390101,0.390866249,0.695896103,0.894809907
AC018647.2,56.51585066,0.382618628,1.498224802,-0.563940121,0.572794884,0.811105904
SCHLAP1,180.5359872,-0.151190778,1.619063776,-0.390677809,0.696035404,0.894809907
RAB13,974.9342954,4.738187973,1.048006981,12.77549518,2.24713E-37,1.16549E-35
Z95118.2,22.8452458,-0.169399842,2.095638131,0.3446112,0.730386685,0.917572646
AC105020.6,14.3571046,0.325038817,1.767085139,1.356194473,0.1750373,0.42362891
IL4I1,76.75035786,0.387865982,1.703068491,-0.797785127,0.424995194,0.697860193
CENPM,29.91810107,0.657872343,1.40946218,3.565294924,0.000363447,0.002409743
TMEM61,196.6543169,3.034015811,2.832928059,2.421172432,0.015470537,0.067257445
AC008537.4,16.22365862,-0.006632272,2.496201198,0.534531589,0.5929738,0.824743116
FSD2,13.27323749,-0.008218793,2.006940524,0.346969667,0.728614107,0.916778439
MGAM,226.4880416,-0.034980107,46.56953349,-0.112669024,0.91029296,1
AL033523.1,35.65914681,0.383489278,1.520607087,12.74034344,3.52838E-37,1.81055E-35
TUBA4B,27.76748244,0.23917612,2.601959842,0.843154343,0.399142129,0.676123639
SDC3,49.68332936,0.04018175,28.61979215,-0.042197192,0.966341501,1
SESN3,403.6490683,0.735288764,0.619765078,1.291536687,0.196517642,0.453406546
SFMBT2,468.9199522,-0.692150574,1.353654513,-0.319177797,0.749591692,0.932366387
LINC02021,52.24744254,-0.104996838,22.52232102,-0.108078256,0.913933616,1
THBS4,72.25574676,-0.336205066,1.280519746,-0.518484154,0.604120513,0.83250996
HLA-A,6819.056791,6.205615499,1.322905147,4.614031659,3.94932E-06,3.74623E-05
AC104211.1,29.01548389,-0.211087544,1.451620186,0.233370662,0.815473593,0.971818869
AC007563.2,71.55118201,0.247010231,1.453409672,1.386092522,0.165718654,0.409870223
LINC02315,51.24390526,-0.141028652,6.569903756,0.015217936,0.987858312,1
CRABP1,94.31966877,-0.049836411,1.475641315,-0.185362068,0.852945058,0.991694039
ZNF547,36.16053014,0.129270781,1.261909475,1.710734866,0.087130068,0.266331992
AC108860.2,20.77861958,0.315901719,1.533257937,1.752683803,0.079656297,0.249171304
SNTB2,403.4460852,-0.102151682,0.644716592,0.463771366,0.64281156,0.858435262
COX7A1,1020.355277,6.208440735,3.026435704,8.401944517,4.39145E-17,9.80656E-16
FOSB,1590.398519,6.195151965,4.154153992,7.973771809,1.53904E-15,3.1257E-14
SDR42E1,33.7887191,0.350063329,1.391722831,1.684959764,0.091996335,0.276993958
THEMIS,191.4492633,0.382607743,3.482011345,1.454814706,0.145720566,0.377894166
MAP7D2,68.2805668,-0.546184901,1.75092199,1.521669484,0.128091918,0.347196291
SLC9A4,151.4109787,1.518691899,2.1360236,0.969954151,0.332069346,0.61339668
DTX1,32.83856913,-0.014886073,1.346671582,0.556243754,0.578044232,0.813845062
MAPK8IP1,70.23863906,0.057094283,37.79035297,-0.001342312,0.99892899,1
AP000757.2,26.77555136,0.195559148,1.095665806,1.295638096,0.195100198,0.451952497
AL162431.1,12.84866498,-0.052433952,1.442779342,0.850467729,0.395065094,0.672732319
CRLF1,80.83380032,0.270016245,1.738119778,2.053387286,0.040035031,0.145962943
SAP30,91.54261213,0.198670169,18.31484476,0.143443398,0.885940011,1
TMSB15B-AS1,17.5530941,-0.095272424,1.428820206,0.547896709,0.583762828,0.818979024
AC005062.1,171.0460241,-0.357954084,1.302925238,-1.060002058,0.289143663,0.568959535
INO80-AS1,21.37620265,0.643743873,0.867019016,0.55205919,0.580907801,0.816555086
SPR,231.2534589,5.95282352,3.376044071,4.83112683,1.35762E-06,1.36285E-05
MIR222HG,229.0022393,-0.019322961,39.07588202,-0.042981777,0.96571606,1
AP005329.1,13.40632672,0.60296234,2.073422216,2.04212812,0.041138824,0.149197833
PPIA,6390.276374,7.087129143,1.456042678,16.03582689,7.18212E-58,6.29872E-56
IGSF21,27.19258578,0.005505826,3.031026604,0.767587061,0.442732552,0.711721535
PLEKHA5,1941.741274,-1.559715273,1.355578244,-2.405487961,0.016150884,0.069619115
LINC00649,76.8359565,0.135141096,1.587062586,0.787918269,0.430744514,0.702194248
DPP4,518.7985956,1.089523919,3.402769375,2.767156143,0.005654766,0.028221175
STARD4-AS1,47.34947409,-0.053351149,1.439254696,0.062474979,0.950184587,1
RNF128,164.5614831,1.20986645,6.254890556,20.03520481,2.71719E-89,4.51944E-87
ALPL,188.6718862,0.107803157,45.17459611,0.121041962,0.903657798,1
LINC01970,15.46903724,0.358132279,1.587606079,-0.084443969,0.93270345,1
GNAI2,739.8251095,2.833717176,1.521904647,5.059359961,4.20666E-07,4.45463E-06
EOMES,25.53746718,0.132728492,87.82304844,0.246525231,0.805275676,0.965875505
AC128707.1,30.48060273,-0.292240497,3.846397293,0.481069282,0.630467259,0.85028906
KCNIP1,133.8404083,-2.388789535,2.246361331,-2.98139979,0.002869339,0.015550852
MDH1B,41.22903988,0.298833773,1.487813769,0.598534844,0.549483117,0.796216468
TWNK,19.06130355,0.235683372,1.772364706,1.373208568,0.169687517,0.415285003
AC131568.1,70.45149532,0.068320289,7.853475618,0.160180587,0.872738821,1
CPE,341.1121285,4.455263954,8.581889015,5.427346242,5.71981E-08,6.80382E-07
PCED1B-AS1,235.8697801,2.134645856,3.012296821,3.4723053,0.000516009,0.00334539
LINC01550,178.0861281,-0.180624892,0.967790441,0.181959169,0.855614769,0.993275052
PLCH1,164.9009294,-0.849788245,2.131677644,-2.776923635,0.005487607,0.027486472
AXIN2,20.93792244,0.224574412,1.737390943,0.549970184,0.582339824,0.817763864
SMPD1,323.6024559,3.416744154,2.808424243,4.327261932,1.50974E-05,0.00013004
LGR6,31.07399857,-0.030309966,1.975279378,1.082392086,0.279078343,0.556829116
LEMD1,15.97483579,-0.042971843,1.966940533,0.627605262,0.530262561,0.781460881
AC027020.2,14.76335099,-0.161928367,2.182823029,0.49364563,0.621556469,0.845124068
DGKQ,30.45499595,0.397133631,1.443705436,1.181326701,0.237472964,0.50710148
PXDNL,149.9911796,-0.105625865,1.392662531,-1.308485684,0.190708627,0.446112057
CCDC8,72.36433827,0.380298852,1.647473796,1.526284954,0.126938914,0.345536034
LYPD1,22.77083059,0.076105772,2.058378302,8.700890048,3.29291E-18,7.71037E-17
TTTY9B,14.97259519,-0.027776199,14.41482555,0.39683923,0.691486019,0.892419849
LINC01331,13.77066229,-0.085645512,2.023709902,0.866841605,0.386028802,0.664647485
KCTD15,49.07942464,0.066177704,2.092096505,0.780170824,0.435290333,0.707062779
CES1,29.40972437,4.1820998,0.806268677,0,1,1
LRP1B,694.6675932,-2.137542246,3.055196904,-2.055408824,0.039839534,0.145360054
GSDME,67.32939108,0.401357161,1.528474082,0.320577372,0.748530688,0.931751683
AC113383.1,56.87825141,0.301072498,1.568910154,9.9573442,2.34236E-23,6.99591E-22
AC108749.1,46.6644975,0.176616925,1.53711909,0.787884029,0.430764544,0.702194248
PRSS2,15.42088682,0.0187553,259.2034009,0.254120532,0.799402442,0.962295402
PROCA1,29.48758526,0.778932645,1.026189255,0.582974934,0.559910174,0.80177855
RNF212B,361.3320034,-0.686277895,4.593378106,-0.629478242,0.529036009,0.780129987
CNTNAP3,48.02433147,-0.11463099,7.716319755,-0.11641245,0.907325669,1
EVA1A,325.3732106,-0.323966732,2.740693279,0.077777614,0.938004954,1
GOLGA6L10,16.36266017,-0.039197,1.565221643,0.485907056,0.627033065,0.848266439
SIGLEC10,33.53080722,0.42347804,2.27071052,1.48559864,0.137385315,0.363615831
LINC02220,26.46571589,-0.404159792,5.762378309,0.036088935,0.971211445,1
CLDN1,185.3509355,2.019534214,2.857633929,1.164300942,0.244302075,0.515027995
AC008056.1,16.75086667,-0.306414175,2.921105516,0.965108975,0.334490232,0.615940146
LDB2,1439.882883,-0.315680834,0.832945893,1.044060255,0.296457513,0.577179743
AP000944.7,13.8431767,-0.01474097,2.003108116,0.588580734,0.556142561,0.799330645
BEAN1,30.75006135,-0.034490247,2.293266995,0.524559307,0.599889581,0.829934718
C6orf132,129.4115951,0.466232516,1.655579946,0.824274918,0.409783367,0.686277712
MORN2,799.8128059,4.853358404,2.435965661,7.3850065,1.52446E-13,2.7748E-12
SLC9A3R2,1188.111624,3.4160307,2.478362462,5.647702635,1.62606E-08,2.04786E-07
CNNM1,21.76461887,0.190704783,1.490534568,0.444389469,0.656761026,0.868866377
APOC1,578.2167712,6.944137048,6.753255824,1.25047426,0.211126352,0.472628464
CX3CR1,46.1850977,0.38070671,1.609952369,1.798445179,0.072106489,0.231290913
FAT3,76.66398101,0.144888945,1.225829028,-0.506334997,0.612621499,0.838292141
CELF2,1088.391348,-1.333003021,97850.92324,1.617395369,0.105792965,0.305930675
RGS20,14.33325966,-0.063344452,2.030507817,0.597319132,0.550294334,0.796502541
CXCL10,72.53776504,4.910598196,4.447366584,1.478652347,0.139233254,0.367090245
AC010149.1,33.60530504,-0.249900946,0.967896777,2.58190164,0.009825758,0.045484209
ITM2B,15668.96573,4.871100867,1.275626622,11.95411223,6.17904E-33,2.6851E-31
AL035634.1,24.14686508,0.011949581,1.593593595,1.185632508,0.235767459,0.505433039
RTL6,58.71662191,0.130829865,30.75837847,0.125682592,0.899983182,1
BX322234.1,27.72391642,-0.173596453,1.192131356,0.90156466,0.367288171,0.649776084
ZNF793-AS1,37.01606766,0.414511914,1.178142174,3.757263769,0.000171781,0.001214048
FAM107B,1890.916834,0.5364838,1.066137347,1.677314292,0.093481039,0.280501271
AL109613.1,43.94029151,0.017521143,2.405129854,0.671841799,0.501684416,0.75834371
KCTD12,410.8928997,4.486102793,2.247222486,8.808676956,1.26632E-18,3.06938E-17
IL1R1,282.3191351,0.049595944,0.728387931,0.927948077,0.353434504,0.636481849
GABPB1,190.951823,-0.335211345,0.668871088,-5.393957947,6.89224E-08,8.11836E-07
AC115618.1,14.41436878,0.819755479,1.396283575,0,1,1
C8orf31,13.05841451,0.199494902,1.640318841,0.942759977,0.345803688,0.628953276
AC009133.3,13.51814078,0.289917958,4.684674507,0.810370893,0.417727041,0.692195427
P3H3,26.75667343,0.281427463,1.552537619,1.147050664,0.251360682,0.523279349
AC005520.5,30.50610412,0.289132727,1.343286219,1.192026464,0.233250869,0.502719198
SPRED1,354.7485202,-0.973851944,2.385874271,-0.527424145,0.59789908,0.828131001
HSPH1,1318.144551,2.537699602,2.157823343,5.557787471,2.73216E-08,3.34481E-07
PAX5,17.71778257,0.027021199,2.612587354,0.381350679,0.702943053,0.899434987
AC034139.1,49.41422997,1.381723796,1.362299786,6.258232691,3.89365E-10,5.60627E-09
CD7,254.8446641,7.563335957,5.357532923,2.707965903,0.006769698,0.033083725
DEPDC7,105.4535841,-0.042278944,5.125060536,0.728565618,0.466267417,0.730801262
OLFM2,44.53178707,0.172422042,1.49765526,0.574265808,0.565787943,0.806465172
GPR173,56.00266532,0.017010245,1.160229804,-0.66099488,0.508615597,0.763913228
PCOTH,14.36190745,0.39346755,2.196810649,0.981423044,0.326384167,0.607725933
DIAPH3,104.5142837,-0.295818469,1.354635243,-0.829483264,0.406831003,0.68360328
RNF157,92.98822465,-0.412342689,1.544124463,-0.875389492,0.381362015,0.660858517
AC092535.4,191.1492195,-0.393900761,1.67452473,-1.827903027,0.067564107,0.219902475
C16orf54,57.26067507,0.608114248,3.576074146,1.926565146,0.054033846,0.185701643
ABCC1,408.8881012,-0.429786476,0.53270132,0.646852916,0.517727141,0.770336979
LINC00862,47.4732139,-0.138801941,8.459174181,-0.194819694,0.845534104,0.98956792
PTPRO,648.2210632,-3.423490334,9.283657331,-2.485642001,0.012931798,0.05789005
CCDC13,47.44248836,0.73602962,1.36662568,1.523994311,0.127510132,0.346406716
SGO2,46.02938862,0.088652539,0.670893962,2.591195414,0.009564316,0.044508905
LINC02235,24.41047014,0.179306305,1.293911489,0.174084745,0.861798862,0.996698594
COL8A1,251.1092217,-1.553437319,3.831426843,-0.63428699,0.525893546,0.777278234
LINC02532,1414.401766,-1.85854139,1.108699111,-3.250648069,0.001151423,0.006977247
SHISA2,19.99025592,0.593625007,1.890755833,1.591627591,0.111468407,0.317021144
TNFSF12,204.5507338,4.871671428,2.205579867,8.345764835,7.07545E-17,1.55129E-15
AC093635.1,19.46383565,0.651409901,1.761845802,0.886071339,0.375579086,0.657212306
AC007342.5,16.02993941,0.046138352,1.283566209,1.263169392,0.20652831,0.467558722
CDRT1,24.47760775,0.027477081,2.036228001,0.238580783,0.811430668,0.970024932
HOXA10-AS,116.2151714,2.71640529,2.475672005,2.101850583,0.035566367,0.132936357
MOXD1,64.09067055,-1.21003236,9.225381766,-0.600691742,0.54804532,0.795275753
HIF3A,167.6318396,-0.23233285,1.696779294,1.18651465,0.23541912,0.505077601
AC107214.1,30.95873264,-0.081013171,9.427394117,-0.18967684,0.849562371,0.989702716
IGFBP3,581.960275,5.097950877,2.252480504,4.134096421,3.56354E-05,0.000288401
CASC15,499.0389245,-1.397383415,1.148069011,-5.919612498,3.22701E-09,4.34184E-08
CNOT6L,968.5300354,0.483936164,0.308994151,3.176811063,0.00148904,0.008796552
GPRIN3,401.9807701,-1.86213957,265.1581628,-0.350433975,0.726013032,0.915487548
AP001267.3,78.31298692,0.219840046,1.084159104,1.666189288,0.095675719,0.284432561
YTHDF3-AS1,61.23701357,4.679945736,2.611265385,4.772535296,1.81921E-06,1.80555E-05
AC073346.1,44.01690856,0.02703283,1.149176995,1.993900562,0.046162923,0.164163486
SLC9A3,52.4437537,0.016492801,1.654117246,0.304027117,0.761107232,0.939321538
KIAA1257,47.67429484,-0.088417375,0.246951791,0,1,1
AC007342.4,18.54313611,0.046901659,2.132973245,0.941049535,0.346679475,0.629888266
AC010974.2,14.71170145,-0.170725931,1.938565425,0.413064226,0.679559558,0.884412399
CYP4F22,23.2358826,-0.110550175,3.255223692,0.664600675,0.506305938,0.762758915
ATP2A3,103.2541641,1.082146738,5.513050119,-1.932878829,0.053251127,0.183818594
SCUBE3,54.25953982,-0.306798641,2.030159599,0.207210627,0.835845368,0.983701386
AC083841.1,17.56738759,0.245282935,6.031456008,0.546300923,0.584859102,0.81922999
KLRG2,46.48424506,0.109463654,1.590174999,0.219248834,0.826456217,0.978490033
COMMD6,3236.995408,6.58115144,2.358073739,9.60438157,7.66165E-22,2.08791E-20
SLC2A5,106.9794787,-0.867695778,2.299854721,3.122489438,0.001793285,0.010352977
MB21D2,200.6531875,-2.274573718,1.983470179,-1.643745782,0.100228725,0.293803254
ZNF470,36.90601207,0.068155952,0.579660686,3.191452472,0.001415594,0.008393507
PCBD1,1959.985346,5.83693641,2.198139134,8.323078711,8.57075E-17,1.85802E-15
AC092691.1,62.72346545,-1.940542497,3.403009671,-0.465025581,0.641913137,0.857573194
NFAT5,2227.535352,0.708041013,0.718810355,3.49646105,0.000471473,0.003066961
FGF13,626.1314935,-2.154955196,6.629690532,-2.402342547,0.016290446,0.07018934
ATP8B2,50.68983098,-0.273041568,1.372129653,0.777621348,0.436792272,0.707358577
AP001207.3,62.00361175,0.276136413,1.572210009,0.7985699,0.424539847,0.69725693
KIF2C,13.62506446,0.066530533,1.387199915,0.833082196,0.404798374,0.681754524
AC113137.1,17.86348892,-0.113249959,83.6926526,-0.303606307,0.761427846,0.939321538
CDKN2D,106.5784582,0.143462644,61.39596869,0.185203732,0.853069242,0.991694039
DGKI,162.7759243,-0.083560534,27.6533723,0.049866351,0.960228892,1
ZNF681,30.67274937,0.028871874,1.585379645,1.155846837,0.247743811,0.518810456
GPM6A,238.4258993,0.083801329,1.242807421,0.731512216,0.464466346,0.729044393
PHLDA1,524.200678,4.270758979,2.298632287,6.367491591,1.92145E-10,2.81278E-09
AL162582.1,16.28996866,0.217983052,5.948917187,0.471439487,0.637326924,0.85418996
SCGN,25.46160933,-0.069154474,3.200033543,0.495026648,0.620581311,0.844512329
DMRT2,224.1260541,0.124817888,1.564331035,1.841071907,0.065611022,0.215069496
MTMR7,33.94691531,-0.046861536,1.095595077,0.739001669,0.459905984,0.724469088
AL139807.1,174.6125903,-0.014237114,28.89687131,0.093821198,0.925251193,1
AC025580.2,71.11051292,0.111042384,1.420062984,1.411404369,0.158125416,0.397766854
MIR3142HG,14.82416003,0.068283083,0.362132477,0,1,1
AL590560.3,23.36506438,0.028489096,1.333691432,0.260482247,0.794491807,0.958656969
AVP,100.9387346,0.609525851,4.189654376,-0.946464486,0.343911728,0.627265306
STXBP5-AS1,54.93724755,-0.087570363,11.72727896,-0.11220586,0.910660183,1
AL365259.1,56.91364852,-0.066346125,1.67899722,0.059681924,0.952408969,1
EFHD2,293.1331968,3.650984208,2.321977678,6.435220664,1.23294E-10,1.8412E-09
GLCCI1,565.6119111,0.19645152,0.811724383,0.439108073,0.66058323,0.872009636
AC139769.2,24.70215738,0.314054433,1.745929923,0.603011458,0.546501067,0.793631762
SIX5,41.46822686,0.903897623,2.465657807,2.288354635,0.022116877,0.091063386
PRKX,489.4606201,0.852924606,0.59420487,5.182819889,2.18556E-07,2.41176E-06
AL807761.4,29.32877999,0.046093402,1.709259206,1.132918583,0.257248445,0.530440286
LAT,111.1010815,0.297394162,1.4204783,0.501157155,0.616260525,0.840936619
WNK4,363.9529311,0.401260638,1.261327813,0.069024967,0.944969746,1
LINC01607,15.26673719,0.186029472,1.428376742,1.395898069,0.162745192,0.405665142
LYPD3,89.21390805,0.765957107,3.454623842,0.66470896,0.506236662,0.762758915
HLA-DMA,704.7830218,4.447569701,31.28555025,7.39676423,1.39543E-13,2.55926E-12
BHLHE40-AS1,66.91078478,0.414957097,1.462336504,0.55967398,0.575701834,0.812373941
FHL5,35.21978018,0.005447213,2.461009802,0.248720627,0.803576892,0.965038147
LOXL1-AS1,42.36009401,0.850107718,0.44653093,0,1,1
AC092171.4,19.88945996,0.249921899,1.564795294,0.799919653,0.42375735,0.696776403
CAVIN3,281.8510459,5.732417496,4.08964307,5.12325321,3.00309E-07,3.23696E-06
SPATA22,24.66251293,-0.035316963,1.548296923,0.623322414,0.533072671,0.783925619
NXT2,58.33883856,0.319701118,14.90808305,0.237746103,0.812078024,0.970185764
AC002066.1,48.03313187,-0.214347766,1.703939506,-0.126286255,0.899505336,1
ZNF646,36.63567258,1.049812309,1.306802445,0,1,1
CSF2RB,18.82546519,0.439933518,1.455862524,2.253418492,0.024232775,0.097936144
MELTF,49.79444963,0.534343129,1.518765586,0.627930667,0.530049361,0.781385419
AL158055.1,19.9363038,-0.256846581,2.34539346,0.517204343,0.605013521,0.832558722
FABP5,454.9280947,4.969379082,4.072605198,3.193267121,0.001406728,0.008356343
ALDH1L1-AS2,35.3248471,-0.095347913,0.90668652,1.502529735,0.132960354,0.35600015
KLKB1,82.26120813,-0.124891635,1.504703485,17.46933972,2.45317E-68,2.68929E-66
CNTNAP2,129.1734898,-0.357011265,1.729076671,-0.012384311,0.990119002,1
ZNF233,17.01287301,-0.020324738,1.361400294,0.546202222,0.584926939,0.81922999
LERFS,59.04899931,0.214503261,1.591893583,1.111739624,0.266250118,0.541652233
ZBED4,123.2333103,-0.456245997,0.485550654,0.796622552,0.425670276,0.698493137
AC068193.1,21.65347598,0.385973146,0.858695535,5.009999151,5.44303E-07,5.67664E-06
HRG,92.2928253,0.53368178,2.173319563,-0.817550582,0.413613855,0.689433951
LINC00910,252.6721222,0.512997108,13.93777812,3.372594499,0.000744635,0.004698167
MAB21L4,88.43514432,0.331799006,1.563634301,1.664171066,0.096078248,0.285220319
MANEAL,14.01239929,2.681292572,1.559705004,1.084240804,0.278258044,0.555846344
KLHL5,552.084727,-0.016735452,0.418135222,0.404697084,0.685700186,0.888270404
SLCO2B1,116.3096212,-0.077406748,1.88213797,-0.998536257,0.318019392,0.598737915
DAPP1,78.4943777,0.168073983,1.221521582,2.618760966,0.008824976,0.04158991
CDC14A,509.3564719,-0.526452757,1.581232107,-2.117530141,0.03421488,0.128883619
RIOX1,40.15080128,3.991693795,0.634744125,0,1,1
NEDD4L,2649.898258,-1.029995301,1.190295883,-2.041969602,0.041154547,0.149198764
KCNIP4,3222.452329,-2.415369604,1.431410851,-4.492575506,7.0367E-06,6.42223E-05
NAV3,175.630763,-1.29236998,13.48293539,-0.630374456,0.528449619,0.779861324
ANKRD28,825.1352544,-0.673673737,0.405092665,-2.018882253,0.043499459,0.156523418
LINC01934,143.7613537,0.004762269,1.524229386,2.265887984,0.023458243,0.095405424
CACNA1A,75.5606114,-0.519608474,1.493158014,3.109415687,0.001874578,0.010751517
TRERF1,279.6638459,-0.510209192,1.993215996,-0.223155749,0.823414291,0.977159219
LINC02061,28.87648522,-0.254525568,8.484872069,0.871393373,0.383539403,0.662800306
CD8B,80.18853131,0.79286271,3.484800688,-0.620466533,0.534950681,0.785489988
AGBL3,157.8929275,-0.035478103,0.956783892,-0.003917103,0.996874612,1
HECW1,155.3315478,-0.467604472,2.148755009,-1.868496316,0.061692923,0.205792403
SYT10,77.34962264,-0.011063443,26.31425084,-0.084131495,0.932951884,1
HIST2H3PS2,15.01105756,0.03981014,5.482864068,-0.182007052,0.855577191,0.993275052
PTGDR,42.59339835,0.055434356,1.824768795,1.762079975,0.078055786,0.245038779
SAP18,3248.180743,7.664962233,3.361503756,8.961430507,3.20493E-19,7.98914E-18
CDKN1A,708.1922582,3.882752101,3.151594887,5.594401623,2.21384E-08,2.74158E-07
AC104984.3,16.59434655,0.063204966,1.379811685,1.339540792,0.180394684,0.431293065
CD248,15.84684285,0.330023762,3.049453324,0.408359033,0.683010105,0.886793033
TRGC1,74.48854127,0.699111142,2.281678557,1.470608774,0.14139695,0.37089957
CNRIP1,56.84132283,0.121049114,1.674569223,1.396303767,0.16262304,0.405571727
DAAM2,75.96346195,-0.634645139,1.3834116,-0.536436777,0.59165672,0.824102111
PLTP,159.5357281,0.319885696,2.040421264,2.629282549,0.008556523,0.040482973
ABCB5,17.23353773,-0.063342884,3.035437352,0.840760248,0.400482261,0.677204622
AP000894.4,31.42162952,4.847300629,1.564701442,9.351498279,8.64148E-21,2.29023E-19
ZNF853,17.20418093,0.296648455,1.642136645,1.457691171,0.144925687,0.376439733
LINC02606,18.40701204,-0.013033465,1.735580885,0.866494033,0.386219297,0.664856809
TMEM117,821.9896056,-1.534653478,1.903950141,-2.575628762,0.010005801,0.046162584
DNAJC27,154.9962159,0.155227611,0.762686602,0.481585427,0.630100481,0.85028906
TENT5A,241.6899863,0.191361807,1.234706561,0.997684477,0.318432383,0.599047816
AL158212.2,15.16487345,0.050463044,1.730016094,0.630227181,0.528545958,0.779884193
MAL,2735.270324,3.532264776,1.201218422,3.414178178,0.000639747,0.00408718
PZP,42.40748906,-0.057348675,1.881303645,1.621914175,0.104821726,0.303655704
HIPK4,30.28254654,-0.018675378,3.013629294,-0.615296916,0.538358654,0.787874294
CTSW,265.6883299,7.409149731,4.722151351,-0.388131332,0.697918846,0.895917912
LINC02562,29.50865437,0.388803971,12.24833969,0.560081708,0.575423707,0.81227868
LY6K,46.99907206,1.023618556,4.486712524,2.448175576,0.014358167,0.063161531
MRC2,76.14290843,-0.462323405,0.79559558,2.149283658,0.031611921,0.121015954
GLS,2876.961797,0.508274344,0.426003586,1.349067252,0.177315366,0.427301997
HOMER1,660.8571966,1.852138636,4.502715835,0.63603263,0.524755155,0.776309305
LINC00426,24.30729023,0.205384609,1.436683,0.503176801,0.614839974,0.840255167
AC083862.2,15.75650814,0.366332713,1.639198087,1.71658625,0.086054797,0.263915252
SERPINA3,235.5217345,0.142515241,10.63973918,-0.03890047,0.968969742,1
EFR3B,47.22470665,0.292547498,1.594848296,0.59604229,0.551146975,0.796899711
SLC25A19,74.04611993,0.162452546,11.23857322,0.080340125,0.935966746,1
OVOL1-AS1,30.79047601,0.539164614,3.078576869,0.750613934,0.452885033,0.719771878
NPM2,36.15116403,0.191844097,1.605592389,1.317693377,0.187606313,0.443152547
GAMT,896.3360563,4.480919143,3.687932615,4.543317294,5.53758E-06,5.15647E-05
AC051619.6,27.58809769,-0.060932327,1.627103345,0.570487595,0.568347033,0.808440553
AL139021.1,47.45241128,-0.285724303,1.586239163,0.057070615,0.954488944,1
FANK1,166.6768761,-0.670127579,1.61048955,-0.862003018,0.388685857,0.667197947
COX7C,13490.43189,8.786401538,5.028192235,7.500317559,6.36634E-14,1.17881E-12
ACAA2,1991.199593,3.654550859,1.719666868,6.905525306,5.0018E-12,8.04206E-11
ATP5MD,6306.545665,5.806369908,2.032529537,11.08477932,1.48717E-28,5.41385E-27
FAM20C,420.520151,0.281451881,1.06555669,-1.820047833,0.068751721,0.222865541
KCNT2,169.3268126,-2.146335107,3.537319601,-1.687127235,0.091578889,0.276081733
DENND5B,523.3949717,-1.652876641,2.331174808,-1.986823517,0.046941958,0.16608174
CD3E,299.482842,6.177703099,5.078844557,-0.469952037,0.638389285,0.85531847
AC019205.1,65.22343217,-0.473147428,1.005702748,0.112419324,0.910490934,1
DGKB,97.79979165,-1.817444691,4.218339733,-0.555162911,0.578783235,0.814320127
JPH2,30.71928993,-0.326892069,2.480028586,0.527645806,0.597745194,0.828091102
AC005306.1,19.18576916,0.033627368,1.343015909,0.870817869,0.383853607,0.662986247
TFPI2,180.5781291,4.230603737,5.287428343,3.425623526,0.00061339,0.003923987
ZNF597,18.93363829,0.158244229,1.575675475,1.518210583,0.12896132,0.348582196
SNCA,294.2735194,-0.044759595,2.130453697,0.406500886,0.684374606,0.887745304
ZBTB20-AS5,177.0922882,0.821016011,1.934799673,0.680519381,0.496175654,0.753244838
SHE,78.4654137,0.493989983,1.704059562,0.219820668,0.826010822,0.978490033
SLC26A8,18.32964999,-0.035309677,1.824573668,0.741819776,0.458196537,0.722776313
ACTG2,32.5526235,0.173464867,3.034613863,-0.127532162,0.898519219,1
NABP1,326.1629661,-1.81416018,69.52747709,2.536211737,0.011205896,0.051136838
ATP1B1,12175.60289,1.581265608,0.75292611,5.302398393,1.14291E-07,1.30791E-06
A1BG,108.9377886,3.153258434,2.106924459,3.697799735,0.000217476,0.001512613
ZFP36L2,2290.626008,3.207213024,1.903949414,5.594486177,2.21276E-08,2.74158E-07
AC007192.2,33.0505116,-0.310650119,1.114256464,1.610201334,0.10735391,0.30896276
GRIN2D,14.3315654,0.112482574,1.621242599,0.65301574,0.513746131,0.768031757
DLG2,1563.605848,-0.338243735,0.320760119,-1.148320516,0.250836273,0.522977636
KIF20B,92.02645413,0.328744069,0.789236337,0.051006278,0.959320518,1
AL034397.3,29.45816432,0.442726403,2.138749186,1.727888702,0.08400818,0.259170744
AC005899.6,15.25290417,0.012953154,1.055944911,1.186302536,0.235502845,0.505090251
UGT3A2,15.43212276,0.166269588,2.383575688,0.527794185,0.597642194,0.828091102
CXCL9,52.97833538,6.134303693,3.915673834,1.572217154,0.115900198,0.325339764
ENG,798.7109364,1.39821749,2.367897521,3.199010905,0.001379,0.008206791
PAX8,2219.599149,-1.615666983,1.006777737,-2.214627767,0.026785624,0.106035113
ARL14,45.3209849,0.463228664,4.401613683,0.555048222,0.578861677,0.814320127
PLG,762.4910895,-0.158010865,9.947630005,0.54623126,0.584906981,0.81922999
PLXDC2,1700.268219,-1.103207639,7.782309627,-0.765322956,0.444079258,0.71269155
HILPDA,85.08692596,1.764180825,2.409589323,2.265175428,0.023501916,0.095542768
EMILIN2,108.0099129,2.3389225,2.531458485,3.172371559,0.001511994,0.008904889
AL023803.1,20.68829327,0.543979516,2.306998725,1.539317759,0.123726741,0.340319671
EGLN3,202.3924009,0.579870134,1.321560203,1.285449508,0.19863525,0.456681187
SEMA3G,81.76652377,0.519164075,1.602664994,2.410922723,0.01591222,0.068713152
IL15,197.1329406,-0.460776561,0.965765965,-0.978622245,0.327766664,0.609220033
TMEM37,665.1832272,2.623456362,2.357359587,3.87945276,0.000104692,0.000766865
TSIX,13.74115281,0.08686849,1.942016687,-0.034945893,0.972122885,1
ZBED9,17.5858461,0.352880124,1.854640392,0.753121173,0.451377102,0.718790839
AC011346.1,157.5188361,-0.077999595,1.247840519,-1.616252405,0.106039753,0.306460603
VCAN,369.28925,-0.03059257,2.655609812,0.653563401,0.51339313,0.767622989
CNP,304.6868218,3.678520279,48.13815785,3.810594648,0.000138633,0.000992867
GPSM2,76.83609533,-0.003250459,36.13562823,-0.156428691,0.875695124,1
LINGO1,1967.045884,-0.512382981,4.113314721,0.169225346,0.865619394,0.99804354
NIBAN1,395.4670678,-0.55811483,1.594886767,2.761836248,0.00574773,0.02862589
ENTPD3,31.73316055,0.030319919,2.648559828,0.153070814,0.878342431,1
CDKN2B-AS1,19.45433114,-0.047366419,1.377779068,1.295989225,0.194979197,0.451929959
LRRC4,20.52989416,0.103900395,1.754421528,0.988251191,0.323029643,0.603810689
C3orf62,44.03291112,-0.329686017,0.611990482,6.399005803,1.56392E-10,2.31043E-09
AC244090.1,271.607716,4.59178732,1.649322355,9.721014764,2.45324E-22,6.89984E-21
F8A1,143.0497942,5.928595946,3.035022293,4.932717228,8.10935E-07,8.2784E-06
SYCE1L,165.9116124,3.373552122,1.901207188,4.02522558,5.69207E-05,0.000441056
CCDC110,27.30057138,0.467801002,1.719981416,-2.171099968,0.029923617,0.115839939
DRAIC,177.134003,-0.22205068,1.791355888,0.190545772,0.848881479,0.989702716
LINC01416,15.0453329,-0.221125599,2.007217171,0.675133394,0.499591019,0.756071313
LAMA5,289.4674077,0.792554391,1.558540246,0.329309001,0.741922141,0.926274479
LGI2,27.41364924,0.444450412,1.665706187,1.666419957,0.095629799,0.284432561
RDH10-AS1,96.74294566,2.429050621,1.972250016,1.696683673,0.089756481,0.271902646
ATP11A,562.6236013,-0.201275154,0.694519437,-1.754194122,0.07939725,0.24863155
FZD4,291.154408,0.574679777,0.648677613,2.657564955,0.007870742,0.037719349
ZNF608,347.7434437,-0.599588733,2.701867084,-2.902875822,0.003697532,0.019396462
EPHA3,47.09976165,0.121365069,1.543036513,0.273523421,0.784450891,0.952378272
SLC25A45,64.46635811,0.411122942,0.443961305,0.117272252,0.906644313,1
PLCB2,40.11970956,0.263747931,3.940273427,1.702758908,0.088613196,0.269754339
STEAP2,125.7365542,0.948404629,1.003121217,3.202578238,0.001362033,0.00812587
RAP1GAP,386.6598637,1.480393588,11.08416321,0.962624964,0.335735765,0.617510567
ECRG4,117.1851068,3.205367199,3.287995783,2.476252781,0.013276954,0.059297581
TMEM198,14.91155161,0.310282169,1.715245017,1.357167846,0.174727885,0.423304848
AL391684.1,27.21361995,0.058857278,1.409482022,0.352922843,0.724146285,0.914496559
SNHG18,274.7319688,0.362086853,2.2366844,-0.69952888,0.484221571,0.744427967
CNTN4,563.6729936,-2.247221956,2.373905365,-2.387350078,0.016970323,0.072696583
FP671120.4,117.4301268,0.051533453,1.644524178,-0.181373761,0.856074213,0.993569289
HBD,317.762191,0.529893351,3.48287723,0.761771225,0.446196557,0.714460567
AC087482.1,331.9295812,-0.439506442,3.495618747,0.316171525,0.75187232,0.933502223
PTGER1,367.1067087,7.148582646,2.072713294,7.076173735,1.48189E-12,2.49927E-11
AC005674.2,17.19650696,0.048418837,1.908039244,0.781568014,0.434468491,0.70620346
CASP8,265.3702406,0.477933411,1.459617344,-0.336604091,0.736415372,0.922383679
GRIN2B,37.1938901,0.001124035,1.607005922,0.750459974,0.452977722,0.719771878
CD200R1,16.72034291,0.198293902,1.996040992,1.102773059,0.27012573,0.54608192
GRHPR,1680.234585,3.016191711,2.67178562,4.985827648,6.16971E-07,6.39992E-06
LINC01781,302.9233665,-2.051289862,3.885901233,-1.384892571,0.166085319,0.410406012
SERPING1,748.0085537,3.115607562,2.346436946,2.689161223,0.007163181,0.03474269
MCOLN2,53.52892821,0.161235258,0.812276902,2.848911776,0.004386904,0.022558884
FAM83E,13.47512203,0.077497023,1.845881744,0.437994966,0.661389933,0.872498475
APCDD1,37.18852676,0.210069601,1.800310307,1.105777292,0.268822926,0.544818229
PTP4A3,133.9277982,0.198039679,10.00815361,0.052492353,0.958136388,1
AC008735.2,21.37970844,-0.17156947,1.520658647,0.401940262,0.687727991,0.889996148
PRAM1,54.27449272,-0.04872831,1.949238973,1.342575396,0.179409502,0.429683084
CHL1-AS2,64.30523454,0.478528019,1.520316118,2.089470613,0.036665381,0.136147393
AC027018.1,86.53716938,0.182149205,1.389278617,1.222680748,0.221450301,0.48652495
SLC35F1,248.7651218,0.435844474,1.422181701,2.187578908,0.02870029,0.112139204
SLC66A1,56.14215572,0.363732015,1.449092266,1.420866714,0.155355511,0.392744921
DMD,376.9764158,-1.262497405,3.660790707,-1.906236869,0.056619481,0.193416477
G0S2,1304.090625,4.41244479,4.578365837,5.434376031,5.49885E-08,6.55716E-07
TSHZ3,89.46716531,-0.633703315,1.632993583,-0.104976442,0.916394502,1
MET,542.6809718,0.772078975,1.394171001,-0.325583245,0.74473969,0.928830484
IL17RC,130.6701491,0.597431652,1.049008642,2.431870146,0.015021091,0.065539787
RGL1,350.1448312,-0.792657369,2.454383215,-0.964281555,0.334904786,0.616334695
TMEM102,46.36557292,3.874287306,2.534184487,5.097500675,3.44167E-07,3.68265E-06
VPS37D,58.97384429,1.162134803,82.24921313,2.246046823,0.024701009,0.099561726
AC104667.2,62.3154079,3.096260535,2.937290068,1.675006429,0.09393297,0.281332308
LBP,13.04121909,-0.100657314,4.493992392,0.238002096,0.811879469,0.970172332
AC004870.4,123.8812215,0.107166589,1.356795322,-0.563892559,0.572827255,0.811105904
DHCR7,98.93978667,3.26891551,2.548807615,3.55996818,0.0003709,0.002454094
SNX32,48.90885793,0.03868734,1.058867915,3.674108479,0.000238681,0.001648217
EYA2,190.0985481,-1.79201645,34.07529659,-1.962355284,0.049721135,0.173412794
PRKCQ-AS1,126.8688005,0.677499666,2.090463226,-0.750934067,0.452692337,0.71969726
AL583785.1,29.04081056,-0.094588049,2.430657183,0.597439259,0.550214149,0.796502541
NR2F1,301.0454716,0.446986809,1.586093506,1.272040286,0.203358806,0.463016851
DEUP1,24.20726594,-0.119162056,2.133370602,0.304017044,0.761114906,0.939321538
SLC16A9,1370.33956,-0.356782567,6.677592517,-0.561234963,0.574637371,0.811821918
AC021723.2,20.5146202,-0.351600854,4.294705585,0.04355405,0.96525988,1
ITGA2B,22.68480838,0.265500726,1.399670173,1.633700854,0.102321679,0.298076015
ADAMTS8,16.95522163,-0.018001571,1.95375223,0.666858119,0.504862765,0.761477657
AL022068.1,182.0281221,-0.088920685,29.61882401,-0.073209444,0.941639452,1
AC092287.1,34.63098013,0.029157137,8.293751733,-0.112783402,0.910202277,1
ZNF883,41.12753845,0.333102598,1.626332103,1.605605417,0.108360635,0.310747634
ABLIM1,1691.590081,-1.094690024,3.669300251,-1.020041934,0.307708574,0.588047664
AL121852.1,12.92109985,-0.064950564,2.636468356,-0.159445852,0.873317616,1
AC021088.1,42.26880988,0.351256841,1.567113158,1.730149115,0.083603637,0.258499567
PIM2,79.87506009,0.882384375,2.434890826,3.272872379,0.001064605,0.006516655
AC092115.3,26.86142495,-0.037524915,1.937409631,0.504709728,0.613762727,0.839139602
TBC1D2B,154.799351,-0.413227341,1.027690142,-0.281316079,0.778467978,0.948456755
TC2N,354.9574848,1.851458536,1.6230907,2.191642251,0.028405349,0.111166896
CRABP2,103.2675109,0.40987283,4.918794549,-0.399189843,0.689753327,0.891247032
PHTF1,266.3483928,0.146516383,0.913301454,0.434568995,0.663875304,0.874082852
ZEB1-AS1,69.02084149,0.530566683,1.193002686,1.729028559,0.083803984,0.258954847
XCL2,101.3821716,10.64310646,7.481543489,0.188076392,0.850816767,0.990565937
CCNJL,71.63588664,0.104901675,1.251113832,-0.334798497,0.737777095,0.923250179
MUC13,73.17235273,0.073756566,2.615335852,0.955130649,0.339511632,0.621257343
FLRT2,91.63640139,-0.829593259,2.219386174,-0.729144347,0.46591337,0.730488051
CCDC74B,19.23535686,0.419205115,1.900999523,0.280406148,0.779165921,0.949139408
BNC2,825.6943648,-1.961413346,0.648384742,-6.393491571,1.6214E-10,2.3844E-09
AL035420.1,12.85456737,-0.057693992,1.675788072,0.817494173,0.413646078,0.689433951
AC079352.1,491.377798,-2.595971322,2.213952537,-1.567595931,0.116975462,0.327565249
XYLB,227.8129112,-0.896536401,7.055166767,-1.305206125,0.191822669,0.447922651
COX8A,6333.244676,8.695939287,3.045946767,9.693182569,3.22325E-22,8.90965E-21
IL32,3221.647958,5.517536678,4.58466356,7.611066692,2.71843E-14,5.11202E-13
LINC02731,15.28664623,0.259738478,1.92709193,0.550927018,0.581683705,0.817407532
SEMA3F,122.5190653,2.192172572,3.338878429,3.03084221,0.002438727,0.013474453
AC007376.2,24.42082812,-0.066311607,1.381584195,1.171983434,0.241203707,0.511180177
PGLYRP2,16.61575857,-0.020836911,1.528458115,1.781627654,0.074809972,0.237727767
AC005208.1,334.8870825,-0.970945379,3.024412149,-0.966806292,0.333640879,0.615064696
KCNJ5,19.8113976,0.42107863,1.470785178,1.614362095,0.106448908,0.307366842
SFXN2,265.7215125,-0.652167923,3.368321302,0.35107915,0.725528969,0.915441894
HDAC2-AS2,42.68616332,-0.059998099,2.321570103,-0.053390492,0.957420781,1
AC022916.1,20.38814159,0.300103946,1.119844938,0.112051416,0.910782639,1
ADM,502.9569212,0.152355769,1.691282422,3.890433923,0.000100065,0.000735208
EMX2,1031.287577,1.72859446,1.007059961,16.25598763,2.02577E-59,1.8612E-57
AL139275.2,25.11401024,0.176878093,2.175411792,0.663952021,0.50672102,0.762870868
Z84485.1,26.29401125,-0.005285812,1.677482974,0.423950237,0.671602106,0.879825612
ACAA1,2250.909996,1.813190292,5.517221022,6.486650672,8.77655E-11,1.32293E-09
FOXO3B,14.49310224,-0.077904579,1.274483285,1.407918005,0.159155351,0.399524244
PRR35,87.35009946,2.167699773,2.519893786,1.968999648,0.048953131,0.171508617
GIMAP6,105.1075808,4.648541558,3.654723292,3.15523879,0.001603668,0.009376112
CCDC134,77.61965695,0.024877336,0.868716404,0.980332369,0.326922082,0.608257921
AC015712.2,24.26117403,0.040562882,2.179160274,-0.240694649,0.809791787,0.968997937
MILR1,27.93451516,0.030988117,4.350561968,-0.028497101,0.97726568,1
ATP2B4,475.3557051,0.106403916,0.86227806,0.573396601,0.566376191,0.806945963
CRAT,229.9786953,0.401180252,1.712447163,2.236445026,0.025322635,0.101574826
TRIO,1207.20745,-1.445514857,2.462096357,-1.046333863,0.295406916,0.575749747
TSPAN8,416.4198618,1.98184385,2.71767163,2.673066317,0.007516139,0.036231733
ADGRF1,471.2561472,1.211594551,5.88659949,0.262327169,0.793069218,0.95825886
SPINK8,13.42764637,-0.003639405,3.050285923,-0.337907263,0.735433074,0.921631965
TMEM191C,27.03700922,0.289154918,4.20440807,0.271333463,0.786134572,0.953462436
LINC00457,17.01280634,-0.100574008,45.17194856,-0.164281557,0.8695095,0.999388082
SH3GL2,211.6823023,0.218691792,1.236169671,1.625702671,0.104012922,0.301778242
AC074033.1,23.30913972,-0.081883076,1.844772655,0.266391937,0.789937374,0.956624432
FAM167A,39.22185238,0.331644598,1.436879828,-2.039222759,0.0414278,0.150020267
ENPP6,171.2286637,-0.34632041,3.731580667,0.382741742,0.701911261,0.898651352
FAM160B2,91.05794443,0.6872179,0.525600949,1.829916801,0.067262381,0.219142245
TSPAN4,362.3050854,1.775332151,1.808348592,5.062544934,4.13697E-07,4.38564E-06
AC104126.1,52.99364981,-0.079802702,1.945527968,0.283673336,0.77666073,0.947601602
BRCA2,35.71189351,0.501775153,0.734938303,5.678752544,1.35681E-08,1.73136E-07
AHNAK2,15.05547725,0.107233061,2.257324675,0.44497021,0.656341282,0.868668452
PGM2L1,116.0975021,0.204555207,1.247087364,1.5908242,0.111649145,0.317254581
TRIL,23.67912435,0.436282692,1.524837841,0.745988113,0.455674596,0.720948966
DNER,143.1844552,-0.569956789,1.558978508,0.071848158,0.942722747,1
CADM1,759.722945,0.317395898,0.862098287,-1.038936023,0.298834491,0.579539545
XAF1,202.3026004,0.023755548,42.84578865,-0.012979822,0.989643891,1
AQP9,53.41344233,0.079402615,1.82155281,1.574349594,0.11540665,0.324373281
ENTPD2,27.73229204,-0.109492635,1.36467044,1.234801906,0.216904238,0.479983676
ITGB5-AS1,24.32094252,-0.718712814,1.691594524,1.217872905,0.223272274,0.488857836
AC010136.1,31.15911697,0.069117284,1.66847867,1.146815361,0.251457939,0.523368876
TGFBR2,1364.887759,0.555415754,0.788406258,2.412554687,0.015841161,0.068467598
COL25A1,165.0774749,-0.626549208,1.977043557,17.43006796,4.8788E-68,5.17206E-66
MLF1,349.8915441,1.421863168,2.748232161,3.024414481,0.002491149,0.013724696
LINC01703,14.59132736,0.178829192,1.314493807,1.56240292,0.1181931,0.329820948
ST6GAL2,13.96040778,-0.268245338,11.60033177,-0.140405566,0.88833956,1
BARX2,104.8925485,-0.880644013,5.354341375,-0.074216828,0.940837856,1
KLHL29,319.44193,-0.333558804,1.693009948,-1.863546533,0.062385412,0.20744036
DCLK2,211.39219,-0.070739233,55.84116483,-0.033973008,0.972898675,1
ATP6V0E2-AS1,23.63556859,0.244232371,1.499691413,1.325749699,0.184922619,0.438228427
PHACTR3,50.0045382,-0.182188453,1.95634543,0.608823493,0.54264144,0.791003622
DIP2C,1084.088779,-1.96587706,1.235875614,-2.291159343,0.021954199,0.090548167
PDE2A,108.6161788,0.873266357,2.349791521,2.339254476,0.019322267,0.081362685
AC073172.1,46.89299817,0.154255746,1.782556859,0.429528339,0.667538775,0.876701632
ZNF575,21.61347953,0.143386516,1.28251045,1.293048613,0.195994246,0.452887982
KCNE4,67.03225242,0.348438596,1.458996714,1.612195773,0.106919345,0.308079725
GSTA1,9191.982527,6.790934442,67.69083952,3.50943559,0.000449059,0.00293302
AC019077.1,18.43042673,2.07497717,2.140094332,4.1063971,4.01878E-05,0.000321203
FAM106A,100.6630084,-1.541052257,3.089450891,-1.290981177,0.196710205,0.453444049
EVA1C,456.5311944,-0.052155349,0.687605971,-0.347016288,0.728579082,0.916778439
CEL,79.15212879,-0.071457297,1.650023103,1.294327512,0.195552317,0.452613533
AC109454.2,18.2642657,0.077186607,1.083615688,1.528408007,0.126411268,0.344975814
AC016590.1,37.29244934,-0.195594121,7.150208856,-0.271483699,0.786019035,0.953442177
CNTNAP5,122.9003128,-0.060759467,28.97246329,0.156715797,0.875468837,1
SUSD4,239.8285649,0.628378625,3.115168693,-0.587422448,0.556920021,0.799971328
ZNF512B,76.39086544,-0.035564284,31.02218034,-0.007990797,0.993624335,1
CYP2B6,70.98054704,-0.232477773,3.015276822,0.857636416,0.39109326,0.669187067
LTC4S,202.2590153,3.403613038,1.720471612,5.571537748,2.52501E-08,3.10302E-07
SYNJ2,219.8315165,-0.015848486,34.90215066,-0.05226116,0.958320601,1
ABCB4,18.04846135,-0.138942686,2.260744555,0.681723568,0.495413762,0.752757373
SOX13,179.9114207,-0.854704082,1.204930767,-0.90949174,0.363090616,0.646359222
SIGLEC7,14.32499343,0.593080431,2.650723507,1.348952405,0.177352254,0.427301997
RASGEF1A,18.95496692,0.115166594,1.603887178,0.893927983,0.371360425,0.653028439
CNST,363.6884902,-0.024711847,0.846210127,-0.366337515,0.714113239,0.90811552
ZNF503-AS2,90.04437021,0.38291508,1.293398357,3.09584354,0.001962539,0.011216003
MTHFD1L,387.0047333,-0.812684578,1.711350227,-0.888007329,0.374536809,0.656102523
SMAD9,141.8862939,0.163318741,1.387792245,0.914608625,0.360397129,0.644805976
DDIT4,1118.330516,3.81592979,6.412428653,11.5052291,1.24159E-30,4.82969E-29
ZNF385B,342.4284165,-1.202041673,7.108233059,-1.265211411,0.205795553,0.466692454
FGF14,292.7855068,-2.017421565,2.439338669,-1.607914121,0.107853989,0.309847358
CENPBD1,38.47691852,0.440844193,1.014008564,5.129938975,2.89836E-07,3.13458E-06
TNFRSF8,17.81700997,-0.035318438,2.184261456,0.892460268,0.37214628,0.653814453
CNTD1,34.83362622,0.733825147,1.524734508,2.753755493,0.005891576,0.029281833
ITGB8,1054.225314,-0.167740961,0.878486571,-1.856737856,0.063348459,0.209575646
PGAP1,230.9528039,0.415502057,0.492899266,1.99026206,0.046562075,0.165202037
FUT1,16.25199192,0.362600725,1.721757647,1.458540111,0.144691728,0.376136108
CCDC51,136.651564,3.44712979,2.334702804,3.864007114,0.000111542,0.000812723
HBEGF,241.7378046,1.328271997,5.123687084,-0.614783177,0.538697921,0.787874294
LGALS2,2361.474202,4.45594642,25.4033691,2.650326432,0.008041403,0.038441734
AQP4-AS1,122.1946788,-0.209053226,23.058491,-0.06919712,0.944832716,1
GNG11,1081.003554,6.571428529,2.329302095,7.728517718,1.08806E-14,2.10351E-13
SHISA6,92.98537724,-1.363305631,2.484798309,-1.464138273,0.143156172,0.373815833
C1QTNF3,78.49062136,-0.106181984,1.164419007,0.027811891,0.977812182,1
C1orf53,88.59704867,6.89762378,3.156151239,0.319854954,0.749078287,0.932313022
AC112206.2,28.82769446,-0.154820964,1.812186145,0.162540962,0.870879874,1
DPF3,91.20795701,-0.287577262,1.705720519,-1.589208642,0.112013296,0.318101933
OXER1,29.52836936,-0.023693524,1.690502499,1.383872414,0.166397525,0.410861767
AMPH,38.2428426,0.079010003,1.328620614,0.394957919,0.692873944,0.893364734
IGSF22,37.02463328,0.434384418,1.70420049,2.948265277,0.003195627,0.017155378
ATP6V1C2,318.015658,-0.198788455,1.285475434,0.155263015,0.876613972,1
AURKA,32.29284733,-0.201264277,0.294110064,0,1,1
CTSL,1272.576257,4.57354907,1.750090733,7.256462929,3.97344E-13,6.99484E-12
SNRK,519.4976665,1.46307389,0.862291675,-0.332721984,0.739344153,0.924491646
KIAA1549,237.9939342,-0.916735025,2.623358317,0.878636707,0.379598286,0.660173908
OLFML1,16.2169908,0.105907387,2.066486639,0.690105054,0.490128125,0.748725489
GPC1,98.16030194,1.733866974,2.814302134,2.366739776,0.017945546,0.076231034
NR0B2,184.938984,0.567710776,2.155809094,2.312344826,0.020758688,0.086430326
AFP,372.2583394,0.497115938,4.176699424,0.96951396,0.332288819,0.61339668
TBXA2R,40.9969997,-0.150160639,1.927736577,1.672562139,0.094413525,0.282420862
HIC1,27.52793992,0.390809466,1.275986075,2.689561706,0.007154592,0.034718485
PDE6B,44.28531856,0.056033231,6.458425145,0.175872367,0.860394215,0.995708133
AC093297.2,34.86970664,0.080198469,1.594268083,1.262882871,0.206631276,0.467558722
BTNL9,223.6777163,0.114197341,2.191806332,0.940589469,0.34691528,0.629906213
STOX2,768.5793841,-1.037487086,3.280814877,-3.348890126,0.00081136,0.005092509
AOAH,553.9369386,-0.344483129,0.943463734,4.509049836,6.51186E-06,5.98285E-05
LINC00607,16.18018199,-0.06984275,2.074501675,0.927173299,0.353836564,0.636933726
SREBF2-AS1,30.29542041,0.280507769,2.416821685,1.148556694,0.250738823,0.522967073
EPHA4,299.2411958,0.163131984,0.884247852,-0.002828758,0.997742981,1
ANKRD36B,131.3739832,-0.092142386,31.0286045,0.024948427,0.9800961,1
RETN,21.97892492,0.805272568,6.831117689,0.169345294,0.865525051,0.99804354
ATP6V1G2,32.53136376,0.262676651,1.149961886,2.046600138,0.040697361,0.147986221
AIM2,20.55904271,0.257121488,1.975111815,1.218376466,0.223080944,0.488712278
GALNT8,19.22124199,-0.253477508,1.243972805,0.233560041,0.815326552,0.97177789
TENM4,269.8632831,-0.095306773,57.82447029,-0.108140204,0.913884477,1
AC093110.1,48.31405858,0.443252975,1.672781509,1.650938009,0.098751234,0.290443034
AC097654.1,17.85715481,0.2387096,2.036210492,0.67169953,0.501775001,0.75836181
MAML2,2956.558669,-1.548472018,0.692859544,-3.626875634,0.000286871,0.001953033
GPR161,23.38688891,-0.008070032,1.601661309,0.793571454,0.427444956,0.70009533
SLC12A6,367.2871757,-0.721269078,2.277373107,-1.423395346,0.154621581,0.392292808
SLC38A1,831.7737869,2.48293794,0.655770363,13.32672325,1.61852E-40,9.40593E-39
AC005082.1,50.17327269,0.419421626,1.701673719,1.775376111,0.075835806,0.240022316
MIS18BP1,250.5617282,0.366653149,0.624076203,0.086447688,0.931110539,1
AL391883.1,56.68847094,0.220899705,2.368159305,0.515443783,0.606242944,0.833584048
AC068533.3,51.33387898,-0.230703419,1.089076196,1.556427051,0.119606577,0.332041625
TMCC3,226.7165058,-0.158481391,0.576262131,0.44012152,0.659849097,0.871756263
AL157400.3,29.22318056,-0.099482522,8.034609199,-0.181741737,0.85578541,0.99335361
ARIH2OS,38.17483595,0.140129867,15.08377439,0.140705377,0.888102697,1
NLGN4X,47.14455772,-0.1876098,7.377358349,0.116399706,0.907335768,1
STAMBPL1,62.08247912,-0.028622559,48.15634238,-0.159466444,0.873301394,1
FGD3,171.4781392,0.71999147,1.012138228,1.372113665,0.170028056,0.415782169
ZDHHC11B,19.79750832,-0.199624959,1.700448842,0.808017143,0.419080714,0.69323394
PRR5,244.6964736,0.159915142,0.173651556,-9.710787854,2.71232E-22,7.57216E-21
FPR2,22.27360873,0.462476391,2.958037266,1.466260259,0.142577398,0.372547502
SIAE,210.90311,0.612705709,1.600154707,1.658986069,0.0971186,0.287305468
TMEM233,59.83792439,0.009380937,2.008087612,0.235381161,0.813912907,0.971296655
CHCHD10,4783.604449,5.250654478,1.233296249,15.12364144,1.13111E-51,8.32963E-50
LRRC4C,105.1639801,-0.159936755,1.828939931,0.660154592,0.509154629,0.764127987
GRPEL2,68.78731117,0.388751687,1.440280085,2.362770537,0.018138897,0.076883101
CBLB,1140.298989,-0.66302551,0.688432616,-1.312676704,0.189291911,0.444414472
LRRN1,25.80194545,-1.074151523,5.246929787,0.591334366,0.554296408,0.798819457
USP51,76.97606066,0.243346032,1.197737908,3.469334785,0.000521749,0.003378061
MPND,112.5854596,1.780835513,2.293844808,3.051917198,0.002273848,0.012701687
PCAT1,815.7604579,-0.241252133,5.04105618,-3.158978576,0.001583231,0.009273486
TDRD1,13.34047356,0.051924374,2.356614954,0.298953144,0.764975797,0.940691079
LINC01116,204.634929,2.18087438,2.615344581,19.15954477,8.05749E-82,1.23382E-79
ATP5PD,2912.546027,6.142152141,2.359538294,10.87213623,1.56493E-27,5.43054E-26
GK-AS1,35.61957881,-0.049544625,1.631596145,1.410163422,0.158491434,0.398375941
TMEM158,23.68238358,0.569641683,2.35088189,0.945508338,0.344399416,0.62781957
CCNI2,20.0669994,0.251011184,1.807002989,1.72057472,0.085328024,0.262319773
BOLA3-AS1,17.51745712,0.362826695,1.795047369,1.615131589,0.106282202,0.307006277
ELOB,4732.970716,7.602558114,3.222363718,8.11672565,4.7893E-16,1.00222E-14
CLP1,54.36359093,0.344810908,1.225294903,3.975753423,7.01568E-05,0.000535022
CORO2B,79.80884448,0.131137222,0.99742124,-0.005339733,0.99573953,1
LGMN,1109.534529,2.422482616,3.777882342,7.167489233,7.63857E-13,1.31823E-11
AL589693.1,116.173091,0.339889243,1.671872604,0.297570242,0.76603119,0.941748807
IGIP,66.84859548,0.451859024,1.305410291,1.719938371,0.085443645,0.262340815
SERPINE2,477.1756055,1.394163693,3.469609978,4.06983876,4.70457E-05,0.000370792
IL34,43.4156273,-0.079692735,9.100017601,-0.04802297,0.961697936,1
IER5L,271.4043568,4.480504216,9.802955123,5.345285119,9.02748E-08,1.04548E-06
AC010538.1,19.41019608,0.099539866,1.37007646,-0.215643974,0.829265276,0.980382613
AFM,362.5330304,-0.22500743,42.93134149,-0.156396445,0.875720539,1
CX3CL1,222.5572178,1.971017309,1.643636957,4.171202647,3.02996E-05,0.000246667
TMTC1,622.6845132,-0.657171711,1.37507858,0.317425409,0.750920829,0.932560922
EFEMP1,294.812963,0.153632201,1.184520055,1.155657068,0.247821455,0.518810456
TAFA5,31.41382953,-0.118451421,1.92686407,0.692782133,0.488446286,0.747231418
RAG1,25.36282714,-0.040729127,2.152821276,-0.017924738,0.985698894,1
LRG1,30.84102672,0.458381851,2.259441869,0.000317286,0.999746842,1
ZNF408,38.36902796,0.315024805,1.523640664,1.818188618,0.069035309,0.223614437
AC005323.2,25.73170147,-0.145768537,3.131063967,0.086544934,0.931033238,1
AL590062.1,26.81364477,0.372139726,1.580661899,1.228879225,0.219117092,0.483490984
NRAD1,83.82065575,0.10540417,1.126551764,0.047345631,0.96223776,1
MRPS30-DT,91.88366416,-0.048561192,26.99845157,-0.084322896,0.932799709,1
AC008403.3,26.37264149,0.053614948,1.908120481,0.86706243,0.385907804,0.664647485
LGALSL-DT,61.64428706,-0.276758634,1.388371892,-1.43313134,0.151820307,0.386887037
TMPRSS3,30.68479638,0.363728013,0.927588855,5.357539683,8.43628E-08,9.8054E-07
APLNR,50.68183185,0.155166259,5.050356231,0.514528869,0.606882282,0.834344217
NPFF,13.07476545,0.02903008,1.716062486,1.092105641,0.27478667,0.552033946
SYTL3,913.3330007,1.579941195,2.285929878,3.692476307,0.000222081,0.001540198
AC099066.2,13.94014507,-0.189862765,4.640961037,0.435319635,0.663330435,0.873723198
SERPINB5,16.58976822,-0.00034691,32.43326023,-0.053625419,0.957233604,1
TNNI2,13.74885595,0.528560757,2.674238397,1.487835905,0.136794174,0.362841188
ZBTB3,27.35192848,0.147974327,1.553720405,1.5869717,0.112519054,0.319350196
AC005363.2,14.89227349,0.286855328,0.361394995,0,1,1
SLC22A17,131.5378238,3.047889611,1.471131405,7.101613274,1.23309E-12,2.09062E-11
MFSD9,50.46900231,0.387989243,1.525683938,1.187619178,0.234983479,0.504549637
BAIAP2-DT,52.88096333,0.538850135,1.671794323,2.938112934,0.003302167,0.017590285
LIMCH1,1478.019592,-0.562002589,0.790742036,-1.554496421,0.12006605,0.333029667
AP003469.4,12.91541631,-0.004162225,1.36673133,1.141876884,0.253505198,0.525927881
NCKIPSD,74.28919193,0.461621948,0.240917658,0,1,1
LINC02603,23.96909285,-0.518975534,1.986871605,0.647261846,0.517462491,0.770245432
PEAK1,658.6476666,-0.507720549,1.615358051,0.142881596,0.886383694,1
AL161457.2,39.10906886,-0.052121463,1.472543598,-0.11048208,0.912027061,1
SLCO4C1,327.8168295,0.152803484,0.972974087,-0.405694913,0.68496678,0.887811808
PCOLCE-AS1,13.52908779,-0.095733361,1.490539055,0.804737545,0.420971149,0.694681607
MMEL1,18.74827504,0.574781215,2.114237692,1.596779746,0.110314812,0.314781783
SPOCD1,17.47793005,0.018087502,4.842227445,-0.028897882,0.976946035,1
MYH8,90.6223661,0.516188422,2.504916925,0.778268648,0.436410654,0.707106451
MAST4,1780.820712,-0.534462919,0.234111544,-19.11725535,1.81406E-81,2.73441E-79
COCH,160.2126509,2.619286124,2.239529167,3.956486474,7.60602E-05,0.000575492
SOD2,2538.961987,1.573006585,0.405609855,17.76233747,1.38351E-70,1.53411E-68
MNS1,128.9050332,0.606021643,1.601020194,0.350231877,0.726164685,0.915487548
SVOPL,113.8472827,0.137598111,1.430973584,-1.713885817,0.086549698,0.264977766
EEPD1,188.2089143,-0.038825085,50.00595605,-0.062299818,0.950324073,1
PLB1,70.88023781,0.161779928,1.475169908,1.770741641,0.076603674,0.241659793
WT1-AS,34.95396077,-0.311644595,8.793223475,0.116697221,0.907099993,1
LINC02672,251.59371,3.569500186,2.437158547,4.4831539,7.35478E-06,6.66212E-05
FZD1,103.2939035,3.538627546,1.696538818,4.066145515,4.77971E-05,0.000376407
GUCA1B,19.79787035,-0.112686507,2.585727131,0.478117325,0.632566702,0.851214128
SIPA1L1,1375.22921,-0.550359808,1.521766535,-1.199953209,0.230157513,0.498502364
PSMB10,467.7868708,5.619273158,2.716875772,6.749003467,1.48864E-11,2.32754E-10
AP000779.1,28.9747014,-0.471348761,1.675919811,1.722563591,0.084967474,0.261628222
PCDH12,48.37020621,0.323455987,1.68262803,1.379137171,0.167852465,0.412553562
PMFBP1,17.00345219,-0.165985044,1.482999966,0.428252772,0.668467099,0.877091779
AC116345.3,92.9621232,-0.227354597,1.97876374,0.768030672,0.442468963,0.711545991
AC135178.4,26.92448791,0.09500465,1.884118389,1.011750107,0.311657551,0.591959125
RHEX,1115.167105,-1.146347528,9.804149056,-1.312020038,0.189513374,0.444826159
JAM2,118.9593296,0.474334894,1.451546689,1.078693045,0.280724587,0.559304026
AC016383.2,51.79487223,-0.70457659,8.066937214,0.202760967,0.839321868,0.986204716
EPHB2,80.38132642,0.071520457,1.013965371,-1.707415475,0.087744856,0.267779693
AL034417.4,13.22209879,-0.062555975,1.506302047,0.869327851,0.384667834,0.663539102
MROH6,22.06515425,0.26433729,1.433209252,1.489142975,0.136449723,0.362126679
GDPD3,175.0642067,-0.505647374,2.290218466,2.129572597,0.033206915,0.126021681
ASMTL-AS1,65.03349713,0.059091713,1.256005782,-1.226350524,0.220066796,0.48469963
AC124254.2,14.16283353,-0.29683451,7.049286085,0.362823916,0.716736425,0.909494719
TSTA3,293.1105507,4.006248741,2.664747581,5.408919517,6.34061E-08,7.51448E-07
SYTL2,627.3422742,0.430971638,0.622568035,-1.84759819,0.064660492,0.2129379
AC093673.1,67.42756801,5.302599274,2.655445655,5.097077549,3.44937E-07,3.68506E-06
IGFBP4,1437.529929,2.351967905,1.845220085,6.164056509,7.09046E-10,1.00296E-08
SLA,275.057287,2.710588158,3.680282381,2.151139298,0.031465206,0.120597873
AC034102.5,28.29918798,0.196959764,1.514298539,1.103676357,0.269733555,0.545748352
GAN,242.787378,-0.438464368,2.318626678,-0.205904909,0.836865191,0.984181214
AL596214.1,24.80805552,0.140821035,1.102944075,0.226192164,0.821051965,0.975454225
PPDPF,6239.533212,7.446331971,2.478756473,9.808451209,1.03546E-22,2.99971E-21
THRB-AS1,97.2272758,-0.040784573,14.02686782,0.019739169,0.984251444,1
DBNDD2,227.3591926,4.75592989,2.029612667,6.832573002,8.34049E-12,1.32555E-10
SERPINF2,247.6027794,0.464482316,2.165021435,1.463523759,0.143324117,0.373815833
LTK,20.74690693,-0.063516507,1.799755675,1.195189087,0.232013161,0.500860408
AC126121.3,33.60217392,-0.004180398,1.853429691,0.882706763,0.377394727,0.658359301
LINC01378,13.9767446,-0.106984256,2.294362106,0.520702052,0.602574344,0.831502603
FMO5,266.2025226,-0.013983764,1.272431684,0.300325488,0.763928894,0.93997827
DACH2,94.30944646,-1.849185254,3.169739462,-1.089142378,0.276091104,0.553731993
ITGBL1,38.68524224,-0.375223173,3.984960417,1.330565848,0.183331906,0.435528462
RHBDL2,54.81117013,-0.370246483,1.631964698,0.358726135,0.719799975,0.91139051
PPP1CB,467.927533,-0.036834908,41.71617472,-0.028442561,0.977309179,1
AL451165.2,157.3503526,4.733751029,2.501642192,5.371116441,7.82507E-08,9.15011E-07
ATP8A2,39.79741813,-0.290127648,1.513972914,1.303143167,0.192525889,0.448622524
SLC9B1,58.40521556,0.365681599,1.489325003,-0.365511296,0.714729776,0.908551608
MAP2,181.53619,0.02407919,1.066248744,0.167857849,0.866695111,0.998558491
NEXN,160.7030484,-0.960054605,3.158923613,-0.05614088,0.955229578,1
FAM201A,18.08700126,0.352432211,1.785647337,1.639975232,0.101010317,0.295710216
CASTOR1,145.3461019,0.189207435,23.43095468,0.074697692,0.940455244,1
FGD4,1793.787634,-1.409036239,1.335158305,-3.567833414,0.000359945,0.002394753
AL136962.1,104.6464363,-1.380997841,3.207801598,-0.715344125,0.47439643,0.736539507
CHST13,31.79779281,-0.04240262,4.00052279,0.475411868,0.634493437,0.85214509
FCRLB,58.68475428,0.730871666,2.493325849,3.156067333,0.001599119,0.009355188
CYTOR,689.7920387,1.452031068,2.578791525,4.088067778,4.34981E-05,0.000345371
SELE,50.02181493,0.328064576,2.522262241,0.467747332,0.639965289,0.856156586
SPTBN4,61.31486802,-0.062860768,2.758245072,-0.219509096,0.826253495,0.978490033
PLEKHA4,93.74366485,-0.124673677,1.022604632,1.372387247,0.169942918,0.415679343
ABAT,522.4963022,-0.125115633,2.344671115,0.173862793,0.861973294,0.996698594
LONRF2,106.5638663,-1.284491599,3.628702045,-1.07780598,0.28112035,0.559801607
ZNF540,112.9945479,0.277766439,0.574034846,0.082372104,0.934350819,1
NCALD,355.2323286,-0.216247369,2.931730329,0.349255463,0.726897531,0.9157715
TCF4,849.0032241,0.140285384,2.884218709,0.288452277,0.773000556,0.945377328
IGLC3,1027.67649,5.259104554,7.655232977,1.090353769,0.275557339,0.553006375
SLC35A4,203.6861579,4.306754917,1.43078418,5.097411164,3.4433E-07,3.68265E-06
CR1L,41.15170636,0.063171885,0.951511323,2.086112596,0.036968425,0.137061643
AC138649.1,25.72926749,0.277785942,1.613972446,0.942005749,0.346189697,0.629418018
AL357153.2,79.31604847,-1.291669645,4.194390559,-2.490816493,0.012744993,0.057266393
ADAM15,168.1024681,0.101340394,44.45478053,0.074132551,0.940904914,1
Z93403.1,181.879263,-2.896228753,3.252969949,-1.822867378,0.06832348,0.221924784
PCDH9-AS2,21.47399196,-0.01283654,1.414017471,0.743394187,0.457243063,0.722289803
AC077690.1,25.59286226,0.011484275,1.590441444,0.381288063,0.70298951,0.899434987
CXCL14,5604.510857,4.924705783,4.414668723,2.556468788,0.010574056,0.048575198
AL355512.1,22.50809717,0.023972837,1.612942873,1.225786281,0.220279111,0.484835178
TLE4,619.5518127,0.518948552,2.055158167,-0.71072865,0.477252402,0.739963665
CKS2,538.4158309,6.400891077,4.264781037,6.891191744,5.53269E-12,8.86609E-11
RCSD1,251.589845,-0.1269837,0.983350943,3.937472307,8.23444E-05,0.000615796
MATK,83.63588607,0.36621305,8.66386959,0.391308033,0.695569562,0.894687942
ARHGAP42,405.8046164,-1.313826315,3.891851151,-1.826671408,0.06774919,0.220356181
NPAS1,20.97897991,0.080094091,1.388674557,1.484817559,0.137592159,0.363857335
LARGE2,110.8230067,0.549978437,1.453516299,1.470565777,0.141408585,0.37089957
SLC43A1,58.78236395,0.00426995,18.75678552,0.008682134,0.993072746,1
PLA2G7,25.53483337,0.151673003,2.277174501,2.905191541,0.003670284,0.019264
ZNF501,18.01370285,1.057802873,2.831341827,5.491522935,3.98483E-08,4.8052E-07
AC005740.5,12.93588739,0.101961556,1.777620682,0.65382915,0.513221884,0.767485896
PIK3CD,150.4972795,-0.267852267,1.465406382,0.619495555,0.535589949,0.786069716
NAV2,917.1255502,-0.156673317,2.206672875,-1.527413606,0.126658195,0.345356588
LINC01739,31.03968013,-0.176215593,4.033059131,0.936497847,0.34901692,0.632294128
EFNA5,1364.131232,-2.097570375,2.067480565,-3.544080193,0.000393985,0.00259085
NET1,286.4364104,1.262572947,4.93029669,3.114576619,0.001842091,0.010584069
MCTP2,299.8436114,-0.314603478,1.421946246,-0.098348171,0.921655828,1
PHYH,1321.689588,2.256744707,1.509601591,9.822987369,8.96468E-23,2.60489E-21
IRX3,106.6700209,4.148106913,2.31643574,2.953912763,0.003137727,0.016882126
CHDH,381.2224384,0.052271329,1.499698891,1.093138592,0.274332954,0.551581911
CTXND1,46.16405101,-0.113717272,2.194566932,0.135068392,0.892557801,1
TGFB3,33.11007999,0.305092194,1.838212877,0.288849604,0.772696471,0.94534848
SIGIRR,1048.808214,2.65223801,0.600528441,16.61684322,5.2632E-62,5.07741E-60
AC090559.1,47.41279567,0.130245853,1.397390892,2.620212722,0.008787493,0.041453764
ERVK9-11,14.62946588,0.035641148,1.801641907,1.206245777,0.227722738,0.495007043
ZSWIM4,281.9643829,-0.552093642,2.106765212,-0.463086993,0.643302013,0.858834005
THSD7A,1912.264573,0.649696222,2.20508342,-3.548579089,0.000387316,0.002552209
AL445242.1,49.45066419,-0.156014783,3.908432141,0.437973135,0.661405758,0.872498475
GMPPA,153.5712832,2.043483671,2.480092913,3.243972049,0.001178753,0.007114641
IFI27,2288.11984,6.090664141,3.037479618,7.609544559,2.75063E-14,5.1525E-13
KIAA1324,24.70034058,0.056265844,1.25028824,1.493454187,0.135318338,0.359916185
AC011246.1,250.8958052,-1.831652807,8.576735403,-1.517728135,0.129082948,0.348715543
KIAA1211,64.47062407,-0.495422195,2.453975473,0.06930197,0.944749258,1
NHS,1253.391097,-2.713093618,3.725039733,-2.181650291,0.029135352,0.11333417
IL10RB-DT,15.48627188,0.28558973,1.756552791,1.409494087,0.158689121,0.398561298
ZNF610,36.03467106,0.151895029,1.370167606,0.376115021,0.706831387,0.902554916
ST5,312.5234481,-0.80287604,1.943120227,-1.18047926,0.237809655,0.507439317
MALRD1,225.5007124,-1.16476277,38.55936101,-1.038712414,0.298938506,0.579539545
ADORA2B,14.72742534,0.033977994,2.184249752,0.562382145,0.573855681,0.81150881
BGLAP,53.83229898,0.349308539,0.993713022,5.046440657,4.50117E-07,4.73531E-06
NRG2,91.19388643,-1.132469303,12.52984222,-0.548698072,0.583212669,0.818364018
ACE2,235.3387962,-0.351219811,3.37860471,0.894615032,0.370992914,0.652806565
AC087521.2,18.05107944,0.096646739,1.664735774,0.995652192,0.319419167,0.600318858
HIST1H3D,16.7413253,0.644507593,2.607419511,-0.234132567,0.814882064,0.971681245
AL162586.1,33.06183503,-0.10192201,19.63407222,-0.250343161,0.802321981,0.964195105
DIRC3,224.8717101,-1.685796978,1.87725694,-2.439506849,0.014707324,0.064462314
PLIN4,16.34187145,-1.814369305,1.346089061,0,1,1
HOXC-AS3,107.7862805,0.465831431,1.911425488,-0.772096743,0.440057131,0.710023606
MVB12B,181.999871,-0.75476997,2.078627987,-0.748335067,0.454258078,0.719966184
MND1,24.92118133,0.012604773,1.18017596,1.274124932,0.202619144,0.46233523
AL021707.1,88.2220251,-0.276230772,1.590638121,0.554998387,0.578895764,0.814320127
LINC01170,15.89311359,-0.09554178,5.753055189,0.492626332,0.622276638,0.845507427
AC026471.2,20.0981077,0.38367758,1.617075359,0.880858353,0.378394492,0.659387945
AL110292.1,185.3680617,-2.49765727,4.352125831,-1.662003982,0.096511976,0.286213044
EMID1,72.74749549,-0.688085541,3.071750205,1.395163583,0.162966516,0.40602737
AQP3,1554.868928,6.644220574,1.448047667,8.889375557,6.14533E-19,1.5085E-17
STX11,144.087698,0.434826041,1.613172782,0.292488074,0.769913477,0.944011905
AL450992.3,16.86769166,0.204474928,1.413680203,1.66046954,0.096820031,0.286675245
SLC14A2-AS1,32.05788933,-0.023873179,2.204871453,0.235361881,0.813927869,0.971296655
LINC01702,58.68629823,0.127006628,9.606662557,-0.006484934,0.994825808,1
REG1A,108.6928596,0.421113919,231.7334611,0.733883188,0.463019935,0.727128977
GFOD2,179.1827688,-0.256233138,1.116457764,0.310524228,0.756162338,0.93567927
TMEM229B,32.75228662,0.433878398,1.583575187,1.314908551,0.188540638,0.443825735
PPP1R3D,46.21463897,0.431630965,1.816730828,0.345227177,0.729923589,0.917468777
HMGB2,683.1105648,4.239242759,0.824129536,15.31022053,6.5342E-53,4.88647E-51
PTER,541.6373827,0.012635234,1.076060735,0.533050171,0.593998851,0.825352404
ARHGEF38,362.8253402,-0.806044874,2.042509186,-1.486465357,0.137156074,0.363301659
PTGS2,53.81707287,0.401015813,1.655776598,2.066302434,0.038799932,0.142754745
OST4,4085.795095,8.422117592,3.486541791,8.514583426,1.6719E-17,3.77725E-16
CD109,246.4246922,-0.437004213,3.338741036,3.565805606,0.00036274,0.002406709
AC108488.3,17.73006334,0.35087023,1.539712773,1.291796431,0.196427652,0.453406546
CDC42EP3,348.022246,0.962392925,2.454497254,3.176583842,0.001490207,0.008798059
AC091132.2,13.2902627,-0.185498723,2.870259003,0.293595371,0.769067113,0.943557222
TMEM225B,15.67484808,0.192477505,1.625774497,1.352311074,0.176275823,0.425452306
WWOX,3265.650119,-1.708366248,0.933310493,-5.262381885,1.42201E-07,1.6158E-06
RAPGEFL1,31.89035782,-0.46235155,1.382377651,1.349853714,0.177062911,0.427031476
CAPN5,88.9878222,0.394029978,1.049897684,2.37724624,0.01744244,0.07438869
HFM1,73.69405777,-0.174940359,1.823440719,-0.684402469,0.493721057,0.751346704
AL359555.4,31.65572006,-0.049012413,4.264176879,0.429327911,0.667684607,0.876705241
COL24A1,71.35501993,-0.078493597,1.376973593,-0.418399857,0.675654791,0.882338723
CCL23,33.85628219,0.148267763,70.06567012,0.348154435,0.727724205,0.916256253
PREX1,263.7322164,-0.619778517,1.720947545,2.285473234,0.022285094,0.091638663
LINC00482,30.77892813,0.004511628,2.169732505,0.955842851,0.339151635,0.62103261
MELTF-AS1,16.47734659,0.253307246,1.500105077,0.214692586,0.830007003,0.98089888
AL354863.1,38.09991314,0.113557318,1.775245556,0.816143766,0.414417915,0.690174581
AL109920.1,141.8283785,0.04311049,1.776763428,1.26796532,0.204810336,0.464895366
AC078778.1,21.74324153,0.015675165,2.229579896,1.113425291,0.265525818,0.540863084
ERG,326.8659339,0.066773406,0.972358016,1.183514424,0.236605333,0.506345044
AC023157.3,57.93089656,0.176695519,16.74891566,0.162994981,0.870522386,0.9999916
TMEM106A,140.2375118,-0.534378277,2.194611196,-1.905889175,0.056664586,0.193490312
AL590399.1,18.91730752,0.166174435,1.687965899,0.518326515,0.604230476,0.83250996
SAMD9,132.5068626,0.09671939,42.73114901,0.071642428,0.942886475,1
CARD6,42.89463528,0.081429654,7.021401289,0.136105599,0.891737801,1
SNTG1,254.2362206,-0.908490249,8.492464237,-0.278262388,0.780810947,0.949991576
AC127526.5,98.98832015,2.941015534,2.266235965,3.310221168,0.000932223,0.005783378
AL358472.5,13.11674339,0.144603265,1.810445899,1.033354705,0.301437935,0.581943518
GRAP,26.56753343,0.190506669,2.220672778,1.128312701,0.259187882,0.532564648
AC092338.2,22.20472115,0.110925322,1.648405565,0.478124297,0.63256174,0.851214128
ADAM12,71.00892201,-0.135492968,2.232702885,0.126451601,0.899374458,1
AQP4,16.19885352,0.174760905,2.275903645,0.908916336,0.36339429,0.646359222
GSTP1,6435.809202,7.209844796,1.647900408,10.17758926,2.4967E-24,7.6951E-23
ASGR2,13.97010805,0.04612501,1.948261667,0.748996461,0.453859338,0.719966184
C7,235.7400551,-1.525461513,6.751607692,0.073048837,0.941767255,1
TACR1,66.32736536,0.252689796,1.041610512,-0.448051288,0.654116183,0.867250706
DGKG,159.8213398,-0.007412158,34.25689236,-0.011326515,0.990962942,1
TRIM59,52.38089936,0.205639645,1.334487109,1.881791217,0.059864369,0.201013424
NOTCH3,204.6196626,0.008164737,8.244545225,-0.011966716,0.99045217,1
GALNTL6,72.96239253,-0.22450542,1.922915745,-0.022495293,0.982052867,1
CLIC2,96.2861824,0.224032395,1.409964578,1.252020561,0.210562372,0.472241775
AC010976.2,15.27697786,0.14533449,1.896783036,0.561107385,0.574724334,0.811821918
GADD45B,2597.051775,4.510523959,1.931612262,7.109857994,1.16162E-12,1.97292E-11
ANO4,36.6162249,-0.266484055,3.419489855,0.056184561,0.95519478,1
ITGB4,96.52001196,0.379670654,1.828072202,0.969928028,0.332082368,0.61339668
AL354920.1,33.38370006,2.822630283,2.426898156,2.090062264,0.036612207,0.136002295
FCER1A,94.93148815,0.584633483,5.702957228,0.910275677,0.362677143,0.646359222
TMEM154,96.41579686,0.359669123,1.750853913,-1.695842917,0.089915632,0.272124034
HSPB6,31.48233625,0.367095821,1.963831907,0.536023489,0.591942317,0.82425917
TMEM250,84.85836055,0.093922058,65.02342205,0.112646566,0.910310766,1
AC130650.1,15.16873109,-0.003217042,1.486054953,1.094812349,0.273598855,0.550679774
CAPN8,55.70263374,0.086707214,1.600296704,1.534146743,0.124993556,0.342537872
MAN1C1,324.9760036,1.036889418,1.142861876,-0.039604303,0.968408596,1
FMN1,510.2797464,-1.300222509,2.273988879,-1.442290763,0.149220365,0.383585953
AL022162.1,116.4901339,5.993644121,3.255656509,4.947958557,7.49959E-07,7.67217E-06
CLEC4E,70.63056611,0.737600478,2.785426304,-0.333796477,0.738533142,0.923836777
RASL12,20.77722405,0.104272647,2.509788064,0.094400716,0.924790847,1
SLFN11,77.00508786,1.926858883,2.381570745,1.448464645,0.147487147,0.380735484
LINC01725,458.6067114,-1.866918223,2.372935699,-1.638819602,0.101250836,0.296030761
POLE2,49.38841752,-0.159093085,1.076274945,0.844760965,0.398244313,0.674903066
AC073050.1,21.04397058,-0.166968501,2.023476642,0.648821969,0.516453456,0.770019575
ATP6V1B2,777.3203823,0.747434134,2.547209659,4.752144981,2.0127E-06,1.98128E-05
MORN3,36.77825664,0.179501043,1.28174603,1.480162843,0.138829794,0.366427092
FAM245A,75.71298702,0.432202955,1.309114546,-0.781146804,0.434716157,0.706249034
ZNF256,19.4859203,0.012480706,1.159747666,1.879910147,0.060120325,0.201662299
GLI2,30.33621375,-0.332823524,3.295260546,1.472183815,0.140971247,0.370450683
PIK3R6,15.1808949,-0.303806405,1.739410286,0.207470437,0.835642478,0.983701386
NAT8L,89.04030818,0.374985443,1.612441456,1.830939728,0.06710954,0.21882882
CDC37L1-DT,120.4422295,3.592478722,1.276874073,0.739693532,0.459485974,0.724172715
SLC51A,70.55944172,-0.705066178,3.049317902,1.294821273,0.195381892,0.452401579
NAGS,55.7364759,0.352908092,1.736378528,1.655740112,0.09777446,0.288693584
PDE10A,1747.119361,-1.687298155,2.136884089,-4.227477672,2.36326E-05,0.000195862
PVALB,502.9460716,4.217767056,4.758247216,3.902805756,9.5084E-05,0.000702893
CERS6,470.2102093,-1.448395553,1.106690745,-8.397067969,4.57765E-17,1.01988E-15
KHDRBS2,97.14396334,-0.202464545,10.57775363,-0.280208633,0.779317444,0.949139408
SYCE3,15.13400389,0.518300939,2.123744708,1.499639117,0.133707909,0.35710969
PPFIA4,19.08420961,-0.230719181,1.308712581,0.38289689,0.701796217,0.898623322
RTTN,223.6225392,-0.006011167,1.227201615,-1.459070658,0.144545661,0.375959017
MDH1,3111.356632,4.088005243,2.283007639,6.370336971,1.88613E-10,2.76528E-09
MYOM3,121.0140513,-0.248529361,4.535738441,-0.055777361,0.95551917,1
CACTIN,41.11843097,0.158455183,1.682709751,0.615241904,0.538394978,0.787874294
UQCR10,4648.986396,7.996263878,3.771557161,8.031594475,9.62139E-16,1.97065E-14
FAM124A,76.13712097,0.056915621,1.687870113,-0.047372736,0.962216158,1
ANKEF1,51.78985103,0.043152312,26.37816226,-0.071810887,0.942752409,1
TIMP3,3982.944961,1.098563966,1.258674895,7.764142856,8.21992E-15,1.59552E-13
KIAA1211L,123.5476073,-0.329909374,0.834198776,0.087916365,0.92994315,1
CAMKMT,994.1811904,-0.597226488,0.819810407,-2.127253668,0.033399012,0.126452225
ZKSCAN7,23.3840742,-0.168804438,9.692678272,-0.061496093,0.950964126,1
ZNF341-AS1,17.90917483,-0.125700685,1.020325577,2.337076973,0.019435182,0.081731125
CRIP1,2190.642506,6.914135101,2.811155382,12.16185459,4.96192E-34,2.25791E-32
AC093525.4,84.99233908,-0.45904396,1.879345778,-0.112405605,0.910501811,1
PSTPIP1,56.00548635,0.43033606,2.025699005,1.97635935,0.048114092,0.169462083
AP1S1,567.2715377,4.590726321,2.947498952,5.640871127,1.69192E-08,2.12802E-07
AL133383.1,14.83244895,0.028426622,1.646733503,1.039827157,0.29842021,0.579259948
AC079140.6,41.05251973,0.308944201,1.504952326,-0.001034854,0.999174306,1
ASB15,55.59413393,-0.015566288,1.619143185,1.313817834,0.188907515,0.444052338
TMOD1,102.0559117,-0.943049856,6.136113793,1.812115896,0.069968291,0.226125327
ACSM1,28.44641223,-0.077817662,13.364386,-0.197006459,0.843822483,0.98843449
SSTR2,114.9628671,0.428066951,1.658154085,2.047906939,0.040569119,0.147662043
AC023194.3,77.08266602,-0.734625811,2.013868512,-1.075713998,0.282055185,0.560796862
HUNK,194.4914968,0.830120196,1.012207835,-2.614127429,0.008945567,0.042076002
KCNJ1,815.4678427,1.020756636,2.279753709,3.763458294,0.00016758,0.001185221
HDX,142.1323148,0.253621951,1.073416674,-0.592607871,0.55344361,0.798557888
ZBTB9,19.68608689,0.52365944,1.282248775,4.368128791,1.25316E-05,0.000109902
PPFIBP1,1241.713152,-0.053607753,0.566325201,-1.843175819,0.065303344,0.214279375
AC004918.1,53.3625546,-0.481259616,1.684500702,-0.293602316,0.769061806,0.943557222
GXYLT2,49.7969351,-0.153438137,1.693862524,0.375239315,0.707482493,0.903027734
AC067930.3,15.94959522,0.057277758,2.072934001,0.868112928,0.385332514,0.664159865
AC100849.1,34.90995763,-0.09107996,2.301393108,0.929526923,0.352616079,0.635829405
GNGT1,285.9427529,-1.805332207,2.093163333,-2.273396983,0.023002268,0.093964874
KRT1,45.30378974,0.147219031,1164.072917,0,1,1
LINC01376,179.1643391,-0.953339591,1.557788539,-5.831793053,5.48349E-09,7.27637E-08
C12orf56,45.95462472,-0.302840005,1.581024067,0.965426348,0.33433131,0.615866745
PIFO,74.00034527,3.621233216,2.558529084,-0.301096546,0.763340875,0.93997827
ZGPAT,878.843912,1.31219728,4.683210485,3.372218794,0.000745652,0.004701506
AC099482.1,20.24065806,0.035515974,1.886520652,0.334395201,0.73808136,0.923511139
LINC00882,348.5736429,1.62305481,1.643095249,-1.994665847,0.046079337,0.16397173
PEPD,3321.149782,0.573389334,127.5127889,5.092020102,3.54269E-07,3.77639E-06
PPM1N,39.68550501,0.37661378,2.033848101,-0.59001536,0.555180352,0.798956463
C11orf80,467.4229448,-1.912612885,1.2157256,-2.739283023,0.006157334,0.030399081
SLC38A4,63.35085257,-0.028935405,16.57882076,-0.064793796,0.948338181,1
GRIK1,55.86666823,-0.330863019,1.650594597,-0.141007635,0.887863911,1
LNP1,33.60823839,0.42051274,1.636344842,0.705895069,0.480253394,0.741162133
NUP62CL,75.00393867,0.186513728,1.005164676,0.921389774,0.356846966,0.640823283
LAT2,108.3220603,-0.004083628,1.495288105,2.671765011,0.007545347,0.036322335
DTX4,46.44428299,-0.066628648,1.949793543,0.2297103,0.818316891,0.973883919
CTBP1-AS,72.34421545,0.305618912,1.550147808,1.739346889,0.081973764,0.254522338
BEGAIN,14.7800242,-0.249655401,3.968599421,0.319142788,0.749618239,0.932366387
AC064807.2,117.5277963,0.123834428,1.054937485,3.583741981,0.000338707,0.002270676
AL158198.1,16.389185,-0.015617969,1.729861455,0.68094569,0.495905856,0.753149212
NALCN,34.09784646,-0.533418489,3.460911876,0.390257021,0.696346501,0.895090566
AL450992.2,21.6436162,0.122431607,1.476026618,0.583721864,0.559407455,0.801753635
CRB1,50.82123566,0.01326848,1.608027867,12.19542172,3.28797E-34,1.51766E-32
ZNF563,70.92927692,0.233365476,0.733635376,2.810519037,0.004946166,0.025139972
AC233723.1,23.67512806,-0.005889156,1.874347006,1.018977337,0.308213726,0.588338247
UCHL1,399.7381394,0.781478853,2.77158346,3.149595705,0.001634965,0.00954175
DBNDD1,41.23989361,0.076610546,18.01679318,-0.024308742,0.98060634,1
FIGNL1,28.46118077,0.366025275,1.007126389,2.505426669,0.012230376,0.055176885
AL138733.1,32.85394874,-0.062395928,1.998183045,0.727438619,0.466957304,0.731147618
SLC45A3,19.72822988,0.431022257,1.272182588,0.444716123,0.656524916,0.86867314
OVGP1,16.51431879,-0.181459582,2.220144593,1.270106535,0.204046684,0.463926081
AC090115.1,38.83077317,0.035701031,1.089057129,-0.739725604,0.459466509,0.724172715
AC013640.1,17.23741409,0.107028181,1.224538527,1.509148729,0.131260779,0.352623987
ETV2,41.08594036,5.085412941,2.951899227,3.891727214,9.95331E-05,0.000733534
AC008443.5,129.9425894,3.744882882,2.532707327,4.558155118,5.16049E-06,4.84273E-05
IGF2BP3,27.489151,-0.125831876,2.709038964,0.833183596,0.404741193,0.681754524
BOLA2B,30.46264915,5.694692597,2.2719225,3.026507586,0.002473966,0.013637915
LINC01503,168.6506385,0.015612171,47.95517917,-0.035573758,0.971622233,1
AC025580.1,16.70885433,0.103220605,1.60962671,1.108084384,0.267825375,0.543710309
MCF2L-AS1,18.99195704,0.471714531,1.767067259,2.059234053,0.039471822,0.144510312
AL031599.1,20.80638478,0.005015083,2.024634115,0.892119172,0.37232906,0.654016468
UPK1A,357.084498,0.09747126,12.75425567,-0.212894372,0.831409352,0.981310964
GATM,8925.235316,4.747510928,7.315493568,7.676917252,1.62963E-14,3.11925E-13
LINC01410,15.55812642,0.376456224,1.762374044,1.195448916,0.231911684,0.500860408
TMEM178B,315.9862586,-2.474270016,2.152178776,-2.710610171,0.006715953,0.032854362
TMEM173,195.9169845,0.176028967,28.55333564,0.062757142,0.949959894,1
LNCAROD,32.88779391,-0.044692135,2.260660664,0.590210664,0.555049424,0.798956463
UNC13C,170.9406872,-0.200145947,1.354437368,-5.182653554,2.18751E-07,2.41176E-06
EDAR,27.25752267,-0.267852248,1.26089774,-0.098391256,0.921621618,1
AGR2,183.1024494,2.777394462,3.471148579,1.526765786,0.126819262,0.345405257
TRAF3,387.208012,-0.647614889,1.241791382,-3.138688937,0.001697055,0.009868287
NDC80,28.38963737,0.01904636,1.882155403,1.004021672,0.315368168,0.596252581
LPA,12.93666128,-0.417681699,4.592540645,0.796061472,0.425996307,0.698759787
FHL1,233.8602167,2.697538902,0.893096991,4.399474904,1.08513E-05,9.61478E-05
UNCX,16.84406535,0.456571155,1.79039791,1.355021486,0.175410712,0.424107051
NOD2,14.65704192,0.096966794,2.472156628,0.809690519,0.418118068,0.692479264
BHLHE41,74.65756217,3.011918853,1.909080179,3.256408448,0.001128313,0.00685875
USP53,1121.833495,0.449256897,0.665499098,0.588687042,0.556071232,0.799330645
AL357873.1,55.65107461,-0.183443027,1.545654822,-0.021310304,0.982998124,1
AL034417.2,38.68445889,0.102153281,1.571413039,0.914472927,0.360468397,0.644805976
BTBD19,56.03637407,-0.043013375,7.702497078,0.266948202,0.789509043,0.956232736
HSPB1,6965.037338,6.280295022,2.599271726,12.57849412,2.77265E-36,1.40041E-34
CCL21,63.92323854,0.268642298,2.473111835,0.093902334,0.92518674,1
LINC01950,22.34657791,-0.137323152,1.829151199,0.21172831,0.832319,0.981680881
TNNI1,39.24386094,-0.096276388,3.474335786,0.207247923,0.835816243,0.983701386
TFAP2E,18.43213649,0.009325225,1.977054779,0.623033378,0.533262588,0.784085381
ZFR2,14.0966138,0.110111846,1.367321762,1.390292595,0.164440045,0.407917304
HLX-AS1,15.7128369,-0.071072617,1.11538355,0.824498675,0.409656268,0.686256453
AC093495.1,16.62632094,0.043205836,3.960689899,-0.132808007,0.894345222,1
IL16,122.8545328,0.148323792,29.20075661,0.03539325,0.971766167,1
MMP2,57.33792054,0.161359263,1.86607745,1.542907931,0.122853116,0.338521569
DAB1,456.8652397,-1.859979859,1.282908471,-3.206149526,0.001345241,0.008040605
RIC3,261.2563362,0.192380517,1.059068784,-0.123046908,0.902069953,1
ELMO1,738.4587871,0.373532336,1.56630682,-0.159903079,0.872957423,1
GAS6,656.9960041,3.212764355,1.688578901,3.626288919,0.000287524,0.001956094
RTEL1,46.89709,-0.111932816,1.37574971,-0.864762387,0.387169219,0.665541956
MPPED2,758.7232391,0.4883152,1.082839132,-1.668682535,0.095180312,0.283483937
PRDX3,2317.003961,6.041109013,3.719278175,6.978476206,2.98399E-12,4.85439E-11
MSRB3,195.7071144,-0.88383341,3.034710217,-0.459173331,0.6461097,0.860914403
AC104041.1,102.0209631,-0.300495622,12.1996332,0.09700348,0.922723631,1
LINC00685,124.5012816,-0.597965046,1.196595211,0.389658717,0.696788927,0.895420645
AC092490.1,31.67564583,0.097581711,1481.505471,0,1,1
UCK1,141.4492828,0.710215125,2.024167285,3.526412319,0.000421231,0.002760606
FZD2,15.08911369,0.314125497,1.696688888,1.348546133,0.177482793,0.427403021
FAM110D,41.74919842,0.438244448,1.457324647,2.469225268,0.013540595,0.060335389
IER5,290.6157346,5.138064225,6.072942632,3.962924774,7.40371E-05,0.000561948
LINC02795,24.86593667,-0.055051672,1.196846011,0.001272506,0.998984687,1
NME5,320.4596718,0.350692473,1.116867572,-0.029934322,0.976119433,1
VEGFC,119.6545517,-0.525595197,1.522577939,0.333430872,0.738809062,0.924061216
AL365356.1,41.5677728,-0.052215982,1.702036771,0.528836941,0.596918569,0.827724294